ISO-10303-21;
HEADER;
/* Generated by software containing ST-Developer
 * from STEP Tools, Inc. (www.steptools.com) 
 */

FILE_DESCRIPTION(
/* description */ (''),
/* implementation_level */ '2;1');

FILE_NAME(
/* name */ 'Bottom Screen Case.step',
/* time_stamp */ '2026-09-27T00:06:27-07:00',
/* author */ (''),
/* organization */ (''),
/* preprocessor_version */ 'ST-DEVELOPER v20.1',
/* originating_system */ 'Autodesk Translation Framework v15.8.0.0',
/* authorisation */ '');

FILE_SCHEMA (('AUTOMOTIVE_DESIGN { 1 0 10303 214 3 1 1 }'));
ENDSEC;

DATA;
#10=MECHANICAL_DESIGN_GEOMETRIC_PRESENTATION_REPRESENTATION('',(#13),#3286);
#11=SHAPE_REPRESENTATION_RELATIONSHIP('SRR','None',#3292,#12);
#12=ADVANCED_BREP_SHAPE_REPRESENTATION('',(#14),#3285);
#13=STYLED_ITEM('',(#3301),#14);
#14=MANIFOLD_SOLID_BREP('Bottom Screen Case',#1785);
#15=CONICAL_SURFACE('',#1924,3.00001275477032,0.785397863762153);
#16=CONICAL_SURFACE('',#1925,3.00001467696706,0.785397864399044);
#17=CONICAL_SURFACE('',#1926,2.99999262910535,0.785398195603329);
#18=CONICAL_SURFACE('',#1927,2.99999242579022,0.785398152028951);
#19=CONICAL_SURFACE('',#1928,1.99626453418067,0.785503265833512);
#20=CONICAL_SURFACE('',#1929,1.99546933981687,0.785512147062577);
#21=CONICAL_SURFACE('',#1930,1.99484643769089,0.785521932001812);
#22=CONICAL_SURFACE('',#1931,1.9960241976365,0.78551156807792);
#23=ELLIPSE('',#1806,12.7279158973829,9.);
#24=ELLIPSE('',#1807,12.7279158973829,9.);
#25=FACE_BOUND('',#195,.T.);
#26=FACE_BOUND('',#196,.T.);
#27=FACE_BOUND('',#197,.T.);
#28=FACE_BOUND('',#198,.T.);
#29=FACE_BOUND('',#202,.T.);
#30=FACE_BOUND('',#203,.T.);
#31=FACE_BOUND('',#204,.T.);
#32=FACE_BOUND('',#205,.T.);
#33=FACE_BOUND('',#206,.T.);
#34=FACE_BOUND('',#207,.T.);
#35=FACE_BOUND('',#208,.T.);
#36=FACE_BOUND('',#209,.T.);
#37=FACE_BOUND('',#210,.T.);
#38=FACE_BOUND('',#248,.T.);
#39=FACE_BOUND('',#255,.T.);
#40=FACE_BOUND('',#258,.T.);
#41=FACE_BOUND('',#259,.T.);
#42=PLANE('',#1790);
#43=PLANE('',#1794);
#44=PLANE('',#1809);
#45=PLANE('',#1810);
#46=PLANE('',#1823);
#47=PLANE('',#1824);
#48=PLANE('',#1825);
#49=PLANE('',#1828);
#50=PLANE('',#1830);
#51=PLANE('',#1832);
#52=PLANE('',#1834);
#53=PLANE('',#1836);
#54=PLANE('',#1838);
#55=PLANE('',#1840);
#56=PLANE('',#1842);
#57=PLANE('',#1852);
#58=PLANE('',#1857);
#59=PLANE('',#1860);
#60=PLANE('',#1861);
#61=PLANE('',#1862);
#62=PLANE('',#1863);
#63=PLANE('',#1864);
#64=PLANE('',#1865);
#65=PLANE('',#1866);
#66=PLANE('',#1867);
#67=PLANE('',#1868);
#68=PLANE('',#1869);
#69=PLANE('',#1871);
#70=PLANE('',#1872);
#71=PLANE('',#1874);
#72=PLANE('',#1876);
#73=PLANE('',#1877);
#74=PLANE('',#1880);
#75=PLANE('',#1882);
#76=PLANE('',#1883);
#77=PLANE('',#1885);
#78=PLANE('',#1886);
#79=PLANE('',#1888);
#80=PLANE('',#1891);
#81=PLANE('',#1892);
#82=PLANE('',#1897);
#83=PLANE('',#1900);
#84=PLANE('',#1901);
#85=PLANE('',#1902);
#86=PLANE('',#1932);
#87=PLANE('',#1933);
#88=PLANE('',#1934);
#89=PLANE('',#1935);
#90=PLANE('',#1936);
#91=PLANE('',#1937);
#92=PLANE('',#1938);
#93=PLANE('',#1939);
#94=PLANE('',#1940);
#95=PLANE('',#1941);
#96=FACE_OUTER_BOUND('',#191,.T.);
#97=FACE_OUTER_BOUND('',#192,.T.);
#98=FACE_OUTER_BOUND('',#193,.T.);
#99=FACE_OUTER_BOUND('',#194,.T.);
#100=FACE_OUTER_BOUND('',#199,.T.);
#101=FACE_OUTER_BOUND('',#200,.T.);
#102=FACE_OUTER_BOUND('',#201,.T.);
#103=FACE_OUTER_BOUND('',#211,.T.);
#104=FACE_OUTER_BOUND('',#212,.T.);
#105=FACE_OUTER_BOUND('',#213,.T.);
#106=FACE_OUTER_BOUND('',#214,.T.);
#107=FACE_OUTER_BOUND('',#215,.T.);
#108=FACE_OUTER_BOUND('',#216,.T.);
#109=FACE_OUTER_BOUND('',#217,.T.);
#110=FACE_OUTER_BOUND('',#218,.T.);
#111=FACE_OUTER_BOUND('',#219,.T.);
#112=FACE_OUTER_BOUND('',#220,.T.);
#113=FACE_OUTER_BOUND('',#221,.T.);
#114=FACE_OUTER_BOUND('',#222,.T.);
#115=FACE_OUTER_BOUND('',#223,.T.);
#116=FACE_OUTER_BOUND('',#224,.T.);
#117=FACE_OUTER_BOUND('',#225,.T.);
#118=FACE_OUTER_BOUND('',#226,.T.);
#119=FACE_OUTER_BOUND('',#227,.T.);
#120=FACE_OUTER_BOUND('',#228,.T.);
#121=FACE_OUTER_BOUND('',#229,.T.);
#122=FACE_OUTER_BOUND('',#230,.T.);
#123=FACE_OUTER_BOUND('',#231,.T.);
#124=FACE_OUTER_BOUND('',#232,.T.);
#125=FACE_OUTER_BOUND('',#233,.T.);
#126=FACE_OUTER_BOUND('',#234,.T.);
#127=FACE_OUTER_BOUND('',#235,.T.);
#128=FACE_OUTER_BOUND('',#236,.T.);
#129=FACE_OUTER_BOUND('',#237,.T.);
#130=FACE_OUTER_BOUND('',#238,.T.);
#131=FACE_OUTER_BOUND('',#239,.T.);
#132=FACE_OUTER_BOUND('',#240,.T.);
#133=FACE_OUTER_BOUND('',#241,.T.);
#134=FACE_OUTER_BOUND('',#242,.T.);
#135=FACE_OUTER_BOUND('',#243,.T.);
#136=FACE_OUTER_BOUND('',#244,.T.);
#137=FACE_OUTER_BOUND('',#245,.T.);
#138=FACE_OUTER_BOUND('',#246,.T.);
#139=FACE_OUTER_BOUND('',#247,.T.);
#140=FACE_OUTER_BOUND('',#249,.T.);
#141=FACE_OUTER_BOUND('',#250,.T.);
#142=FACE_OUTER_BOUND('',#251,.T.);
#143=FACE_OUTER_BOUND('',#252,.T.);
#144=FACE_OUTER_BOUND('',#253,.T.);
#145=FACE_OUTER_BOUND('',#254,.T.);
#146=FACE_OUTER_BOUND('',#256,.T.);
#147=FACE_OUTER_BOUND('',#257,.T.);
#148=FACE_OUTER_BOUND('',#260,.T.);
#149=FACE_OUTER_BOUND('',#261,.T.);
#150=FACE_OUTER_BOUND('',#262,.T.);
#151=FACE_OUTER_BOUND('',#263,.T.);
#152=FACE_OUTER_BOUND('',#264,.T.);
#153=FACE_OUTER_BOUND('',#265,.T.);
#154=FACE_OUTER_BOUND('',#266,.T.);
#155=FACE_OUTER_BOUND('',#267,.T.);
#156=FACE_OUTER_BOUND('',#268,.T.);
#157=FACE_OUTER_BOUND('',#269,.T.);
#158=FACE_OUTER_BOUND('',#270,.T.);
#159=FACE_OUTER_BOUND('',#271,.T.);
#160=FACE_OUTER_BOUND('',#272,.T.);
#161=FACE_OUTER_BOUND('',#273,.T.);
#162=FACE_OUTER_BOUND('',#274,.T.);
#163=FACE_OUTER_BOUND('',#275,.T.);
#164=FACE_OUTER_BOUND('',#276,.T.);
#165=FACE_OUTER_BOUND('',#277,.T.);
#166=FACE_OUTER_BOUND('',#278,.T.);
#167=FACE_OUTER_BOUND('',#279,.T.);
#168=FACE_OUTER_BOUND('',#280,.T.);
#169=FACE_OUTER_BOUND('',#281,.T.);
#170=FACE_OUTER_BOUND('',#282,.T.);
#171=FACE_OUTER_BOUND('',#283,.T.);
#172=FACE_OUTER_BOUND('',#284,.T.);
#173=FACE_OUTER_BOUND('',#285,.T.);
#174=FACE_OUTER_BOUND('',#286,.T.);
#175=FACE_OUTER_BOUND('',#287,.T.);
#176=FACE_OUTER_BOUND('',#288,.T.);
#177=FACE_OUTER_BOUND('',#289,.T.);
#178=FACE_OUTER_BOUND('',#290,.T.);
#179=FACE_OUTER_BOUND('',#291,.T.);
#180=FACE_OUTER_BOUND('',#292,.T.);
#181=FACE_OUTER_BOUND('',#293,.T.);
#182=FACE_OUTER_BOUND('',#294,.T.);
#183=FACE_OUTER_BOUND('',#295,.T.);
#184=FACE_OUTER_BOUND('',#296,.T.);
#185=FACE_OUTER_BOUND('',#297,.T.);
#186=FACE_OUTER_BOUND('',#298,.T.);
#187=FACE_OUTER_BOUND('',#299,.T.);
#188=FACE_OUTER_BOUND('',#300,.T.);
#189=FACE_OUTER_BOUND('',#301,.T.);
#190=FACE_OUTER_BOUND('',#302,.T.);
#191=EDGE_LOOP('',(#1149,#1150,#1151,#1152,#1153,#1154));
#192=EDGE_LOOP('',(#1155,#1156,#1157,#1158,#1159,#1160,#1161,#1162));
#193=EDGE_LOOP('',(#1163,#1164,#1165,#1166));
#194=EDGE_LOOP('',(#1167,#1168,#1169,#1170,#1171,#1172,#1173,#1174,#1175,
#1176,#1177,#1178,#1179,#1180,#1181,#1182,#1183,#1184,#1185,#1186,#1187,
#1188,#1189,#1190));
#195=EDGE_LOOP('',(#1191));
#196=EDGE_LOOP('',(#1192));
#197=EDGE_LOOP('',(#1193));
#198=EDGE_LOOP('',(#1194));
#199=EDGE_LOOP('',(#1195,#1196,#1197,#1198,#1199,#1200,#1201,#1202));
#200=EDGE_LOOP('',(#1203,#1204,#1205,#1206));
#201=EDGE_LOOP('',(#1207,#1208,#1209,#1210,#1211,#1212,#1213,#1214,#1215,
#1216,#1217,#1218));
#202=EDGE_LOOP('',(#1219));
#203=EDGE_LOOP('',(#1220));
#204=EDGE_LOOP('',(#1221));
#205=EDGE_LOOP('',(#1222));
#206=EDGE_LOOP('',(#1223));
#207=EDGE_LOOP('',(#1224));
#208=EDGE_LOOP('',(#1225));
#209=EDGE_LOOP('',(#1226));
#210=EDGE_LOOP('',(#1227,#1228,#1229,#1230));
#211=EDGE_LOOP('',(#1231,#1232,#1233,#1234,#1235));
#212=EDGE_LOOP('',(#1236,#1237,#1238,#1239,#1240));
#213=EDGE_LOOP('',(#1241,#1242,#1243,#1244,#1245,#1246,#1247,#1248,#1249,
#1250));
#214=EDGE_LOOP('',(#1251,#1252,#1253,#1254));
#215=EDGE_LOOP('',(#1255));
#216=EDGE_LOOP('',(#1256));
#217=EDGE_LOOP('',(#1257));
#218=EDGE_LOOP('',(#1258));
#219=EDGE_LOOP('',(#1259));
#220=EDGE_LOOP('',(#1260));
#221=EDGE_LOOP('',(#1261));
#222=EDGE_LOOP('',(#1262));
#223=EDGE_LOOP('',(#1263,#1264,#1265,#1266));
#224=EDGE_LOOP('',(#1267,#1268,#1269,#1270));
#225=EDGE_LOOP('',(#1271,#1272,#1273,#1274));
#226=EDGE_LOOP('',(#1275,#1276,#1277,#1278));
#227=EDGE_LOOP('',(#1279,#1280,#1281,#1282));
#228=EDGE_LOOP('',(#1283,#1284,#1285,#1286));
#229=EDGE_LOOP('',(#1287,#1288,#1289,#1290));
#230=EDGE_LOOP('',(#1291,#1292,#1293,#1294));
#231=EDGE_LOOP('',(#1295,#1296,#1297,#1298,#1299,#1300,#1301,#1302,#1303,
#1304,#1305,#1306,#1307,#1308,#1309,#1310,#1311,#1312,#1313,#1314));
#232=EDGE_LOOP('',(#1315,#1316,#1317,#1318,#1319,#1320,#1321,#1322,#1323,
#1324));
#233=EDGE_LOOP('',(#1325,#1326,#1327,#1328));
#234=EDGE_LOOP('',(#1329,#1330,#1331,#1332));
#235=EDGE_LOOP('',(#1333,#1334,#1335,#1336));
#236=EDGE_LOOP('',(#1337,#1338,#1339,#1340));
#237=EDGE_LOOP('',(#1341,#1342,#1343,#1344));
#238=EDGE_LOOP('',(#1345,#1346,#1347,#1348));
#239=EDGE_LOOP('',(#1349,#1350,#1351,#1352));
#240=EDGE_LOOP('',(#1353,#1354,#1355,#1356));
#241=EDGE_LOOP('',(#1357,#1358,#1359,#1360,#1361,#1362,#1363,#1364,#1365,
#1366,#1367,#1368));
#242=EDGE_LOOP('',(#1369,#1370,#1371,#1372,#1373));
#243=EDGE_LOOP('',(#1374,#1375,#1376,#1377));
#244=EDGE_LOOP('',(#1378,#1379,#1380,#1381,#1382));
#245=EDGE_LOOP('',(#1383,#1384,#1385,#1386,#1387));
#246=EDGE_LOOP('',(#1388,#1389,#1390,#1391,#1392));
#247=EDGE_LOOP('',(#1393,#1394,#1395,#1396,#1397));
#248=EDGE_LOOP('',(#1398));
#249=EDGE_LOOP('',(#1399,#1400,#1401,#1402,#1403));
#250=EDGE_LOOP('',(#1404,#1405,#1406,#1407,#1408,#1409,#1410,#1411,#1412,
#1413,#1414,#1415));
#251=EDGE_LOOP('',(#1416,#1417,#1418,#1419,#1420));
#252=EDGE_LOOP('',(#1421,#1422,#1423,#1424,#1425,#1426,#1427,#1428));
#253=EDGE_LOOP('',(#1429,#1430,#1431,#1432,#1433));
#254=EDGE_LOOP('',(#1434,#1435,#1436,#1437,#1438));
#255=EDGE_LOOP('',(#1439));
#256=EDGE_LOOP('',(#1440,#1441,#1442,#1443,#1444));
#257=EDGE_LOOP('',(#1445,#1446,#1447,#1448,#1449,#1450,#1451,#1452,#1453,
#1454));
#258=EDGE_LOOP('',(#1455));
#259=EDGE_LOOP('',(#1456));
#260=EDGE_LOOP('',(#1457,#1458,#1459,#1460,#1461,#1462,#1463,#1464,#1465,
#1466));
#261=EDGE_LOOP('',(#1467,#1468,#1469,#1470));
#262=EDGE_LOOP('',(#1471,#1472,#1473,#1474));
#263=EDGE_LOOP('',(#1475,#1476,#1477,#1478));
#264=EDGE_LOOP('',(#1479,#1480,#1481,#1482));
#265=EDGE_LOOP('',(#1483,#1484,#1485,#1486));
#266=EDGE_LOOP('',(#1487,#1488,#1489,#1490));
#267=EDGE_LOOP('',(#1491,#1492,#1493,#1494));
#268=EDGE_LOOP('',(#1495,#1496,#1497,#1498,#1499));
#269=EDGE_LOOP('',(#1500,#1501,#1502,#1503,#1504));
#270=EDGE_LOOP('',(#1505,#1506,#1507,#1508,#1509));
#271=EDGE_LOOP('',(#1510,#1511,#1512,#1513,#1514));
#272=EDGE_LOOP('',(#1515,#1516,#1517,#1518,#1519));
#273=EDGE_LOOP('',(#1520,#1521,#1522,#1523,#1524));
#274=EDGE_LOOP('',(#1525,#1526,#1527,#1528,#1529));
#275=EDGE_LOOP('',(#1530,#1531,#1532,#1533,#1534));
#276=EDGE_LOOP('',(#1535,#1536,#1537,#1538));
#277=EDGE_LOOP('',(#1539,#1540,#1541,#1542));
#278=EDGE_LOOP('',(#1543,#1544,#1545,#1546));
#279=EDGE_LOOP('',(#1547,#1548,#1549,#1550));
#280=EDGE_LOOP('',(#1551,#1552,#1553,#1554));
#281=EDGE_LOOP('',(#1555,#1556,#1557,#1558));
#282=EDGE_LOOP('',(#1559,#1560,#1561,#1562));
#283=EDGE_LOOP('',(#1563,#1564,#1565,#1566));
#284=EDGE_LOOP('',(#1567,#1568,#1569,#1570));
#285=EDGE_LOOP('',(#1571,#1572,#1573,#1574,#1575,#1576));
#286=EDGE_LOOP('',(#1577,#1578,#1579,#1580,#1581,#1582));
#287=EDGE_LOOP('',(#1583,#1584,#1585,#1586,#1587,#1588));
#288=EDGE_LOOP('',(#1589,#1590,#1591,#1592,#1593,#1594));
#289=EDGE_LOOP('',(#1595,#1596,#1597,#1598));
#290=EDGE_LOOP('',(#1599,#1600,#1601,#1602));
#291=EDGE_LOOP('',(#1603,#1604,#1605,#1606));
#292=EDGE_LOOP('',(#1607,#1608,#1609,#1610));
#293=EDGE_LOOP('',(#1611,#1612,#1613,#1614,#1615,#1616));
#294=EDGE_LOOP('',(#1617,#1618,#1619,#1620,#1621,#1622));
#295=EDGE_LOOP('',(#1623,#1624,#1625,#1626));
#296=EDGE_LOOP('',(#1627,#1628,#1629,#1630));
#297=EDGE_LOOP('',(#1631,#1632,#1633,#1634));
#298=EDGE_LOOP('',(#1635,#1636,#1637,#1638));
#299=EDGE_LOOP('',(#1639,#1640,#1641,#1642));
#300=EDGE_LOOP('',(#1643,#1644,#1645,#1646,#1647,#1648));
#301=EDGE_LOOP('',(#1649,#1650,#1651,#1652));
#302=EDGE_LOOP('',(#1653,#1654,#1655,#1656));
#303=LINE('',#2458,#475);
#304=LINE('',#2461,#476);
#305=LINE('',#2465,#477);
#306=LINE('',#2467,#478);
#307=LINE('',#2469,#479);
#308=LINE('',#2471,#480);
#309=LINE('',#2473,#481);
#310=LINE('',#2475,#482);
#311=LINE('',#2478,#483);
#312=LINE('',#2481,#484);
#313=LINE('',#2484,#485);
#314=LINE('',#2487,#486);
#315=LINE('',#2489,#487);
#316=LINE('',#2491,#488);
#317=LINE('',#2493,#489);
#318=LINE('',#2494,#490);
#319=LINE('',#2496,#491);
#320=LINE('',#2498,#492);
#321=LINE('',#2502,#493);
#322=LINE('',#2504,#494);
#323=LINE('',#2506,#495);
#324=LINE('',#2510,#496);
#325=LINE('',#2512,#497);
#326=LINE('',#2514,#498);
#327=LINE('',#2518,#499);
#328=LINE('',#2520,#500);
#329=LINE('',#2522,#501);
#330=LINE('',#2525,#502);
#331=LINE('',#2541,#503);
#332=LINE('',#2546,#504);
#333=LINE('',#2549,#505);
#334=LINE('',#2552,#506);
#335=LINE('',#2556,#507);
#336=LINE('',#2560,#508);
#337=LINE('',#2564,#509);
#338=LINE('',#2567,#510);
#339=LINE('',#2586,#511);
#340=LINE('',#2588,#512);
#341=LINE('',#2590,#513);
#342=LINE('',#2591,#514);
#343=LINE('',#2593,#515);
#344=LINE('',#2595,#516);
#345=LINE('',#2598,#517);
#346=LINE('',#2600,#518);
#347=LINE('',#2602,#519);
#348=LINE('',#2604,#520);
#349=LINE('',#2606,#521);
#350=LINE('',#2608,#522);
#351=LINE('',#2610,#523);
#352=LINE('',#2611,#524);
#353=LINE('',#2639,#525);
#354=LINE('',#2641,#526);
#355=LINE('',#2643,#527);
#356=LINE('',#2645,#528);
#357=LINE('',#2647,#529);
#358=LINE('',#2649,#530);
#359=LINE('',#2651,#531);
#360=LINE('',#2653,#532);
#361=LINE('',#2658,#533);
#362=LINE('',#2662,#534);
#363=LINE('',#2664,#535);
#364=LINE('',#2666,#536);
#365=LINE('',#2668,#537);
#366=LINE('',#2670,#538);
#367=LINE('',#2672,#539);
#368=LINE('',#2674,#540);
#369=LINE('',#2676,#541);
#370=LINE('',#2678,#542);
#371=LINE('',#2680,#543);
#372=LINE('',#2682,#544);
#373=LINE('',#2684,#545);
#374=LINE('',#2686,#546);
#375=LINE('',#2690,#547);
#376=LINE('',#2695,#548);
#377=LINE('',#2696,#549);
#378=LINE('',#2698,#550);
#379=LINE('',#2702,#551);
#380=LINE('',#2705,#552);
#381=LINE('',#2706,#553);
#382=LINE('',#2709,#554);
#383=LINE('',#2711,#555);
#384=LINE('',#2712,#556);
#385=LINE('',#2715,#557);
#386=LINE('',#2717,#558);
#387=LINE('',#2718,#559);
#388=LINE('',#2722,#560);
#389=LINE('',#2723,#561);
#390=LINE('',#2724,#562);
#391=LINE('',#2727,#563);
#392=LINE('',#2729,#564);
#393=LINE('',#2730,#565);
#394=LINE('',#2733,#566);
#395=LINE('',#2734,#567);
#396=LINE('',#2737,#568);
#397=LINE('',#2738,#569);
#398=LINE('',#2740,#570);
#399=LINE('',#2743,#571);
#400=LINE('',#2745,#572);
#401=LINE('',#2746,#573);
#402=LINE('',#2749,#574);
#403=LINE('',#2750,#575);
#404=LINE('',#2752,#576);
#405=LINE('',#2754,#577);
#406=LINE('',#2755,#578);
#407=LINE('',#2760,#579);
#408=LINE('',#2762,#580);
#409=LINE('',#2763,#581);
#410=LINE('',#2766,#582);
#411=LINE('',#2768,#583);
#412=LINE('',#2769,#584);
#413=LINE('',#2772,#585);
#414=LINE('',#2773,#586);
#415=LINE('',#2777,#587);
#416=LINE('',#2779,#588);
#417=LINE('',#2781,#589);
#418=LINE('',#2785,#590);
#419=LINE('',#2786,#591);
#420=LINE('',#2791,#592);
#421=LINE('',#2792,#593);
#422=LINE('',#2798,#594);
#423=LINE('',#2799,#595);
#424=LINE('',#2802,#596);
#425=LINE('',#2804,#597);
#426=LINE('',#2805,#598);
#427=LINE('',#2807,#599);
#428=LINE('',#2809,#600);
#429=LINE('',#2811,#601);
#430=LINE('',#2812,#602);
#431=LINE('',#2813,#603);
#432=LINE('',#2817,#604);
#433=LINE('',#2818,#605);
#434=LINE('',#2821,#606);
#435=LINE('',#2823,#607);
#436=LINE('',#2824,#608);
#437=LINE('',#2827,#609);
#438=LINE('',#2828,#610);
#439=LINE('',#2836,#611);
#440=LINE('',#2837,#612);
#441=LINE('',#2850,#613);
#442=LINE('',#2853,#614);
#443=LINE('',#2855,#615);
#444=LINE('',#2857,#616);
#445=LINE('',#2858,#617);
#446=LINE('',#2859,#618);
#447=LINE('',#2861,#619);
#448=LINE('',#2862,#620);
#449=LINE('',#2864,#621);
#450=LINE('',#2865,#622);
#451=LINE('',#2867,#623);
#452=LINE('',#2868,#624);
#453=LINE('',#2875,#625);
#454=LINE('',#2952,#626);
#455=LINE('',#2955,#627);
#456=LINE('',#3032,#628);
#457=LINE('',#3035,#629);
#458=LINE('',#3112,#630);
#459=LINE('',#3115,#631);
#460=LINE('',#3192,#632);
#461=LINE('',#3250,#633);
#462=LINE('',#3251,#634);
#463=LINE('',#3253,#635);
#464=LINE('',#3254,#636);
#465=LINE('',#3256,#637);
#466=LINE('',#3258,#638);
#467=LINE('',#3260,#639);
#468=LINE('',#3262,#640);
#469=LINE('',#3268,#641);
#470=LINE('',#3270,#642);
#471=LINE('',#3276,#643);
#472=LINE('',#3277,#644);
#473=LINE('',#3279,#645);
#474=LINE('',#3281,#646);
#475=VECTOR('',#1948,10.);
#476=VECTOR('',#1951,10.);
#477=VECTOR('',#1954,10.);
#478=VECTOR('',#1955,10.);
#479=VECTOR('',#1956,10.);
#480=VECTOR('',#1957,10.);
#481=VECTOR('',#1958,10.);
#482=VECTOR('',#1959,10.);
#483=VECTOR('',#1962,10.);
#484=VECTOR('',#1965,10.);
#485=VECTOR('',#1968,10.);
#486=VECTOR('',#1971,10.);
#487=VECTOR('',#1972,10.);
#488=VECTOR('',#1973,10.);
#489=VECTOR('',#1974,10.);
#490=VECTOR('',#1975,10.);
#491=VECTOR('',#1976,10.);
#492=VECTOR('',#1977,10.);
#493=VECTOR('',#1980,10.);
#494=VECTOR('',#1981,10.);
#495=VECTOR('',#1982,10.);
#496=VECTOR('',#1985,10.);
#497=VECTOR('',#1986,10.);
#498=VECTOR('',#1987,10.);
#499=VECTOR('',#1990,10.);
#500=VECTOR('',#1991,10.);
#501=VECTOR('',#1992,10.);
#502=VECTOR('',#1995,10.);
#503=VECTOR('',#2010,10.);
#504=VECTOR('',#2015,10.);
#505=VECTOR('',#2020,10.);
#506=VECTOR('',#2023,10.);
#507=VECTOR('',#2026,10.);
#508=VECTOR('',#2029,10.);
#509=VECTOR('',#2032,10.);
#510=VECTOR('',#2035,10.);
#511=VECTOR('',#2052,10.);
#512=VECTOR('',#2053,10.);
#513=VECTOR('',#2054,10.);
#514=VECTOR('',#2055,10.);
#515=VECTOR('',#2058,10.);
#516=VECTOR('',#2061,10.);
#517=VECTOR('',#2064,10.);
#518=VECTOR('',#2065,10.);
#519=VECTOR('',#2066,10.);
#520=VECTOR('',#2067,10.);
#521=VECTOR('',#2068,10.);
#522=VECTOR('',#2069,10.);
#523=VECTOR('',#2070,10.);
#524=VECTOR('',#2071,10.);
#525=VECTOR('',#2110,2.10000000000001);
#526=VECTOR('',#2113,3.00000000000001);
#527=VECTOR('',#2116,2.1);
#528=VECTOR('',#2119,3.00000000000001);
#529=VECTOR('',#2122,2.10000000000001);
#530=VECTOR('',#2125,3.00000000000001);
#531=VECTOR('',#2128,2.1);
#532=VECTOR('',#2131,3.00000000000001);
#533=VECTOR('',#2136,10.);
#534=VECTOR('',#2139,10.);
#535=VECTOR('',#2140,10.);
#536=VECTOR('',#2141,10.);
#537=VECTOR('',#2142,10.);
#538=VECTOR('',#2143,10.);
#539=VECTOR('',#2144,10.);
#540=VECTOR('',#2145,10.);
#541=VECTOR('',#2146,10.);
#542=VECTOR('',#2147,10.);
#543=VECTOR('',#2148,10.);
#544=VECTOR('',#2149,10.);
#545=VECTOR('',#2150,10.);
#546=VECTOR('',#2151,10.);
#547=VECTOR('',#2154,10.);
#548=VECTOR('',#2159,10.);
#549=VECTOR('',#2160,10.);
#550=VECTOR('',#2161,10.);
#551=VECTOR('',#2164,10.);
#552=VECTOR('',#2167,10.);
#553=VECTOR('',#2168,10.);
#554=VECTOR('',#2171,10.);
#555=VECTOR('',#2172,10.);
#556=VECTOR('',#2173,10.);
#557=VECTOR('',#2176,10.);
#558=VECTOR('',#2177,10.);
#559=VECTOR('',#2178,10.);
#560=VECTOR('',#2181,10.);
#561=VECTOR('',#2182,10.);
#562=VECTOR('',#2183,10.);
#563=VECTOR('',#2186,10.);
#564=VECTOR('',#2187,10.);
#565=VECTOR('',#2188,10.);
#566=VECTOR('',#2191,10.);
#567=VECTOR('',#2192,10.);
#568=VECTOR('',#2195,10.);
#569=VECTOR('',#2196,10.);
#570=VECTOR('',#2199,10.);
#571=VECTOR('',#2202,10.);
#572=VECTOR('',#2203,10.);
#573=VECTOR('',#2204,10.);
#574=VECTOR('',#2207,10.);
#575=VECTOR('',#2208,10.);
#576=VECTOR('',#2209,10.);
#577=VECTOR('',#2210,10.);
#578=VECTOR('',#2211,10.);
#579=VECTOR('',#2216,10.);
#580=VECTOR('',#2217,10.);
#581=VECTOR('',#2218,10.);
#582=VECTOR('',#2221,10.);
#583=VECTOR('',#2222,10.);
#584=VECTOR('',#2223,10.);
#585=VECTOR('',#2226,10.);
#586=VECTOR('',#2227,10.);
#587=VECTOR('',#2232,10.);
#588=VECTOR('',#2233,10.);
#589=VECTOR('',#2234,10.);
#590=VECTOR('',#2239,10.);
#591=VECTOR('',#2240,10.);
#592=VECTOR('',#2245,10.);
#593=VECTOR('',#2246,10.);
#594=VECTOR('',#2253,10.);
#595=VECTOR('',#2254,10.);
#596=VECTOR('',#2257,10.);
#597=VECTOR('',#2258,10.);
#598=VECTOR('',#2259,10.);
#599=VECTOR('',#2260,10.);
#600=VECTOR('',#2261,10.);
#601=VECTOR('',#2262,10.);
#602=VECTOR('',#2263,10.);
#603=VECTOR('',#2264,10.);
#604=VECTOR('',#2269,10.);
#605=VECTOR('',#2270,10.);
#606=VECTOR('',#2273,10.);
#607=VECTOR('',#2274,10.);
#608=VECTOR('',#2275,10.);
#609=VECTOR('',#2278,10.);
#610=VECTOR('',#2279,10.);
#611=VECTOR('',#2290,10.);
#612=VECTOR('',#2291,10.);
#613=VECTOR('',#2306,10.);
#614=VECTOR('',#2309,10.);
#615=VECTOR('',#2310,10.);
#616=VECTOR('',#2311,10.);
#617=VECTOR('',#2312,10.);
#618=VECTOR('',#2313,10.);
#619=VECTOR('',#2316,10.);
#620=VECTOR('',#2317,10.);
#621=VECTOR('',#2320,10.);
#622=VECTOR('',#2321,10.);
#623=VECTOR('',#2324,10.);
#624=VECTOR('',#2325,10.);
#625=VECTOR('',#2336,10.);
#626=VECTOR('',#2339,10.);
#627=VECTOR('',#2342,10.);
#628=VECTOR('',#2345,10.);
#629=VECTOR('',#2348,10.);
#630=VECTOR('',#2351,10.);
#631=VECTOR('',#2354,10.);
#632=VECTOR('',#2357,10.);
#633=VECTOR('',#2374,10.);
#634=VECTOR('',#2375,10.);
#635=VECTOR('',#2378,10.);
#636=VECTOR('',#2379,10.);
#637=VECTOR('',#2382,10.);
#638=VECTOR('',#2385,10.);
#639=VECTOR('',#2388,10.);
#640=VECTOR('',#2391,10.);
#641=VECTOR('',#2402,10.);
#642=VECTOR('',#2405,10.);
#643=VECTOR('',#2416,10.);
#644=VECTOR('',#2417,10.);
#645=VECTOR('',#2420,10.);
#646=VECTOR('',#2423,10.);
#647=CIRCLE('',#1788,10.5);
#648=CIRCLE('',#1789,10.5);
#649=CIRCLE('',#1791,9.);
#650=CIRCLE('',#1793,1.00000001490116);
#651=CIRCLE('',#1795,3.82500171661377);
#652=CIRCLE('',#1796,3.82500171661377);
#653=CIRCLE('',#1797,3.82499694824219);
#654=CIRCLE('',#1798,3.82499694824219);
#655=CIRCLE('',#1799,3.00000000000001);
#656=CIRCLE('',#1800,3.00000000000001);
#657=CIRCLE('',#1801,3.00000000000001);
#658=CIRCLE('',#1802,3.00000000000001);
#659=CIRCLE('',#1804,9.);
#660=CIRCLE('',#1805,9.);
#661=CIRCLE('',#1808,9.);
#662=CIRCLE('',#1811,0.999889016455895);
#663=CIRCLE('',#1812,0.999869303351595);
#664=CIRCLE('',#1813,0.999875474468648);
#665=CIRCLE('',#1814,0.999874525990408);
#666=CIRCLE('',#1815,2.10000000000001);
#667=CIRCLE('',#1816,2.1);
#668=CIRCLE('',#1817,2.1);
#669=CIRCLE('',#1818,2.10000000000001);
#670=CIRCLE('',#1819,3.00000059437199);
#671=CIRCLE('',#1820,3.00000052589807);
#672=CIRCLE('',#1821,2.9999997447136);
#673=CIRCLE('',#1822,2.9999996762397);
#674=CIRCLE('',#1827,1.00000001490116);
#675=CIRCLE('',#1829,2.10000000000001);
#676=CIRCLE('',#1831,3.00000000000001);
#677=CIRCLE('',#1833,2.1);
#678=CIRCLE('',#1835,3.00000000000001);
#679=CIRCLE('',#1837,2.10000000000001);
#680=CIRCLE('',#1839,3.00000000000001);
#681=CIRCLE('',#1841,2.1);
#682=CIRCLE('',#1843,3.00000000000001);
#683=CIRCLE('',#1853,2.00000047683716);
#684=CIRCLE('',#1854,2.00000047683716);
#685=CIRCLE('',#1855,1.99999809265137);
#686=CIRCLE('',#1856,1.99999809265137);
#687=CIRCLE('',#1858,1.49999618530273);
#688=CIRCLE('',#1859,1.50000005960464);
#689=CIRCLE('',#1870,1.00000001490116);
#690=CIRCLE('',#1873,1.00000001490116);
#691=CIRCLE('',#1875,1.00000381469727);
#692=CIRCLE('',#1878,3.82499694824219);
#693=CIRCLE('',#1879,1.59999982369443);
#694=CIRCLE('',#1881,1.00000381469727);
#695=CIRCLE('',#1884,1.00000381469727);
#696=CIRCLE('',#1887,1.00000381469727);
#697=CIRCLE('',#1889,3.82499694824219);
#698=CIRCLE('',#1890,1.59999839683351);
#699=CIRCLE('',#1893,3.82500171661377);
#700=CIRCLE('',#1894,3.82500171661377);
#701=CIRCLE('',#1895,1.59999960219133);
#702=CIRCLE('',#1896,1.59999817533045);
#703=CIRCLE('',#1898,1.50000005960464);
#704=CIRCLE('',#1899,1.49999618530273);
#705=B_SPLINE_CURVE_WITH_KNOTS('',3,(#2430,#2431,#2432,#2433,#2434,#2435,
#2436,#2437,#2438,#2439),.UNSPECIFIED.,.F.,.F.,(4,2,2,2,4),(-0.195784494779985,
-0.134447329610648,-0.0731101644413106,-0.0365550822206553,0.),
 .UNSPECIFIED.);
#706=B_SPLINE_CURVE_WITH_KNOTS('',3,(#2443,#2444,#2445,#2446,#2447,#2448,
#2449,#2450,#2451,#2452,#2453,#2454,#2455,#2456),.UNSPECIFIED.,.F.,.F.,
(4,2,2,2,2,2,4),(0.,0.0224594031565583,0.0449188063131166,0.0755454565419678,
0.106172106770819,0.18249666884212,0.194014593136704),.UNSPECIFIED.);
#707=B_SPLINE_CURVE_WITH_KNOTS('',3,(#2877,#2878,#2879,#2880,#2881,#2882,
#2883,#2884,#2885,#2886,#2887,#2888,#2889,#2890,#2891,#2892,#2893,#2894),
 .UNSPECIFIED.,.F.,.F.,(4,2,2,2,2,2,2,2,4),(0.,0.0602698639436033,0.120539727887207,
0.180809600349201,0.241079472811195,0.301349344512246,0.361619216213297,
0.421889078319829,0.482158940426361),.UNSPECIFIED.);
#708=B_SPLINE_CURVE_WITH_KNOTS('',3,(#2895,#2896,#2897,#2898,#2899,#2900,
#2901,#2902,#2903,#2904,#2905,#2906,#2907,#2908,#2909,#2910,#2911,#2912),
 .UNSPECIFIED.,.F.,.F.,(4,2,2,2,2,2,2,2,4),(0.482158940426361,0.542428789725133,
0.602698639023904,0.662968479804275,0.723238320584645,0.783508162125944,
0.843778003667243,0.904047854803069,0.964317705938894),.UNSPECIFIED.);
#709=B_SPLINE_CURVE_WITH_KNOTS('',3,(#2916,#2917,#2918,#2919,#2920,#2921,
#2922,#2923,#2924,#2925,#2926,#2927,#2928,#2929,#2930,#2931,#2932,#2933),
 .UNSPECIFIED.,.F.,.F.,(4,2,2,2,2,2,2,2,4),(-1.80809595305314,-1.69508998903405,
-1.58208402501496,-1.46907805592206,-1.35607208682915,-1.24306609627628,
-1.13006010572341,-1.01705408989538,-0.904048074067345),.UNSPECIFIED.);
#710=B_SPLINE_CURVE_WITH_KNOTS('',3,(#2934,#2935,#2936,#2937,#2938,#2939,
#2940,#2941,#2942,#2943,#2944,#2945,#2946,#2947,#2948,#2949,#2950,#2951),
 .UNSPECIFIED.,.F.,.F.,(4,2,2,2,2,2,2,2,4),(-0.904048074067345,-0.791042056688085,
-0.678036039308824,-0.565030027003368,-0.452024014697913,-0.339018023852414,
-0.226012033006916,-0.11300606743658,-1.01866245216797E-7),
 .UNSPECIFIED.);
#711=B_SPLINE_CURVE_WITH_KNOTS('',3,(#2957,#2958,#2959,#2960,#2961,#2962,
#2963,#2964,#2965,#2966,#2967,#2968,#2969,#2970,#2971,#2972,#2973,#2974),
 .UNSPECIFIED.,.F.,.F.,(4,2,2,2,2,2,2,2,4),(0.,0.0602697920408956,0.120539584081791,
0.180809393084389,0.241079202086988,0.301349024460771,0.361618846834555,
0.421888671156363,0.482158495478172),.UNSPECIFIED.);
#712=B_SPLINE_CURVE_WITH_KNOTS('',3,(#2975,#2976,#2977,#2978,#2979,#2980,
#2981,#2982,#2983,#2984,#2985,#2986,#2987,#2988,#2989,#2990,#2991,#2992),
 .UNSPECIFIED.,.F.,.F.,(4,2,2,2,2,2,2,2,4),(0.482158495478172,0.542428309183713,
0.602698122889253,0.662967919633082,0.723237716376911,0.783507499749525,
0.843777283122138,0.904047064546733,0.964316845971328),.UNSPECIFIED.);
#713=B_SPLINE_CURVE_WITH_KNOTS('',3,(#2996,#2997,#2998,#2999,#3000,#3001,
#3002,#3003,#3004,#3005,#3006,#3007,#3008,#3009,#3010,#3011,#3012,#3013),
 .UNSPECIFIED.,.F.,.F.,(4,2,2,2,2,2,2,2,4),(-1.80809646514116,-1.69509043090577,
-1.58208439667038,-1.46907837837463,-1.35607236007889,-1.2430663514106,
-1.13006034274231,-1.01705433174965,-0.904048320757002),.UNSPECIFIED.);
#714=B_SPLINE_CURVE_WITH_KNOTS('',3,(#3014,#3015,#3016,#3017,#3018,#3019,
#3020,#3021,#3022,#3023,#3024,#3025,#3026,#3027,#3028,#3029,#3030,#3031),
 .UNSPECIFIED.,.F.,.F.,(4,2,2,2,2,2,2,2,4),(-0.904048320757002,-0.791042309000695,
-0.678036297244389,-0.565030269548444,-0.452024241852499,-0.339018204529099,
-0.226012167205699,-0.113006132206661,-9.72076232841346E-8),
 .UNSPECIFIED.);
#715=B_SPLINE_CURVE_WITH_KNOTS('',3,(#3037,#3038,#3039,#3040,#3041,#3042,
#3043,#3044,#3045,#3046,#3047,#3048,#3049,#3050,#3051,#3052,#3053,#3054),
 .UNSPECIFIED.,.F.,.F.,(4,2,2,2,2,2,2,2,4),(0.,0.0602698153142171,0.120539630628434,
0.180809469680082,0.241079308731729,0.301349155215594,0.361619001699458,
0.421888834956696,0.482158668213934),.UNSPECIFIED.);
#716=B_SPLINE_CURVE_WITH_KNOTS('',3,(#3055,#3056,#3057,#3058,#3059,#3060,
#3061,#3062,#3063,#3064,#3065,#3066,#3067,#3068,#3069,#3070,#3071,#3072),
 .UNSPECIFIED.,.F.,.F.,(4,2,2,2,2,2,2,2,4),(0.482158668213934,0.542428425950578,
0.602698183687223,0.662967917686439,0.723237651685655,0.783507378252575,
0.843777104819495,0.904046844613043,0.964316584406592),.UNSPECIFIED.);
#717=B_SPLINE_CURVE_WITH_KNOTS('',3,(#3076,#3077,#3078,#3079,#3080,#3081,
#3082,#3083,#3084,#3085,#3086,#3087,#3088,#3089,#3090,#3091,#3092,#3093),
 .UNSPECIFIED.,.F.,.F.,(4,2,2,2,2,2,2,2,4),(-1.8080965064103,-1.69509046459056,
-1.58208442277082,-1.46907839814511,-1.35607237351941,-1.24306636197263,
-1.13006035042585,-1.01705434018142,-0.904048329936992),.UNSPECIFIED.);
#718=B_SPLINE_CURVE_WITH_KNOTS('',3,(#3094,#3095,#3096,#3097,#3098,#3099,
#3100,#3101,#3102,#3103,#3104,#3105,#3106,#3107,#3108,#3109,#3110,#3111),
 .UNSPECIFIED.,.F.,.F.,(4,2,2,2,2,2,2,2,4),(-0.904048329936992,-0.791042308455447,
-0.678036286973901,-0.565030248298315,-0.452024209622728,-0.339018157868223,
-0.226012106113718,-0.113006053056859,0.),.UNSPECIFIED.);
#719=B_SPLINE_CURVE_WITH_KNOTS('',3,(#3117,#3118,#3119,#3120,#3121,#3122,
#3123,#3124,#3125,#3126,#3127,#3128,#3129,#3130,#3131,#3132,#3133,#3134),
 .UNSPECIFIED.,.F.,.F.,(4,2,2,2,2,2,2,2,4),(0.,0.0602698884940324,0.120539776988065,
0.180809679479333,0.241079581970601,0.301349476476671,0.361619370982741,
0.421889240198825,0.482159109414909),.UNSPECIFIED.);
#720=B_SPLINE_CURVE_WITH_KNOTS('',3,(#3135,#3136,#3137,#3138,#3139,#3140,
#3141,#3142,#3143,#3144,#3145,#3146,#3147,#3148,#3149,#3150,#3151,#3152),
 .UNSPECIFIED.,.F.,.F.,(4,2,2,2,2,2,2,2,4),(0.482159109414909,0.542428902165384,
0.602698694915859,0.662968473669096,0.723238252422333,0.783508039160721,
0.843777825899109,0.904047637927474,0.964317449955838),.UNSPECIFIED.);
#721=B_SPLINE_CURVE_WITH_KNOTS('',3,(#3156,#3157,#3158,#3159,#3160,#3161,
#3162,#3163,#3164,#3165,#3166,#3167,#3168,#3169,#3170,#3171,#3172,#3173),
 .UNSPECIFIED.,.F.,.F.,(4,2,2,2,2,2,2,2,4),(-1.80809599432228,-1.69509002153554,
-1.5820840487488,-1.46907807251988,-1.35607209629096,-1.24306610290294,
-1.13006010951493,-1.01705409530249,-0.904048081090047),.UNSPECIFIED.);
#722=B_SPLINE_CURVE_WITH_KNOTS('',3,(#3174,#3175,#3176,#3177,#3178,#3179,
#3180,#3181,#3182,#3183,#3184,#3185,#3186,#3187,#3188,#3189,#3190,#3191),
 .UNSPECIFIED.,.F.,.F.,(4,2,2,2,2,2,2,2,4),(-0.904048081090047,-0.791042054586503,
-0.678036028082958,-0.565030005021599,-0.452023981960239,-0.339017976057965,
-0.22601197015569,-0.113005985077845,0.),.UNSPECIFIED.);
#723=B_SPLINE_CURVE_WITH_KNOTS('',3,(#3194,#3195,#3196,#3197,#3198,#3199,
#3200,#3201,#3202,#3203),.UNSPECIFIED.,.F.,.F.,(4,2,2,2,4),(8.6501945104613E-11,
0.0753373277248322,0.150674655363162,0.226011982999069,0.301349310634975),
 .UNSPECIFIED.);
#724=B_SPLINE_CURVE_WITH_KNOTS('',3,(#3205,#3206,#3207,#3208,#3209,#3210,
#3211,#3212,#3213,#3214,#3215,#3216,#3217,#3218,#3219),.UNSPECIFIED.,.F.,
 .F.,(4,2,2,2,2,3,4),(0.904057692721576,0.904067366554528,0.979399917040628,
1.05473246752673,1.13006509412916,1.20539772073159,1.20540740433498),
 .UNSPECIFIED.);
#725=B_SPLINE_CURVE_WITH_KNOTS('',3,(#3221,#3222,#3223,#3224,#3225,#3226,
#3227,#3228,#3229,#3230,#3231,#3232,#3233,#3234),.UNSPECIFIED.,.F.,.F.,
(4,2,2,2,2,2,4),(0.301340518346116,0.30134917259405,0.376682131351275,0.4520150901085,
0.527348027839068,0.602680965569635,0.60268952007376),.UNSPECIFIED.);
#726=B_SPLINE_CURVE_WITH_KNOTS('',3,(#3236,#3237,#3238,#3239,#3240,#3241,
#3242,#3243,#3244,#3245),.UNSPECIFIED.,.F.,.F.,(4,2,2,2,4),(8.0638903733409E-11,
0.0753373869636385,0.150674773846638,0.226012160740409,0.301349547634179),
 .UNSPECIFIED.);
#727=VERTEX_POINT('',#2428);
#728=VERTEX_POINT('',#2429);
#729=VERTEX_POINT('',#2440);
#730=VERTEX_POINT('',#2442);
#731=VERTEX_POINT('',#2457);
#732=VERTEX_POINT('',#2459);
#733=VERTEX_POINT('',#2463);
#734=VERTEX_POINT('',#2464);
#735=VERTEX_POINT('',#2466);
#736=VERTEX_POINT('',#2468);
#737=VERTEX_POINT('',#2470);
#738=VERTEX_POINT('',#2472);
#739=VERTEX_POINT('',#2474);
#740=VERTEX_POINT('',#2476);
#741=VERTEX_POINT('',#2480);
#742=VERTEX_POINT('',#2482);
#743=VERTEX_POINT('',#2486);
#744=VERTEX_POINT('',#2488);
#745=VERTEX_POINT('',#2490);
#746=VERTEX_POINT('',#2492);
#747=VERTEX_POINT('',#2495);
#748=VERTEX_POINT('',#2497);
#749=VERTEX_POINT('',#2499);
#750=VERTEX_POINT('',#2501);
#751=VERTEX_POINT('',#2503);
#752=VERTEX_POINT('',#2505);
#753=VERTEX_POINT('',#2507);
#754=VERTEX_POINT('',#2509);
#755=VERTEX_POINT('',#2511);
#756=VERTEX_POINT('',#2513);
#757=VERTEX_POINT('',#2515);
#758=VERTEX_POINT('',#2517);
#759=VERTEX_POINT('',#2519);
#760=VERTEX_POINT('',#2521);
#761=VERTEX_POINT('',#2523);
#762=VERTEX_POINT('',#2526);
#763=VERTEX_POINT('',#2528);
#764=VERTEX_POINT('',#2530);
#765=VERTEX_POINT('',#2532);
#766=VERTEX_POINT('',#2535);
#767=VERTEX_POINT('',#2536);
#768=VERTEX_POINT('',#2538);
#769=VERTEX_POINT('',#2540);
#770=VERTEX_POINT('',#2543);
#771=VERTEX_POINT('',#2545);
#772=VERTEX_POINT('',#2551);
#773=VERTEX_POINT('',#2553);
#774=VERTEX_POINT('',#2555);
#775=VERTEX_POINT('',#2557);
#776=VERTEX_POINT('',#2559);
#777=VERTEX_POINT('',#2561);
#778=VERTEX_POINT('',#2563);
#779=VERTEX_POINT('',#2565);
#780=VERTEX_POINT('',#2568);
#781=VERTEX_POINT('',#2570);
#782=VERTEX_POINT('',#2572);
#783=VERTEX_POINT('',#2574);
#784=VERTEX_POINT('',#2576);
#785=VERTEX_POINT('',#2578);
#786=VERTEX_POINT('',#2580);
#787=VERTEX_POINT('',#2582);
#788=VERTEX_POINT('',#2584);
#789=VERTEX_POINT('',#2585);
#790=VERTEX_POINT('',#2587);
#791=VERTEX_POINT('',#2589);
#792=VERTEX_POINT('',#2597);
#793=VERTEX_POINT('',#2599);
#794=VERTEX_POINT('',#2601);
#795=VERTEX_POINT('',#2603);
#796=VERTEX_POINT('',#2605);
#797=VERTEX_POINT('',#2607);
#798=VERTEX_POINT('',#2609);
#799=VERTEX_POINT('',#2615);
#800=VERTEX_POINT('',#2618);
#801=VERTEX_POINT('',#2621);
#802=VERTEX_POINT('',#2624);
#803=VERTEX_POINT('',#2627);
#804=VERTEX_POINT('',#2630);
#805=VERTEX_POINT('',#2633);
#806=VERTEX_POINT('',#2636);
#807=VERTEX_POINT('',#2655);
#808=VERTEX_POINT('',#2657);
#809=VERTEX_POINT('',#2659);
#810=VERTEX_POINT('',#2661);
#811=VERTEX_POINT('',#2663);
#812=VERTEX_POINT('',#2665);
#813=VERTEX_POINT('',#2667);
#814=VERTEX_POINT('',#2669);
#815=VERTEX_POINT('',#2671);
#816=VERTEX_POINT('',#2673);
#817=VERTEX_POINT('',#2675);
#818=VERTEX_POINT('',#2677);
#819=VERTEX_POINT('',#2679);
#820=VERTEX_POINT('',#2681);
#821=VERTEX_POINT('',#2683);
#822=VERTEX_POINT('',#2685);
#823=VERTEX_POINT('',#2687);
#824=VERTEX_POINT('',#2689);
#825=VERTEX_POINT('',#2693);
#826=VERTEX_POINT('',#2694);
#827=VERTEX_POINT('',#2697);
#828=VERTEX_POINT('',#2699);
#829=VERTEX_POINT('',#2701);
#830=VERTEX_POINT('',#2703);
#831=VERTEX_POINT('',#2708);
#832=VERTEX_POINT('',#2710);
#833=VERTEX_POINT('',#2714);
#834=VERTEX_POINT('',#2716);
#835=VERTEX_POINT('',#2720);
#836=VERTEX_POINT('',#2721);
#837=VERTEX_POINT('',#2726);
#838=VERTEX_POINT('',#2728);
#839=VERTEX_POINT('',#2732);
#840=VERTEX_POINT('',#2736);
#841=VERTEX_POINT('',#2742);
#842=VERTEX_POINT('',#2744);
#843=VERTEX_POINT('',#2748);
#844=VERTEX_POINT('',#2751);
#845=VERTEX_POINT('',#2753);
#846=VERTEX_POINT('',#2757);
#847=VERTEX_POINT('',#2759);
#848=VERTEX_POINT('',#2761);
#849=VERTEX_POINT('',#2765);
#850=VERTEX_POINT('',#2767);
#851=VERTEX_POINT('',#2771);
#852=VERTEX_POINT('',#2776);
#853=VERTEX_POINT('',#2778);
#854=VERTEX_POINT('',#2780);
#855=VERTEX_POINT('',#2784);
#856=VERTEX_POINT('',#2788);
#857=VERTEX_POINT('',#2790);
#858=VERTEX_POINT('',#2793);
#859=VERTEX_POINT('',#2796);
#860=VERTEX_POINT('',#2801);
#861=VERTEX_POINT('',#2803);
#862=VERTEX_POINT('',#2806);
#863=VERTEX_POINT('',#2808);
#864=VERTEX_POINT('',#2810);
#865=VERTEX_POINT('',#2816);
#866=VERTEX_POINT('',#2820);
#867=VERTEX_POINT('',#2822);
#868=VERTEX_POINT('',#2826);
#869=VERTEX_POINT('',#2832);
#870=VERTEX_POINT('',#2835);
#871=VERTEX_POINT('',#2841);
#872=VERTEX_POINT('',#2843);
#873=VERTEX_POINT('',#2846);
#874=VERTEX_POINT('',#2847);
#875=VERTEX_POINT('',#2849);
#876=VERTEX_POINT('',#2851);
#877=VERTEX_POINT('',#2854);
#878=VERTEX_POINT('',#2856);
#879=VERTEX_POINT('',#2874);
#880=VERTEX_POINT('',#2876);
#881=VERTEX_POINT('',#2914);
#882=VERTEX_POINT('',#2915);
#883=VERTEX_POINT('',#2954);
#884=VERTEX_POINT('',#2956);
#885=VERTEX_POINT('',#2994);
#886=VERTEX_POINT('',#2995);
#887=VERTEX_POINT('',#3034);
#888=VERTEX_POINT('',#3036);
#889=VERTEX_POINT('',#3074);
#890=VERTEX_POINT('',#3075);
#891=VERTEX_POINT('',#3114);
#892=VERTEX_POINT('',#3116);
#893=VERTEX_POINT('',#3154);
#894=VERTEX_POINT('',#3155);
#895=EDGE_CURVE('',#727,#728,#705,.T.);
#896=EDGE_CURVE('',#729,#727,#647,.T.);
#897=EDGE_CURVE('',#730,#729,#706,.T.);
#898=EDGE_CURVE('',#731,#730,#303,.T.);
#899=EDGE_CURVE('',#732,#731,#648,.T.);
#900=EDGE_CURVE('',#728,#732,#304,.T.);
#901=EDGE_CURVE('',#733,#734,#305,.T.);
#902=EDGE_CURVE('',#734,#735,#306,.T.);
#903=EDGE_CURVE('',#736,#735,#307,.T.);
#904=EDGE_CURVE('',#736,#737,#308,.T.);
#905=EDGE_CURVE('',#737,#738,#309,.T.);
#906=EDGE_CURVE('',#738,#739,#310,.T.);
#907=EDGE_CURVE('',#739,#740,#649,.T.);
#908=EDGE_CURVE('',#740,#733,#311,.T.);
#909=EDGE_CURVE('',#741,#728,#312,.T.);
#910=EDGE_CURVE('',#742,#741,#650,.T.);
#911=EDGE_CURVE('',#727,#742,#313,.T.);
#912=EDGE_CURVE('',#732,#743,#314,.T.);
#913=EDGE_CURVE('',#743,#744,#315,.T.);
#914=EDGE_CURVE('',#744,#745,#316,.T.);
#915=EDGE_CURVE('',#745,#746,#317,.T.);
#916=EDGE_CURVE('',#746,#731,#318,.T.);
#917=EDGE_CURVE('',#730,#747,#319,.T.);
#918=EDGE_CURVE('',#747,#748,#320,.T.);
#919=EDGE_CURVE('',#748,#749,#651,.T.);
#920=EDGE_CURVE('',#750,#749,#321,.T.);
#921=EDGE_CURVE('',#750,#751,#322,.T.);
#922=EDGE_CURVE('',#752,#751,#323,.T.);
#923=EDGE_CURVE('',#752,#753,#652,.T.);
#924=EDGE_CURVE('',#754,#753,#324,.T.);
#925=EDGE_CURVE('',#754,#755,#325,.T.);
#926=EDGE_CURVE('',#755,#756,#326,.T.);
#927=EDGE_CURVE('',#756,#757,#653,.T.);
#928=EDGE_CURVE('',#757,#758,#327,.T.);
#929=EDGE_CURVE('',#758,#759,#328,.T.);
#930=EDGE_CURVE('',#759,#760,#329,.T.);
#931=EDGE_CURVE('',#760,#761,#654,.T.);
#932=EDGE_CURVE('',#741,#761,#330,.T.);
#933=EDGE_CURVE('',#762,#762,#655,.T.);
#934=EDGE_CURVE('',#763,#763,#656,.T.);
#935=EDGE_CURVE('',#764,#764,#657,.T.);
#936=EDGE_CURVE('',#765,#765,#658,.T.);
#937=EDGE_CURVE('',#766,#767,#659,.T.);
#938=EDGE_CURVE('',#767,#768,#660,.T.);
#939=EDGE_CURVE('',#769,#768,#331,.T.);
#940=EDGE_CURVE('',#740,#769,#23,.T.);
#941=EDGE_CURVE('',#770,#739,#24,.T.);
#942=EDGE_CURVE('',#771,#770,#332,.T.);
#943=EDGE_CURVE('',#771,#766,#661,.T.);
#944=EDGE_CURVE('',#768,#771,#333,.T.);
#945=EDGE_CURVE('',#770,#772,#334,.T.);
#946=EDGE_CURVE('',#772,#773,#662,.T.);
#947=EDGE_CURVE('',#773,#774,#335,.T.);
#948=EDGE_CURVE('',#774,#775,#663,.T.);
#949=EDGE_CURVE('',#775,#776,#336,.T.);
#950=EDGE_CURVE('',#776,#777,#664,.T.);
#951=EDGE_CURVE('',#777,#778,#337,.T.);
#952=EDGE_CURVE('',#778,#779,#665,.T.);
#953=EDGE_CURVE('',#779,#769,#338,.T.);
#954=EDGE_CURVE('',#780,#780,#666,.T.);
#955=EDGE_CURVE('',#781,#781,#667,.T.);
#956=EDGE_CURVE('',#782,#782,#668,.T.);
#957=EDGE_CURVE('',#783,#783,#669,.T.);
#958=EDGE_CURVE('',#784,#784,#670,.T.);
#959=EDGE_CURVE('',#785,#785,#671,.T.);
#960=EDGE_CURVE('',#786,#786,#672,.T.);
#961=EDGE_CURVE('',#787,#787,#673,.T.);
#962=EDGE_CURVE('',#788,#789,#339,.T.);
#963=EDGE_CURVE('',#789,#790,#340,.T.);
#964=EDGE_CURVE('',#790,#791,#341,.T.);
#965=EDGE_CURVE('',#791,#788,#342,.T.);
#966=EDGE_CURVE('',#737,#772,#343,.T.);
#967=EDGE_CURVE('',#779,#734,#344,.T.);
#968=EDGE_CURVE('',#792,#742,#345,.T.);
#969=EDGE_CURVE('',#792,#793,#346,.T.);
#970=EDGE_CURVE('',#793,#794,#347,.T.);
#971=EDGE_CURVE('',#795,#794,#348,.T.);
#972=EDGE_CURVE('',#796,#795,#349,.T.);
#973=EDGE_CURVE('',#796,#797,#350,.T.);
#974=EDGE_CURVE('',#797,#798,#351,.T.);
#975=EDGE_CURVE('',#798,#729,#352,.T.);
#976=EDGE_CURVE('',#747,#798,#674,.T.);
#977=EDGE_CURVE('',#799,#799,#675,.T.);
#978=EDGE_CURVE('',#800,#800,#676,.T.);
#979=EDGE_CURVE('',#801,#801,#677,.T.);
#980=EDGE_CURVE('',#802,#802,#678,.T.);
#981=EDGE_CURVE('',#803,#803,#679,.T.);
#982=EDGE_CURVE('',#804,#804,#680,.T.);
#983=EDGE_CURVE('',#805,#805,#681,.T.);
#984=EDGE_CURVE('',#806,#806,#682,.T.);
#985=EDGE_CURVE('',#799,#783,#353,.T.);
#986=EDGE_CURVE('',#800,#765,#354,.T.);
#987=EDGE_CURVE('',#801,#781,#355,.T.);
#988=EDGE_CURVE('',#802,#762,#356,.T.);
#989=EDGE_CURVE('',#803,#780,#357,.T.);
#990=EDGE_CURVE('',#804,#764,#358,.T.);
#991=EDGE_CURVE('',#805,#782,#359,.T.);
#992=EDGE_CURVE('',#806,#763,#360,.T.);
#993=EDGE_CURVE('',#735,#807,#683,.T.);
#994=EDGE_CURVE('',#807,#808,#361,.T.);
#995=EDGE_CURVE('',#808,#809,#684,.T.);
#996=EDGE_CURVE('',#809,#810,#362,.T.);
#997=EDGE_CURVE('',#810,#811,#363,.T.);
#998=EDGE_CURVE('',#811,#812,#364,.T.);
#999=EDGE_CURVE('',#812,#813,#365,.T.);
#1000=EDGE_CURVE('',#813,#814,#366,.T.);
#1001=EDGE_CURVE('',#814,#815,#367,.T.);
#1002=EDGE_CURVE('',#815,#816,#368,.T.);
#1003=EDGE_CURVE('',#816,#817,#369,.T.);
#1004=EDGE_CURVE('',#817,#818,#370,.T.);
#1005=EDGE_CURVE('',#818,#819,#371,.T.);
#1006=EDGE_CURVE('',#819,#820,#372,.T.);
#1007=EDGE_CURVE('',#820,#821,#373,.T.);
#1008=EDGE_CURVE('',#821,#822,#374,.T.);
#1009=EDGE_CURVE('',#822,#823,#685,.T.);
#1010=EDGE_CURVE('',#823,#824,#375,.T.);
#1011=EDGE_CURVE('',#824,#736,#686,.T.);
#1012=EDGE_CURVE('',#825,#826,#376,.T.);
#1013=EDGE_CURVE('',#826,#822,#377,.T.);
#1014=EDGE_CURVE('',#821,#827,#378,.T.);
#1015=EDGE_CURVE('',#827,#828,#687,.T.);
#1016=EDGE_CURVE('',#828,#829,#379,.T.);
#1017=EDGE_CURVE('',#829,#830,#688,.T.);
#1018=EDGE_CURVE('',#830,#810,#380,.T.);
#1019=EDGE_CURVE('',#809,#825,#381,.T.);
#1020=EDGE_CURVE('',#813,#831,#382,.T.);
#1021=EDGE_CURVE('',#831,#832,#383,.T.);
#1022=EDGE_CURVE('',#832,#814,#384,.T.);
#1023=EDGE_CURVE('',#833,#824,#385,.T.);
#1024=EDGE_CURVE('',#823,#834,#386,.T.);
#1025=EDGE_CURVE('',#834,#833,#387,.T.);
#1026=EDGE_CURVE('',#835,#836,#388,.T.);
#1027=EDGE_CURVE('',#836,#808,#389,.T.);
#1028=EDGE_CURVE('',#807,#835,#390,.T.);
#1029=EDGE_CURVE('',#817,#837,#391,.T.);
#1030=EDGE_CURVE('',#837,#838,#392,.T.);
#1031=EDGE_CURVE('',#838,#818,#393,.T.);
#1032=EDGE_CURVE('',#816,#839,#394,.T.);
#1033=EDGE_CURVE('',#839,#837,#395,.T.);
#1034=EDGE_CURVE('',#815,#840,#396,.T.);
#1035=EDGE_CURVE('',#840,#839,#397,.T.);
#1036=EDGE_CURVE('',#832,#840,#398,.T.);
#1037=EDGE_CURVE('',#795,#841,#399,.T.);
#1038=EDGE_CURVE('',#841,#842,#400,.T.);
#1039=EDGE_CURVE('',#842,#796,#401,.T.);
#1040=EDGE_CURVE('',#831,#843,#402,.T.);
#1041=EDGE_CURVE('',#843,#841,#403,.T.);
#1042=EDGE_CURVE('',#794,#844,#404,.T.);
#1043=EDGE_CURVE('',#844,#845,#405,.T.);
#1044=EDGE_CURVE('',#845,#838,#406,.T.);
#1045=EDGE_CURVE('',#846,#750,#689,.T.);
#1046=EDGE_CURVE('',#749,#847,#407,.T.);
#1047=EDGE_CURVE('',#847,#848,#408,.T.);
#1048=EDGE_CURVE('',#848,#846,#409,.T.);
#1049=EDGE_CURVE('',#848,#849,#410,.T.);
#1050=EDGE_CURVE('',#849,#850,#411,.T.);
#1051=EDGE_CURVE('',#850,#846,#412,.T.);
#1052=EDGE_CURVE('',#849,#851,#413,.T.);
#1053=EDGE_CURVE('',#851,#752,#414,.T.);
#1054=EDGE_CURVE('',#751,#850,#690,.T.);
#1055=EDGE_CURVE('',#753,#852,#415,.T.);
#1056=EDGE_CURVE('',#852,#853,#416,.T.);
#1057=EDGE_CURVE('',#853,#854,#417,.T.);
#1058=EDGE_CURVE('',#854,#754,#691,.T.);
#1059=EDGE_CURVE('',#761,#855,#418,.T.);
#1060=EDGE_CURVE('',#855,#792,#419,.T.);
#1061=EDGE_CURVE('',#855,#856,#692,.T.);
#1062=EDGE_CURVE('',#856,#857,#420,.T.);
#1063=EDGE_CURVE('',#857,#793,#421,.T.);
#1064=EDGE_CURVE('',#858,#858,#693,.T.);
#1065=EDGE_CURVE('',#759,#859,#694,.T.);
#1066=EDGE_CURVE('',#859,#857,#422,.T.);
#1067=EDGE_CURVE('',#856,#760,#423,.T.);
#1068=EDGE_CURVE('',#843,#860,#424,.T.);
#1069=EDGE_CURVE('',#860,#861,#425,.T.);
#1070=EDGE_CURVE('',#861,#845,#426,.T.);
#1071=EDGE_CURVE('',#844,#862,#427,.T.);
#1072=EDGE_CURVE('',#862,#863,#428,.T.);
#1073=EDGE_CURVE('',#863,#864,#429,.T.);
#1074=EDGE_CURVE('',#864,#854,#430,.T.);
#1075=EDGE_CURVE('',#853,#842,#431,.T.);
#1076=EDGE_CURVE('',#755,#864,#695,.T.);
#1077=EDGE_CURVE('',#863,#865,#432,.T.);
#1078=EDGE_CURVE('',#865,#756,#433,.T.);
#1079=EDGE_CURVE('',#859,#866,#434,.T.);
#1080=EDGE_CURVE('',#866,#867,#435,.T.);
#1081=EDGE_CURVE('',#867,#862,#436,.T.);
#1082=EDGE_CURVE('',#757,#868,#437,.T.);
#1083=EDGE_CURVE('',#868,#867,#438,.T.);
#1084=EDGE_CURVE('',#866,#758,#696,.T.);
#1085=EDGE_CURVE('',#868,#865,#697,.T.);
#1086=EDGE_CURVE('',#869,#869,#698,.T.);
#1087=EDGE_CURVE('',#797,#870,#439,.T.);
#1088=EDGE_CURVE('',#870,#748,#440,.T.);
#1089=EDGE_CURVE('',#852,#851,#699,.T.);
#1090=EDGE_CURVE('',#847,#870,#700,.T.);
#1091=EDGE_CURVE('',#871,#871,#701,.T.);
#1092=EDGE_CURVE('',#872,#872,#702,.T.);
#1093=EDGE_CURVE('',#873,#874,#703,.T.);
#1094=EDGE_CURVE('',#874,#875,#441,.T.);
#1095=EDGE_CURVE('',#875,#876,#704,.T.);
#1096=EDGE_CURVE('',#876,#820,#442,.T.);
#1097=EDGE_CURVE('',#819,#877,#443,.T.);
#1098=EDGE_CURVE('',#877,#878,#444,.T.);
#1099=EDGE_CURVE('',#878,#812,#445,.T.);
#1100=EDGE_CURVE('',#811,#873,#446,.T.);
#1101=EDGE_CURVE('',#773,#833,#447,.T.);
#1102=EDGE_CURVE('',#834,#774,#448,.T.);
#1103=EDGE_CURVE('',#835,#778,#449,.T.);
#1104=EDGE_CURVE('',#777,#836,#450,.T.);
#1105=EDGE_CURVE('',#775,#826,#451,.T.);
#1106=EDGE_CURVE('',#825,#776,#452,.T.);
#1107=EDGE_CURVE('',#871,#879,#453,.T.);
#1108=EDGE_CURVE('',#879,#880,#707,.T.);
#1109=EDGE_CURVE('',#880,#879,#708,.T.);
#1110=EDGE_CURVE('',#881,#882,#709,.T.);
#1111=EDGE_CURVE('',#882,#881,#710,.T.);
#1112=EDGE_CURVE('',#881,#787,#454,.T.);
#1113=EDGE_CURVE('',#872,#883,#455,.T.);
#1114=EDGE_CURVE('',#883,#884,#711,.T.);
#1115=EDGE_CURVE('',#884,#883,#712,.T.);
#1116=EDGE_CURVE('',#885,#886,#713,.T.);
#1117=EDGE_CURVE('',#886,#885,#714,.T.);
#1118=EDGE_CURVE('',#885,#785,#456,.T.);
#1119=EDGE_CURVE('',#869,#887,#457,.T.);
#1120=EDGE_CURVE('',#887,#888,#715,.T.);
#1121=EDGE_CURVE('',#888,#887,#716,.T.);
#1122=EDGE_CURVE('',#889,#890,#717,.T.);
#1123=EDGE_CURVE('',#890,#889,#718,.T.);
#1124=EDGE_CURVE('',#889,#784,#458,.T.);
#1125=EDGE_CURVE('',#858,#891,#459,.T.);
#1126=EDGE_CURVE('',#891,#892,#719,.T.);
#1127=EDGE_CURVE('',#892,#891,#720,.T.);
#1128=EDGE_CURVE('',#893,#894,#721,.T.);
#1129=EDGE_CURVE('',#894,#893,#722,.T.);
#1130=EDGE_CURVE('',#893,#786,#460,.T.);
#1131=EDGE_CURVE('',#734,#835,#723,.T.);
#1132=EDGE_CURVE('',#836,#825,#724,.T.);
#1133=EDGE_CURVE('',#833,#737,#725,.T.);
#1134=EDGE_CURVE('',#826,#834,#726,.T.);
#1135=EDGE_CURVE('',#875,#828,#461,.T.);
#1136=EDGE_CURVE('',#827,#876,#462,.T.);
#1137=EDGE_CURVE('',#873,#830,#463,.T.);
#1138=EDGE_CURVE('',#829,#874,#464,.T.);
#1139=EDGE_CURVE('',#890,#888,#465,.T.);
#1140=EDGE_CURVE('',#886,#884,#466,.T.);
#1141=EDGE_CURVE('',#882,#880,#467,.T.);
#1142=EDGE_CURVE('',#894,#892,#468,.T.);
#1143=EDGE_CURVE('',#861,#877,#469,.T.);
#1144=EDGE_CURVE('',#878,#860,#470,.T.);
#1145=EDGE_CURVE('',#744,#790,#471,.T.);
#1146=EDGE_CURVE('',#791,#743,#472,.T.);
#1147=EDGE_CURVE('',#788,#746,#473,.T.);
#1148=EDGE_CURVE('',#789,#745,#474,.T.);
#1149=ORIENTED_EDGE('',*,*,#895,.F.);
#1150=ORIENTED_EDGE('',*,*,#896,.F.);
#1151=ORIENTED_EDGE('',*,*,#897,.F.);
#1152=ORIENTED_EDGE('',*,*,#898,.F.);
#1153=ORIENTED_EDGE('',*,*,#899,.F.);
#1154=ORIENTED_EDGE('',*,*,#900,.F.);
#1155=ORIENTED_EDGE('',*,*,#901,.T.);
#1156=ORIENTED_EDGE('',*,*,#902,.T.);
#1157=ORIENTED_EDGE('',*,*,#903,.F.);
#1158=ORIENTED_EDGE('',*,*,#904,.T.);
#1159=ORIENTED_EDGE('',*,*,#905,.T.);
#1160=ORIENTED_EDGE('',*,*,#906,.T.);
#1161=ORIENTED_EDGE('',*,*,#907,.T.);
#1162=ORIENTED_EDGE('',*,*,#908,.T.);
#1163=ORIENTED_EDGE('',*,*,#895,.T.);
#1164=ORIENTED_EDGE('',*,*,#909,.F.);
#1165=ORIENTED_EDGE('',*,*,#910,.F.);
#1166=ORIENTED_EDGE('',*,*,#911,.F.);
#1167=ORIENTED_EDGE('',*,*,#900,.T.);
#1168=ORIENTED_EDGE('',*,*,#912,.T.);
#1169=ORIENTED_EDGE('',*,*,#913,.T.);
#1170=ORIENTED_EDGE('',*,*,#914,.T.);
#1171=ORIENTED_EDGE('',*,*,#915,.T.);
#1172=ORIENTED_EDGE('',*,*,#916,.T.);
#1173=ORIENTED_EDGE('',*,*,#898,.T.);
#1174=ORIENTED_EDGE('',*,*,#917,.T.);
#1175=ORIENTED_EDGE('',*,*,#918,.T.);
#1176=ORIENTED_EDGE('',*,*,#919,.T.);
#1177=ORIENTED_EDGE('',*,*,#920,.F.);
#1178=ORIENTED_EDGE('',*,*,#921,.T.);
#1179=ORIENTED_EDGE('',*,*,#922,.F.);
#1180=ORIENTED_EDGE('',*,*,#923,.T.);
#1181=ORIENTED_EDGE('',*,*,#924,.F.);
#1182=ORIENTED_EDGE('',*,*,#925,.T.);
#1183=ORIENTED_EDGE('',*,*,#926,.T.);
#1184=ORIENTED_EDGE('',*,*,#927,.T.);
#1185=ORIENTED_EDGE('',*,*,#928,.T.);
#1186=ORIENTED_EDGE('',*,*,#929,.T.);
#1187=ORIENTED_EDGE('',*,*,#930,.T.);
#1188=ORIENTED_EDGE('',*,*,#931,.T.);
#1189=ORIENTED_EDGE('',*,*,#932,.F.);
#1190=ORIENTED_EDGE('',*,*,#909,.T.);
#1191=ORIENTED_EDGE('',*,*,#933,.T.);
#1192=ORIENTED_EDGE('',*,*,#934,.T.);
#1193=ORIENTED_EDGE('',*,*,#935,.T.);
#1194=ORIENTED_EDGE('',*,*,#936,.T.);
#1195=ORIENTED_EDGE('',*,*,#937,.T.);
#1196=ORIENTED_EDGE('',*,*,#938,.T.);
#1197=ORIENTED_EDGE('',*,*,#939,.F.);
#1198=ORIENTED_EDGE('',*,*,#940,.F.);
#1199=ORIENTED_EDGE('',*,*,#907,.F.);
#1200=ORIENTED_EDGE('',*,*,#941,.F.);
#1201=ORIENTED_EDGE('',*,*,#942,.F.);
#1202=ORIENTED_EDGE('',*,*,#943,.T.);
#1203=ORIENTED_EDGE('',*,*,#944,.F.);
#1204=ORIENTED_EDGE('',*,*,#938,.F.);
#1205=ORIENTED_EDGE('',*,*,#937,.F.);
#1206=ORIENTED_EDGE('',*,*,#943,.F.);
#1207=ORIENTED_EDGE('',*,*,#939,.T.);
#1208=ORIENTED_EDGE('',*,*,#944,.T.);
#1209=ORIENTED_EDGE('',*,*,#942,.T.);
#1210=ORIENTED_EDGE('',*,*,#945,.T.);
#1211=ORIENTED_EDGE('',*,*,#946,.T.);
#1212=ORIENTED_EDGE('',*,*,#947,.T.);
#1213=ORIENTED_EDGE('',*,*,#948,.T.);
#1214=ORIENTED_EDGE('',*,*,#949,.T.);
#1215=ORIENTED_EDGE('',*,*,#950,.T.);
#1216=ORIENTED_EDGE('',*,*,#951,.T.);
#1217=ORIENTED_EDGE('',*,*,#952,.T.);
#1218=ORIENTED_EDGE('',*,*,#953,.T.);
#1219=ORIENTED_EDGE('',*,*,#954,.T.);
#1220=ORIENTED_EDGE('',*,*,#955,.T.);
#1221=ORIENTED_EDGE('',*,*,#956,.T.);
#1222=ORIENTED_EDGE('',*,*,#957,.T.);
#1223=ORIENTED_EDGE('',*,*,#958,.T.);
#1224=ORIENTED_EDGE('',*,*,#959,.T.);
#1225=ORIENTED_EDGE('',*,*,#960,.T.);
#1226=ORIENTED_EDGE('',*,*,#961,.T.);
#1227=ORIENTED_EDGE('',*,*,#962,.T.);
#1228=ORIENTED_EDGE('',*,*,#963,.T.);
#1229=ORIENTED_EDGE('',*,*,#964,.T.);
#1230=ORIENTED_EDGE('',*,*,#965,.T.);
#1231=ORIENTED_EDGE('',*,*,#941,.T.);
#1232=ORIENTED_EDGE('',*,*,#906,.F.);
#1233=ORIENTED_EDGE('',*,*,#905,.F.);
#1234=ORIENTED_EDGE('',*,*,#966,.T.);
#1235=ORIENTED_EDGE('',*,*,#945,.F.);
#1236=ORIENTED_EDGE('',*,*,#940,.T.);
#1237=ORIENTED_EDGE('',*,*,#953,.F.);
#1238=ORIENTED_EDGE('',*,*,#967,.T.);
#1239=ORIENTED_EDGE('',*,*,#901,.F.);
#1240=ORIENTED_EDGE('',*,*,#908,.F.);
#1241=ORIENTED_EDGE('',*,*,#896,.T.);
#1242=ORIENTED_EDGE('',*,*,#911,.T.);
#1243=ORIENTED_EDGE('',*,*,#968,.F.);
#1244=ORIENTED_EDGE('',*,*,#969,.T.);
#1245=ORIENTED_EDGE('',*,*,#970,.T.);
#1246=ORIENTED_EDGE('',*,*,#971,.F.);
#1247=ORIENTED_EDGE('',*,*,#972,.F.);
#1248=ORIENTED_EDGE('',*,*,#973,.T.);
#1249=ORIENTED_EDGE('',*,*,#974,.T.);
#1250=ORIENTED_EDGE('',*,*,#975,.T.);
#1251=ORIENTED_EDGE('',*,*,#897,.T.);
#1252=ORIENTED_EDGE('',*,*,#975,.F.);
#1253=ORIENTED_EDGE('',*,*,#976,.F.);
#1254=ORIENTED_EDGE('',*,*,#917,.F.);
#1255=ORIENTED_EDGE('',*,*,#977,.T.);
#1256=ORIENTED_EDGE('',*,*,#978,.T.);
#1257=ORIENTED_EDGE('',*,*,#979,.T.);
#1258=ORIENTED_EDGE('',*,*,#980,.T.);
#1259=ORIENTED_EDGE('',*,*,#981,.T.);
#1260=ORIENTED_EDGE('',*,*,#982,.T.);
#1261=ORIENTED_EDGE('',*,*,#983,.T.);
#1262=ORIENTED_EDGE('',*,*,#984,.T.);
#1263=ORIENTED_EDGE('',*,*,#977,.F.);
#1264=ORIENTED_EDGE('',*,*,#985,.T.);
#1265=ORIENTED_EDGE('',*,*,#957,.F.);
#1266=ORIENTED_EDGE('',*,*,#985,.F.);
#1267=ORIENTED_EDGE('',*,*,#978,.F.);
#1268=ORIENTED_EDGE('',*,*,#986,.T.);
#1269=ORIENTED_EDGE('',*,*,#936,.F.);
#1270=ORIENTED_EDGE('',*,*,#986,.F.);
#1271=ORIENTED_EDGE('',*,*,#979,.F.);
#1272=ORIENTED_EDGE('',*,*,#987,.T.);
#1273=ORIENTED_EDGE('',*,*,#955,.F.);
#1274=ORIENTED_EDGE('',*,*,#987,.F.);
#1275=ORIENTED_EDGE('',*,*,#980,.F.);
#1276=ORIENTED_EDGE('',*,*,#988,.T.);
#1277=ORIENTED_EDGE('',*,*,#933,.F.);
#1278=ORIENTED_EDGE('',*,*,#988,.F.);
#1279=ORIENTED_EDGE('',*,*,#981,.F.);
#1280=ORIENTED_EDGE('',*,*,#989,.T.);
#1281=ORIENTED_EDGE('',*,*,#954,.F.);
#1282=ORIENTED_EDGE('',*,*,#989,.F.);
#1283=ORIENTED_EDGE('',*,*,#982,.F.);
#1284=ORIENTED_EDGE('',*,*,#990,.T.);
#1285=ORIENTED_EDGE('',*,*,#935,.F.);
#1286=ORIENTED_EDGE('',*,*,#990,.F.);
#1287=ORIENTED_EDGE('',*,*,#983,.F.);
#1288=ORIENTED_EDGE('',*,*,#991,.T.);
#1289=ORIENTED_EDGE('',*,*,#956,.F.);
#1290=ORIENTED_EDGE('',*,*,#991,.F.);
#1291=ORIENTED_EDGE('',*,*,#984,.F.);
#1292=ORIENTED_EDGE('',*,*,#992,.T.);
#1293=ORIENTED_EDGE('',*,*,#934,.F.);
#1294=ORIENTED_EDGE('',*,*,#992,.F.);
#1295=ORIENTED_EDGE('',*,*,#993,.T.);
#1296=ORIENTED_EDGE('',*,*,#994,.T.);
#1297=ORIENTED_EDGE('',*,*,#995,.T.);
#1298=ORIENTED_EDGE('',*,*,#996,.T.);
#1299=ORIENTED_EDGE('',*,*,#997,.T.);
#1300=ORIENTED_EDGE('',*,*,#998,.T.);
#1301=ORIENTED_EDGE('',*,*,#999,.T.);
#1302=ORIENTED_EDGE('',*,*,#1000,.T.);
#1303=ORIENTED_EDGE('',*,*,#1001,.T.);
#1304=ORIENTED_EDGE('',*,*,#1002,.T.);
#1305=ORIENTED_EDGE('',*,*,#1003,.T.);
#1306=ORIENTED_EDGE('',*,*,#1004,.T.);
#1307=ORIENTED_EDGE('',*,*,#1005,.T.);
#1308=ORIENTED_EDGE('',*,*,#1006,.T.);
#1309=ORIENTED_EDGE('',*,*,#1007,.T.);
#1310=ORIENTED_EDGE('',*,*,#1008,.T.);
#1311=ORIENTED_EDGE('',*,*,#1009,.T.);
#1312=ORIENTED_EDGE('',*,*,#1010,.T.);
#1313=ORIENTED_EDGE('',*,*,#1011,.T.);
#1314=ORIENTED_EDGE('',*,*,#903,.T.);
#1315=ORIENTED_EDGE('',*,*,#1012,.T.);
#1316=ORIENTED_EDGE('',*,*,#1013,.T.);
#1317=ORIENTED_EDGE('',*,*,#1008,.F.);
#1318=ORIENTED_EDGE('',*,*,#1014,.T.);
#1319=ORIENTED_EDGE('',*,*,#1015,.T.);
#1320=ORIENTED_EDGE('',*,*,#1016,.T.);
#1321=ORIENTED_EDGE('',*,*,#1017,.T.);
#1322=ORIENTED_EDGE('',*,*,#1018,.T.);
#1323=ORIENTED_EDGE('',*,*,#996,.F.);
#1324=ORIENTED_EDGE('',*,*,#1019,.T.);
#1325=ORIENTED_EDGE('',*,*,#1000,.F.);
#1326=ORIENTED_EDGE('',*,*,#1020,.T.);
#1327=ORIENTED_EDGE('',*,*,#1021,.T.);
#1328=ORIENTED_EDGE('',*,*,#1022,.T.);
#1329=ORIENTED_EDGE('',*,*,#1023,.T.);
#1330=ORIENTED_EDGE('',*,*,#1010,.F.);
#1331=ORIENTED_EDGE('',*,*,#1024,.T.);
#1332=ORIENTED_EDGE('',*,*,#1025,.T.);
#1333=ORIENTED_EDGE('',*,*,#1026,.T.);
#1334=ORIENTED_EDGE('',*,*,#1027,.T.);
#1335=ORIENTED_EDGE('',*,*,#994,.F.);
#1336=ORIENTED_EDGE('',*,*,#1028,.T.);
#1337=ORIENTED_EDGE('',*,*,#1004,.F.);
#1338=ORIENTED_EDGE('',*,*,#1029,.T.);
#1339=ORIENTED_EDGE('',*,*,#1030,.T.);
#1340=ORIENTED_EDGE('',*,*,#1031,.T.);
#1341=ORIENTED_EDGE('',*,*,#1032,.T.);
#1342=ORIENTED_EDGE('',*,*,#1033,.T.);
#1343=ORIENTED_EDGE('',*,*,#1029,.F.);
#1344=ORIENTED_EDGE('',*,*,#1003,.F.);
#1345=ORIENTED_EDGE('',*,*,#1034,.T.);
#1346=ORIENTED_EDGE('',*,*,#1035,.T.);
#1347=ORIENTED_EDGE('',*,*,#1032,.F.);
#1348=ORIENTED_EDGE('',*,*,#1002,.F.);
#1349=ORIENTED_EDGE('',*,*,#1001,.F.);
#1350=ORIENTED_EDGE('',*,*,#1022,.F.);
#1351=ORIENTED_EDGE('',*,*,#1036,.T.);
#1352=ORIENTED_EDGE('',*,*,#1034,.F.);
#1353=ORIENTED_EDGE('',*,*,#972,.T.);
#1354=ORIENTED_EDGE('',*,*,#1037,.T.);
#1355=ORIENTED_EDGE('',*,*,#1038,.T.);
#1356=ORIENTED_EDGE('',*,*,#1039,.T.);
#1357=ORIENTED_EDGE('',*,*,#1036,.F.);
#1358=ORIENTED_EDGE('',*,*,#1021,.F.);
#1359=ORIENTED_EDGE('',*,*,#1040,.T.);
#1360=ORIENTED_EDGE('',*,*,#1041,.T.);
#1361=ORIENTED_EDGE('',*,*,#1037,.F.);
#1362=ORIENTED_EDGE('',*,*,#971,.T.);
#1363=ORIENTED_EDGE('',*,*,#1042,.T.);
#1364=ORIENTED_EDGE('',*,*,#1043,.T.);
#1365=ORIENTED_EDGE('',*,*,#1044,.T.);
#1366=ORIENTED_EDGE('',*,*,#1030,.F.);
#1367=ORIENTED_EDGE('',*,*,#1033,.F.);
#1368=ORIENTED_EDGE('',*,*,#1035,.F.);
#1369=ORIENTED_EDGE('',*,*,#1045,.T.);
#1370=ORIENTED_EDGE('',*,*,#920,.T.);
#1371=ORIENTED_EDGE('',*,*,#1046,.T.);
#1372=ORIENTED_EDGE('',*,*,#1047,.T.);
#1373=ORIENTED_EDGE('',*,*,#1048,.T.);
#1374=ORIENTED_EDGE('',*,*,#1048,.F.);
#1375=ORIENTED_EDGE('',*,*,#1049,.T.);
#1376=ORIENTED_EDGE('',*,*,#1050,.T.);
#1377=ORIENTED_EDGE('',*,*,#1051,.T.);
#1378=ORIENTED_EDGE('',*,*,#1050,.F.);
#1379=ORIENTED_EDGE('',*,*,#1052,.T.);
#1380=ORIENTED_EDGE('',*,*,#1053,.T.);
#1381=ORIENTED_EDGE('',*,*,#922,.T.);
#1382=ORIENTED_EDGE('',*,*,#1054,.T.);
#1383=ORIENTED_EDGE('',*,*,#1055,.T.);
#1384=ORIENTED_EDGE('',*,*,#1056,.T.);
#1385=ORIENTED_EDGE('',*,*,#1057,.T.);
#1386=ORIENTED_EDGE('',*,*,#1058,.T.);
#1387=ORIENTED_EDGE('',*,*,#924,.T.);
#1388=ORIENTED_EDGE('',*,*,#910,.T.);
#1389=ORIENTED_EDGE('',*,*,#932,.T.);
#1390=ORIENTED_EDGE('',*,*,#1059,.T.);
#1391=ORIENTED_EDGE('',*,*,#1060,.T.);
#1392=ORIENTED_EDGE('',*,*,#968,.T.);
#1393=ORIENTED_EDGE('',*,*,#1060,.F.);
#1394=ORIENTED_EDGE('',*,*,#1061,.T.);
#1395=ORIENTED_EDGE('',*,*,#1062,.T.);
#1396=ORIENTED_EDGE('',*,*,#1063,.T.);
#1397=ORIENTED_EDGE('',*,*,#969,.F.);
#1398=ORIENTED_EDGE('',*,*,#1064,.T.);
#1399=ORIENTED_EDGE('',*,*,#930,.F.);
#1400=ORIENTED_EDGE('',*,*,#1065,.T.);
#1401=ORIENTED_EDGE('',*,*,#1066,.T.);
#1402=ORIENTED_EDGE('',*,*,#1062,.F.);
#1403=ORIENTED_EDGE('',*,*,#1067,.T.);
#1404=ORIENTED_EDGE('',*,*,#1038,.F.);
#1405=ORIENTED_EDGE('',*,*,#1041,.F.);
#1406=ORIENTED_EDGE('',*,*,#1068,.T.);
#1407=ORIENTED_EDGE('',*,*,#1069,.T.);
#1408=ORIENTED_EDGE('',*,*,#1070,.T.);
#1409=ORIENTED_EDGE('',*,*,#1043,.F.);
#1410=ORIENTED_EDGE('',*,*,#1071,.T.);
#1411=ORIENTED_EDGE('',*,*,#1072,.T.);
#1412=ORIENTED_EDGE('',*,*,#1073,.T.);
#1413=ORIENTED_EDGE('',*,*,#1074,.T.);
#1414=ORIENTED_EDGE('',*,*,#1057,.F.);
#1415=ORIENTED_EDGE('',*,*,#1075,.T.);
#1416=ORIENTED_EDGE('',*,*,#926,.F.);
#1417=ORIENTED_EDGE('',*,*,#1076,.T.);
#1418=ORIENTED_EDGE('',*,*,#1073,.F.);
#1419=ORIENTED_EDGE('',*,*,#1077,.T.);
#1420=ORIENTED_EDGE('',*,*,#1078,.T.);
#1421=ORIENTED_EDGE('',*,*,#1063,.F.);
#1422=ORIENTED_EDGE('',*,*,#1066,.F.);
#1423=ORIENTED_EDGE('',*,*,#1079,.T.);
#1424=ORIENTED_EDGE('',*,*,#1080,.T.);
#1425=ORIENTED_EDGE('',*,*,#1081,.T.);
#1426=ORIENTED_EDGE('',*,*,#1071,.F.);
#1427=ORIENTED_EDGE('',*,*,#1042,.F.);
#1428=ORIENTED_EDGE('',*,*,#970,.F.);
#1429=ORIENTED_EDGE('',*,*,#1082,.T.);
#1430=ORIENTED_EDGE('',*,*,#1083,.T.);
#1431=ORIENTED_EDGE('',*,*,#1080,.F.);
#1432=ORIENTED_EDGE('',*,*,#1084,.T.);
#1433=ORIENTED_EDGE('',*,*,#928,.F.);
#1434=ORIENTED_EDGE('',*,*,#1085,.T.);
#1435=ORIENTED_EDGE('',*,*,#1077,.F.);
#1436=ORIENTED_EDGE('',*,*,#1072,.F.);
#1437=ORIENTED_EDGE('',*,*,#1081,.F.);
#1438=ORIENTED_EDGE('',*,*,#1083,.F.);
#1439=ORIENTED_EDGE('',*,*,#1086,.T.);
#1440=ORIENTED_EDGE('',*,*,#974,.F.);
#1441=ORIENTED_EDGE('',*,*,#1087,.T.);
#1442=ORIENTED_EDGE('',*,*,#1088,.T.);
#1443=ORIENTED_EDGE('',*,*,#918,.F.);
#1444=ORIENTED_EDGE('',*,*,#976,.T.);
#1445=ORIENTED_EDGE('',*,*,#1039,.F.);
#1446=ORIENTED_EDGE('',*,*,#1075,.F.);
#1447=ORIENTED_EDGE('',*,*,#1056,.F.);
#1448=ORIENTED_EDGE('',*,*,#1089,.T.);
#1449=ORIENTED_EDGE('',*,*,#1052,.F.);
#1450=ORIENTED_EDGE('',*,*,#1049,.F.);
#1451=ORIENTED_EDGE('',*,*,#1047,.F.);
#1452=ORIENTED_EDGE('',*,*,#1090,.T.);
#1453=ORIENTED_EDGE('',*,*,#1087,.F.);
#1454=ORIENTED_EDGE('',*,*,#973,.F.);
#1455=ORIENTED_EDGE('',*,*,#1091,.T.);
#1456=ORIENTED_EDGE('',*,*,#1092,.T.);
#1457=ORIENTED_EDGE('',*,*,#1093,.T.);
#1458=ORIENTED_EDGE('',*,*,#1094,.T.);
#1459=ORIENTED_EDGE('',*,*,#1095,.T.);
#1460=ORIENTED_EDGE('',*,*,#1096,.T.);
#1461=ORIENTED_EDGE('',*,*,#1006,.F.);
#1462=ORIENTED_EDGE('',*,*,#1097,.T.);
#1463=ORIENTED_EDGE('',*,*,#1098,.T.);
#1464=ORIENTED_EDGE('',*,*,#1099,.T.);
#1465=ORIENTED_EDGE('',*,*,#998,.F.);
#1466=ORIENTED_EDGE('',*,*,#1100,.T.);
#1467=ORIENTED_EDGE('',*,*,#1101,.T.);
#1468=ORIENTED_EDGE('',*,*,#1025,.F.);
#1469=ORIENTED_EDGE('',*,*,#1102,.T.);
#1470=ORIENTED_EDGE('',*,*,#947,.F.);
#1471=ORIENTED_EDGE('',*,*,#1103,.T.);
#1472=ORIENTED_EDGE('',*,*,#951,.F.);
#1473=ORIENTED_EDGE('',*,*,#1104,.T.);
#1474=ORIENTED_EDGE('',*,*,#1026,.F.);
#1475=ORIENTED_EDGE('',*,*,#949,.F.);
#1476=ORIENTED_EDGE('',*,*,#1105,.T.);
#1477=ORIENTED_EDGE('',*,*,#1012,.F.);
#1478=ORIENTED_EDGE('',*,*,#1106,.T.);
#1479=ORIENTED_EDGE('',*,*,#1088,.F.);
#1480=ORIENTED_EDGE('',*,*,#1090,.F.);
#1481=ORIENTED_EDGE('',*,*,#1046,.F.);
#1482=ORIENTED_EDGE('',*,*,#919,.F.);
#1483=ORIENTED_EDGE('',*,*,#1053,.F.);
#1484=ORIENTED_EDGE('',*,*,#1089,.F.);
#1485=ORIENTED_EDGE('',*,*,#1055,.F.);
#1486=ORIENTED_EDGE('',*,*,#923,.F.);
#1487=ORIENTED_EDGE('',*,*,#931,.F.);
#1488=ORIENTED_EDGE('',*,*,#1067,.F.);
#1489=ORIENTED_EDGE('',*,*,#1061,.F.);
#1490=ORIENTED_EDGE('',*,*,#1059,.F.);
#1491=ORIENTED_EDGE('',*,*,#927,.F.);
#1492=ORIENTED_EDGE('',*,*,#1078,.F.);
#1493=ORIENTED_EDGE('',*,*,#1085,.F.);
#1494=ORIENTED_EDGE('',*,*,#1082,.F.);
#1495=ORIENTED_EDGE('',*,*,#1091,.F.);
#1496=ORIENTED_EDGE('',*,*,#1107,.T.);
#1497=ORIENTED_EDGE('',*,*,#1108,.T.);
#1498=ORIENTED_EDGE('',*,*,#1109,.T.);
#1499=ORIENTED_EDGE('',*,*,#1107,.F.);
#1500=ORIENTED_EDGE('',*,*,#1110,.T.);
#1501=ORIENTED_EDGE('',*,*,#1111,.T.);
#1502=ORIENTED_EDGE('',*,*,#1112,.T.);
#1503=ORIENTED_EDGE('',*,*,#961,.F.);
#1504=ORIENTED_EDGE('',*,*,#1112,.F.);
#1505=ORIENTED_EDGE('',*,*,#1092,.F.);
#1506=ORIENTED_EDGE('',*,*,#1113,.T.);
#1507=ORIENTED_EDGE('',*,*,#1114,.T.);
#1508=ORIENTED_EDGE('',*,*,#1115,.T.);
#1509=ORIENTED_EDGE('',*,*,#1113,.F.);
#1510=ORIENTED_EDGE('',*,*,#1116,.T.);
#1511=ORIENTED_EDGE('',*,*,#1117,.T.);
#1512=ORIENTED_EDGE('',*,*,#1118,.T.);
#1513=ORIENTED_EDGE('',*,*,#959,.F.);
#1514=ORIENTED_EDGE('',*,*,#1118,.F.);
#1515=ORIENTED_EDGE('',*,*,#1086,.F.);
#1516=ORIENTED_EDGE('',*,*,#1119,.T.);
#1517=ORIENTED_EDGE('',*,*,#1120,.T.);
#1518=ORIENTED_EDGE('',*,*,#1121,.T.);
#1519=ORIENTED_EDGE('',*,*,#1119,.F.);
#1520=ORIENTED_EDGE('',*,*,#1122,.T.);
#1521=ORIENTED_EDGE('',*,*,#1123,.T.);
#1522=ORIENTED_EDGE('',*,*,#1124,.T.);
#1523=ORIENTED_EDGE('',*,*,#958,.F.);
#1524=ORIENTED_EDGE('',*,*,#1124,.F.);
#1525=ORIENTED_EDGE('',*,*,#1064,.F.);
#1526=ORIENTED_EDGE('',*,*,#1125,.T.);
#1527=ORIENTED_EDGE('',*,*,#1126,.T.);
#1528=ORIENTED_EDGE('',*,*,#1127,.T.);
#1529=ORIENTED_EDGE('',*,*,#1125,.F.);
#1530=ORIENTED_EDGE('',*,*,#1128,.T.);
#1531=ORIENTED_EDGE('',*,*,#1129,.T.);
#1532=ORIENTED_EDGE('',*,*,#1130,.T.);
#1533=ORIENTED_EDGE('',*,*,#960,.F.);
#1534=ORIENTED_EDGE('',*,*,#1130,.F.);
#1535=ORIENTED_EDGE('',*,*,#1131,.T.);
#1536=ORIENTED_EDGE('',*,*,#1028,.F.);
#1537=ORIENTED_EDGE('',*,*,#993,.F.);
#1538=ORIENTED_EDGE('',*,*,#902,.F.);
#1539=ORIENTED_EDGE('',*,*,#1132,.T.);
#1540=ORIENTED_EDGE('',*,*,#1019,.F.);
#1541=ORIENTED_EDGE('',*,*,#995,.F.);
#1542=ORIENTED_EDGE('',*,*,#1027,.F.);
#1543=ORIENTED_EDGE('',*,*,#904,.F.);
#1544=ORIENTED_EDGE('',*,*,#1011,.F.);
#1545=ORIENTED_EDGE('',*,*,#1023,.F.);
#1546=ORIENTED_EDGE('',*,*,#1133,.T.);
#1547=ORIENTED_EDGE('',*,*,#1024,.F.);
#1548=ORIENTED_EDGE('',*,*,#1009,.F.);
#1549=ORIENTED_EDGE('',*,*,#1013,.F.);
#1550=ORIENTED_EDGE('',*,*,#1134,.T.);
#1551=ORIENTED_EDGE('',*,*,#1058,.F.);
#1552=ORIENTED_EDGE('',*,*,#1074,.F.);
#1553=ORIENTED_EDGE('',*,*,#1076,.F.);
#1554=ORIENTED_EDGE('',*,*,#925,.F.);
#1555=ORIENTED_EDGE('',*,*,#1051,.F.);
#1556=ORIENTED_EDGE('',*,*,#1054,.F.);
#1557=ORIENTED_EDGE('',*,*,#921,.F.);
#1558=ORIENTED_EDGE('',*,*,#1045,.F.);
#1559=ORIENTED_EDGE('',*,*,#929,.F.);
#1560=ORIENTED_EDGE('',*,*,#1084,.F.);
#1561=ORIENTED_EDGE('',*,*,#1079,.F.);
#1562=ORIENTED_EDGE('',*,*,#1065,.F.);
#1563=ORIENTED_EDGE('',*,*,#1135,.T.);
#1564=ORIENTED_EDGE('',*,*,#1015,.F.);
#1565=ORIENTED_EDGE('',*,*,#1136,.T.);
#1566=ORIENTED_EDGE('',*,*,#1095,.F.);
#1567=ORIENTED_EDGE('',*,*,#1137,.T.);
#1568=ORIENTED_EDGE('',*,*,#1017,.F.);
#1569=ORIENTED_EDGE('',*,*,#1138,.T.);
#1570=ORIENTED_EDGE('',*,*,#1093,.F.);
#1571=ORIENTED_EDGE('',*,*,#1122,.F.);
#1572=ORIENTED_EDGE('',*,*,#1123,.F.);
#1573=ORIENTED_EDGE('',*,*,#1139,.T.);
#1574=ORIENTED_EDGE('',*,*,#1120,.F.);
#1575=ORIENTED_EDGE('',*,*,#1121,.F.);
#1576=ORIENTED_EDGE('',*,*,#1139,.F.);
#1577=ORIENTED_EDGE('',*,*,#1116,.F.);
#1578=ORIENTED_EDGE('',*,*,#1117,.F.);
#1579=ORIENTED_EDGE('',*,*,#1140,.T.);
#1580=ORIENTED_EDGE('',*,*,#1114,.F.);
#1581=ORIENTED_EDGE('',*,*,#1115,.F.);
#1582=ORIENTED_EDGE('',*,*,#1140,.F.);
#1583=ORIENTED_EDGE('',*,*,#1110,.F.);
#1584=ORIENTED_EDGE('',*,*,#1111,.F.);
#1585=ORIENTED_EDGE('',*,*,#1141,.T.);
#1586=ORIENTED_EDGE('',*,*,#1108,.F.);
#1587=ORIENTED_EDGE('',*,*,#1109,.F.);
#1588=ORIENTED_EDGE('',*,*,#1141,.F.);
#1589=ORIENTED_EDGE('',*,*,#1128,.F.);
#1590=ORIENTED_EDGE('',*,*,#1129,.F.);
#1591=ORIENTED_EDGE('',*,*,#1142,.T.);
#1592=ORIENTED_EDGE('',*,*,#1126,.F.);
#1593=ORIENTED_EDGE('',*,*,#1127,.F.);
#1594=ORIENTED_EDGE('',*,*,#1142,.F.);
#1595=ORIENTED_EDGE('',*,*,#1133,.F.);
#1596=ORIENTED_EDGE('',*,*,#1101,.F.);
#1597=ORIENTED_EDGE('',*,*,#946,.F.);
#1598=ORIENTED_EDGE('',*,*,#966,.F.);
#1599=ORIENTED_EDGE('',*,*,#967,.F.);
#1600=ORIENTED_EDGE('',*,*,#952,.F.);
#1601=ORIENTED_EDGE('',*,*,#1103,.F.);
#1602=ORIENTED_EDGE('',*,*,#1131,.F.);
#1603=ORIENTED_EDGE('',*,*,#1102,.F.);
#1604=ORIENTED_EDGE('',*,*,#1134,.F.);
#1605=ORIENTED_EDGE('',*,*,#1105,.F.);
#1606=ORIENTED_EDGE('',*,*,#948,.F.);
#1607=ORIENTED_EDGE('',*,*,#1104,.F.);
#1608=ORIENTED_EDGE('',*,*,#950,.F.);
#1609=ORIENTED_EDGE('',*,*,#1106,.F.);
#1610=ORIENTED_EDGE('',*,*,#1132,.F.);
#1611=ORIENTED_EDGE('',*,*,#1143,.T.);
#1612=ORIENTED_EDGE('',*,*,#1097,.F.);
#1613=ORIENTED_EDGE('',*,*,#1005,.F.);
#1614=ORIENTED_EDGE('',*,*,#1031,.F.);
#1615=ORIENTED_EDGE('',*,*,#1044,.F.);
#1616=ORIENTED_EDGE('',*,*,#1070,.F.);
#1617=ORIENTED_EDGE('',*,*,#1068,.F.);
#1618=ORIENTED_EDGE('',*,*,#1040,.F.);
#1619=ORIENTED_EDGE('',*,*,#1020,.F.);
#1620=ORIENTED_EDGE('',*,*,#999,.F.);
#1621=ORIENTED_EDGE('',*,*,#1099,.F.);
#1622=ORIENTED_EDGE('',*,*,#1144,.T.);
#1623=ORIENTED_EDGE('',*,*,#1144,.F.);
#1624=ORIENTED_EDGE('',*,*,#1098,.F.);
#1625=ORIENTED_EDGE('',*,*,#1143,.F.);
#1626=ORIENTED_EDGE('',*,*,#1069,.F.);
#1627=ORIENTED_EDGE('',*,*,#1100,.F.);
#1628=ORIENTED_EDGE('',*,*,#997,.F.);
#1629=ORIENTED_EDGE('',*,*,#1018,.F.);
#1630=ORIENTED_EDGE('',*,*,#1137,.F.);
#1631=ORIENTED_EDGE('',*,*,#1138,.F.);
#1632=ORIENTED_EDGE('',*,*,#1016,.F.);
#1633=ORIENTED_EDGE('',*,*,#1135,.F.);
#1634=ORIENTED_EDGE('',*,*,#1094,.F.);
#1635=ORIENTED_EDGE('',*,*,#1136,.F.);
#1636=ORIENTED_EDGE('',*,*,#1014,.F.);
#1637=ORIENTED_EDGE('',*,*,#1007,.F.);
#1638=ORIENTED_EDGE('',*,*,#1096,.F.);
#1639=ORIENTED_EDGE('',*,*,#964,.F.);
#1640=ORIENTED_EDGE('',*,*,#1145,.F.);
#1641=ORIENTED_EDGE('',*,*,#913,.F.);
#1642=ORIENTED_EDGE('',*,*,#1146,.F.);
#1643=ORIENTED_EDGE('',*,*,#899,.T.);
#1644=ORIENTED_EDGE('',*,*,#916,.F.);
#1645=ORIENTED_EDGE('',*,*,#1147,.F.);
#1646=ORIENTED_EDGE('',*,*,#965,.F.);
#1647=ORIENTED_EDGE('',*,*,#1146,.T.);
#1648=ORIENTED_EDGE('',*,*,#912,.F.);
#1649=ORIENTED_EDGE('',*,*,#962,.F.);
#1650=ORIENTED_EDGE('',*,*,#1147,.T.);
#1651=ORIENTED_EDGE('',*,*,#915,.F.);
#1652=ORIENTED_EDGE('',*,*,#1148,.F.);
#1653=ORIENTED_EDGE('',*,*,#963,.F.);
#1654=ORIENTED_EDGE('',*,*,#1148,.T.);
#1655=ORIENTED_EDGE('',*,*,#914,.F.);
#1656=ORIENTED_EDGE('',*,*,#1145,.T.);
#1657=CYLINDRICAL_SURFACE('',#1787,10.5);
#1658=CYLINDRICAL_SURFACE('',#1792,1.00000001490116);
#1659=CYLINDRICAL_SURFACE('',#1803,9.);
#1660=CYLINDRICAL_SURFACE('',#1826,1.00000001490116);
#1661=CYLINDRICAL_SURFACE('',#1844,2.10000000000001);
#1662=CYLINDRICAL_SURFACE('',#1845,3.00000000000001);
#1663=CYLINDRICAL_SURFACE('',#1846,2.1);
#1664=CYLINDRICAL_SURFACE('',#1847,3.00000000000001);
#1665=CYLINDRICAL_SURFACE('',#1848,2.10000000000001);
#1666=CYLINDRICAL_SURFACE('',#1849,3.00000000000001);
#1667=CYLINDRICAL_SURFACE('',#1850,2.1);
#1668=CYLINDRICAL_SURFACE('',#1851,3.00000000000001);
#1669=CYLINDRICAL_SURFACE('',#1903,3.82500171661377);
#1670=CYLINDRICAL_SURFACE('',#1904,3.82500171661377);
#1671=CYLINDRICAL_SURFACE('',#1905,3.82499694824219);
#1672=CYLINDRICAL_SURFACE('',#1906,3.82499694824219);
#1673=CYLINDRICAL_SURFACE('',#1907,1.59999960219123);
#1674=CYLINDRICAL_SURFACE('',#1908,2.9999996762397);
#1675=CYLINDRICAL_SURFACE('',#1909,1.59999817532967);
#1676=CYLINDRICAL_SURFACE('',#1910,3.00000052589807);
#1677=CYLINDRICAL_SURFACE('',#1911,1.5999983968328);
#1678=CYLINDRICAL_SURFACE('',#1912,3.00000059437199);
#1679=CYLINDRICAL_SURFACE('',#1913,1.59999982369424);
#1680=CYLINDRICAL_SURFACE('',#1914,2.9999997447136);
#1681=CYLINDRICAL_SURFACE('',#1915,2.00000047683716);
#1682=CYLINDRICAL_SURFACE('',#1916,2.00000047683716);
#1683=CYLINDRICAL_SURFACE('',#1917,1.99999809265137);
#1684=CYLINDRICAL_SURFACE('',#1918,1.99999809265137);
#1685=CYLINDRICAL_SURFACE('',#1919,1.00000381469727);
#1686=CYLINDRICAL_SURFACE('',#1920,1.00000001490116);
#1687=CYLINDRICAL_SURFACE('',#1921,1.00000381469727);
#1688=CYLINDRICAL_SURFACE('',#1922,1.49999618530273);
#1689=CYLINDRICAL_SURFACE('',#1923,1.50000005960464);
#1690=ADVANCED_FACE('',(#96),#1657,.T.);
#1691=ADVANCED_FACE('',(#97),#42,.F.);
#1692=ADVANCED_FACE('',(#98),#1658,.F.);
#1693=ADVANCED_FACE('',(#99,#25,#26,#27,#28),#43,.T.);
#1694=ADVANCED_FACE('',(#100),#1659,.F.);
#1695=ADVANCED_FACE('',(#101),#44,.T.);
#1696=ADVANCED_FACE('',(#102,#29,#30,#31,#32,#33,#34,#35,#36,#37),#45,.F.);
#1697=ADVANCED_FACE('',(#103),#46,.T.);
#1698=ADVANCED_FACE('',(#104),#47,.T.);
#1699=ADVANCED_FACE('',(#105),#48,.T.);
#1700=ADVANCED_FACE('',(#106),#1660,.F.);
#1701=ADVANCED_FACE('',(#107),#49,.F.);
#1702=ADVANCED_FACE('',(#108),#50,.T.);
#1703=ADVANCED_FACE('',(#109),#51,.F.);
#1704=ADVANCED_FACE('',(#110),#52,.T.);
#1705=ADVANCED_FACE('',(#111),#53,.F.);
#1706=ADVANCED_FACE('',(#112),#54,.T.);
#1707=ADVANCED_FACE('',(#113),#55,.F.);
#1708=ADVANCED_FACE('',(#114),#56,.T.);
#1709=ADVANCED_FACE('',(#115),#1661,.F.);
#1710=ADVANCED_FACE('',(#116),#1662,.T.);
#1711=ADVANCED_FACE('',(#117),#1663,.F.);
#1712=ADVANCED_FACE('',(#118),#1664,.T.);
#1713=ADVANCED_FACE('',(#119),#1665,.F.);
#1714=ADVANCED_FACE('',(#120),#1666,.T.);
#1715=ADVANCED_FACE('',(#121),#1667,.F.);
#1716=ADVANCED_FACE('',(#122),#1668,.T.);
#1717=ADVANCED_FACE('',(#123),#57,.T.);
#1718=ADVANCED_FACE('',(#124),#58,.T.);
#1719=ADVANCED_FACE('',(#125),#59,.T.);
#1720=ADVANCED_FACE('',(#126),#60,.T.);
#1721=ADVANCED_FACE('',(#127),#61,.F.);
#1722=ADVANCED_FACE('',(#128),#62,.T.);
#1723=ADVANCED_FACE('',(#129),#63,.T.);
#1724=ADVANCED_FACE('',(#130),#64,.F.);
#1725=ADVANCED_FACE('',(#131),#65,.F.);
#1726=ADVANCED_FACE('',(#132),#66,.T.);
#1727=ADVANCED_FACE('',(#133),#67,.T.);
#1728=ADVANCED_FACE('',(#134),#68,.T.);
#1729=ADVANCED_FACE('',(#135),#69,.T.);
#1730=ADVANCED_FACE('',(#136),#70,.F.);
#1731=ADVANCED_FACE('',(#137),#71,.T.);
#1732=ADVANCED_FACE('',(#138),#72,.T.);
#1733=ADVANCED_FACE('',(#139,#38),#73,.T.);
#1734=ADVANCED_FACE('',(#140),#74,.T.);
#1735=ADVANCED_FACE('',(#141),#75,.F.);
#1736=ADVANCED_FACE('',(#142),#76,.F.);
#1737=ADVANCED_FACE('',(#143),#77,.F.);
#1738=ADVANCED_FACE('',(#144),#78,.F.);
#1739=ADVANCED_FACE('',(#145,#39),#79,.T.);
#1740=ADVANCED_FACE('',(#146),#80,.F.);
#1741=ADVANCED_FACE('',(#147,#40,#41),#81,.T.);
#1742=ADVANCED_FACE('',(#148),#82,.T.);
#1743=ADVANCED_FACE('',(#149),#83,.F.);
#1744=ADVANCED_FACE('',(#150),#84,.T.);
#1745=ADVANCED_FACE('',(#151),#85,.T.);
#1746=ADVANCED_FACE('',(#152),#1669,.T.);
#1747=ADVANCED_FACE('',(#153),#1670,.T.);
#1748=ADVANCED_FACE('',(#154),#1671,.T.);
#1749=ADVANCED_FACE('',(#155),#1672,.T.);
#1750=ADVANCED_FACE('',(#156),#1673,.F.);
#1751=ADVANCED_FACE('',(#157),#1674,.F.);
#1752=ADVANCED_FACE('',(#158),#1675,.F.);
#1753=ADVANCED_FACE('',(#159),#1676,.F.);
#1754=ADVANCED_FACE('',(#160),#1677,.F.);
#1755=ADVANCED_FACE('',(#161),#1678,.F.);
#1756=ADVANCED_FACE('',(#162),#1679,.F.);
#1757=ADVANCED_FACE('',(#163),#1680,.F.);
#1758=ADVANCED_FACE('',(#164),#1681,.T.);
#1759=ADVANCED_FACE('',(#165),#1682,.T.);
#1760=ADVANCED_FACE('',(#166),#1683,.T.);
#1761=ADVANCED_FACE('',(#167),#1684,.T.);
#1762=ADVANCED_FACE('',(#168),#1685,.F.);
#1763=ADVANCED_FACE('',(#169),#1686,.F.);
#1764=ADVANCED_FACE('',(#170),#1687,.F.);
#1765=ADVANCED_FACE('',(#171),#1688,.F.);
#1766=ADVANCED_FACE('',(#172),#1689,.F.);
#1767=ADVANCED_FACE('',(#173),#15,.F.);
#1768=ADVANCED_FACE('',(#174),#16,.F.);
#1769=ADVANCED_FACE('',(#175),#17,.F.);
#1770=ADVANCED_FACE('',(#176),#18,.F.);
#1771=ADVANCED_FACE('',(#177),#19,.T.);
#1772=ADVANCED_FACE('',(#178),#20,.T.);
#1773=ADVANCED_FACE('',(#179),#21,.T.);
#1774=ADVANCED_FACE('',(#180),#22,.T.);
#1775=ADVANCED_FACE('',(#181),#86,.F.);
#1776=ADVANCED_FACE('',(#182),#87,.T.);
#1777=ADVANCED_FACE('',(#183),#88,.T.);
#1778=ADVANCED_FACE('',(#184),#89,.T.);
#1779=ADVANCED_FACE('',(#185),#90,.T.);
#1780=ADVANCED_FACE('',(#186),#91,.F.);
#1781=ADVANCED_FACE('',(#187),#92,.F.);
#1782=ADVANCED_FACE('',(#188),#93,.F.);
#1783=ADVANCED_FACE('',(#189),#94,.F.);
#1784=ADVANCED_FACE('',(#190),#95,.F.);
#1785=CLOSED_SHELL('',(#1690,#1691,#1692,#1693,#1694,#1695,#1696,#1697,
#1698,#1699,#1700,#1701,#1702,#1703,#1704,#1705,#1706,#1707,#1708,#1709,
#1710,#1711,#1712,#1713,#1714,#1715,#1716,#1717,#1718,#1719,#1720,#1721,
#1722,#1723,#1724,#1725,#1726,#1727,#1728,#1729,#1730,#1731,#1732,#1733,
#1734,#1735,#1736,#1737,#1738,#1739,#1740,#1741,#1742,#1743,#1744,#1745,
#1746,#1747,#1748,#1749,#1750,#1751,#1752,#1753,#1754,#1755,#1756,#1757,
#1758,#1759,#1760,#1761,#1762,#1763,#1764,#1765,#1766,#1767,#1768,#1769,
#1770,#1771,#1772,#1773,#1774,#1775,#1776,#1777,#1778,#1779,#1780,#1781,
#1782,#1783,#1784));
#1786=AXIS2_PLACEMENT_3D('',#2426,#1942,#1943);
#1787=AXIS2_PLACEMENT_3D('',#2427,#1944,#1945);
#1788=AXIS2_PLACEMENT_3D('',#2441,#1946,#1947);
#1789=AXIS2_PLACEMENT_3D('',#2460,#1949,#1950);
#1790=AXIS2_PLACEMENT_3D('',#2462,#1952,#1953);
#1791=AXIS2_PLACEMENT_3D('',#2477,#1960,#1961);
#1792=AXIS2_PLACEMENT_3D('',#2479,#1963,#1964);
#1793=AXIS2_PLACEMENT_3D('',#2483,#1966,#1967);
#1794=AXIS2_PLACEMENT_3D('',#2485,#1969,#1970);
#1795=AXIS2_PLACEMENT_3D('',#2500,#1978,#1979);
#1796=AXIS2_PLACEMENT_3D('',#2508,#1983,#1984);
#1797=AXIS2_PLACEMENT_3D('',#2516,#1988,#1989);
#1798=AXIS2_PLACEMENT_3D('',#2524,#1993,#1994);
#1799=AXIS2_PLACEMENT_3D('',#2527,#1996,#1997);
#1800=AXIS2_PLACEMENT_3D('',#2529,#1998,#1999);
#1801=AXIS2_PLACEMENT_3D('',#2531,#2000,#2001);
#1802=AXIS2_PLACEMENT_3D('',#2533,#2002,#2003);
#1803=AXIS2_PLACEMENT_3D('',#2534,#2004,#2005);
#1804=AXIS2_PLACEMENT_3D('',#2537,#2006,#2007);
#1805=AXIS2_PLACEMENT_3D('',#2539,#2008,#2009);
#1806=AXIS2_PLACEMENT_3D('',#2542,#2011,#2012);
#1807=AXIS2_PLACEMENT_3D('',#2544,#2013,#2014);
#1808=AXIS2_PLACEMENT_3D('',#2547,#2016,#2017);
#1809=AXIS2_PLACEMENT_3D('',#2548,#2018,#2019);
#1810=AXIS2_PLACEMENT_3D('',#2550,#2021,#2022);
#1811=AXIS2_PLACEMENT_3D('',#2554,#2024,#2025);
#1812=AXIS2_PLACEMENT_3D('',#2558,#2027,#2028);
#1813=AXIS2_PLACEMENT_3D('',#2562,#2030,#2031);
#1814=AXIS2_PLACEMENT_3D('',#2566,#2033,#2034);
#1815=AXIS2_PLACEMENT_3D('',#2569,#2036,#2037);
#1816=AXIS2_PLACEMENT_3D('',#2571,#2038,#2039);
#1817=AXIS2_PLACEMENT_3D('',#2573,#2040,#2041);
#1818=AXIS2_PLACEMENT_3D('',#2575,#2042,#2043);
#1819=AXIS2_PLACEMENT_3D('',#2577,#2044,#2045);
#1820=AXIS2_PLACEMENT_3D('',#2579,#2046,#2047);
#1821=AXIS2_PLACEMENT_3D('',#2581,#2048,#2049);
#1822=AXIS2_PLACEMENT_3D('',#2583,#2050,#2051);
#1823=AXIS2_PLACEMENT_3D('',#2592,#2056,#2057);
#1824=AXIS2_PLACEMENT_3D('',#2594,#2059,#2060);
#1825=AXIS2_PLACEMENT_3D('',#2596,#2062,#2063);
#1826=AXIS2_PLACEMENT_3D('',#2612,#2072,#2073);
#1827=AXIS2_PLACEMENT_3D('',#2613,#2074,#2075);
#1828=AXIS2_PLACEMENT_3D('',#2614,#2076,#2077);
#1829=AXIS2_PLACEMENT_3D('',#2616,#2078,#2079);
#1830=AXIS2_PLACEMENT_3D('',#2617,#2080,#2081);
#1831=AXIS2_PLACEMENT_3D('',#2619,#2082,#2083);
#1832=AXIS2_PLACEMENT_3D('',#2620,#2084,#2085);
#1833=AXIS2_PLACEMENT_3D('',#2622,#2086,#2087);
#1834=AXIS2_PLACEMENT_3D('',#2623,#2088,#2089);
#1835=AXIS2_PLACEMENT_3D('',#2625,#2090,#2091);
#1836=AXIS2_PLACEMENT_3D('',#2626,#2092,#2093);
#1837=AXIS2_PLACEMENT_3D('',#2628,#2094,#2095);
#1838=AXIS2_PLACEMENT_3D('',#2629,#2096,#2097);
#1839=AXIS2_PLACEMENT_3D('',#2631,#2098,#2099);
#1840=AXIS2_PLACEMENT_3D('',#2632,#2100,#2101);
#1841=AXIS2_PLACEMENT_3D('',#2634,#2102,#2103);
#1842=AXIS2_PLACEMENT_3D('',#2635,#2104,#2105);
#1843=AXIS2_PLACEMENT_3D('',#2637,#2106,#2107);
#1844=AXIS2_PLACEMENT_3D('',#2638,#2108,#2109);
#1845=AXIS2_PLACEMENT_3D('',#2640,#2111,#2112);
#1846=AXIS2_PLACEMENT_3D('',#2642,#2114,#2115);
#1847=AXIS2_PLACEMENT_3D('',#2644,#2117,#2118);
#1848=AXIS2_PLACEMENT_3D('',#2646,#2120,#2121);
#1849=AXIS2_PLACEMENT_3D('',#2648,#2123,#2124);
#1850=AXIS2_PLACEMENT_3D('',#2650,#2126,#2127);
#1851=AXIS2_PLACEMENT_3D('',#2652,#2129,#2130);
#1852=AXIS2_PLACEMENT_3D('',#2654,#2132,#2133);
#1853=AXIS2_PLACEMENT_3D('',#2656,#2134,#2135);
#1854=AXIS2_PLACEMENT_3D('',#2660,#2137,#2138);
#1855=AXIS2_PLACEMENT_3D('',#2688,#2152,#2153);
#1856=AXIS2_PLACEMENT_3D('',#2691,#2155,#2156);
#1857=AXIS2_PLACEMENT_3D('',#2692,#2157,#2158);
#1858=AXIS2_PLACEMENT_3D('',#2700,#2162,#2163);
#1859=AXIS2_PLACEMENT_3D('',#2704,#2165,#2166);
#1860=AXIS2_PLACEMENT_3D('',#2707,#2169,#2170);
#1861=AXIS2_PLACEMENT_3D('',#2713,#2174,#2175);
#1862=AXIS2_PLACEMENT_3D('',#2719,#2179,#2180);
#1863=AXIS2_PLACEMENT_3D('',#2725,#2184,#2185);
#1864=AXIS2_PLACEMENT_3D('',#2731,#2189,#2190);
#1865=AXIS2_PLACEMENT_3D('',#2735,#2193,#2194);
#1866=AXIS2_PLACEMENT_3D('',#2739,#2197,#2198);
#1867=AXIS2_PLACEMENT_3D('',#2741,#2200,#2201);
#1868=AXIS2_PLACEMENT_3D('',#2747,#2205,#2206);
#1869=AXIS2_PLACEMENT_3D('',#2756,#2212,#2213);
#1870=AXIS2_PLACEMENT_3D('',#2758,#2214,#2215);
#1871=AXIS2_PLACEMENT_3D('',#2764,#2219,#2220);
#1872=AXIS2_PLACEMENT_3D('',#2770,#2224,#2225);
#1873=AXIS2_PLACEMENT_3D('',#2774,#2228,#2229);
#1874=AXIS2_PLACEMENT_3D('',#2775,#2230,#2231);
#1875=AXIS2_PLACEMENT_3D('',#2782,#2235,#2236);
#1876=AXIS2_PLACEMENT_3D('',#2783,#2237,#2238);
#1877=AXIS2_PLACEMENT_3D('',#2787,#2241,#2242);
#1878=AXIS2_PLACEMENT_3D('',#2789,#2243,#2244);
#1879=AXIS2_PLACEMENT_3D('',#2794,#2247,#2248);
#1880=AXIS2_PLACEMENT_3D('',#2795,#2249,#2250);
#1881=AXIS2_PLACEMENT_3D('',#2797,#2251,#2252);
#1882=AXIS2_PLACEMENT_3D('',#2800,#2255,#2256);
#1883=AXIS2_PLACEMENT_3D('',#2814,#2265,#2266);
#1884=AXIS2_PLACEMENT_3D('',#2815,#2267,#2268);
#1885=AXIS2_PLACEMENT_3D('',#2819,#2271,#2272);
#1886=AXIS2_PLACEMENT_3D('',#2825,#2276,#2277);
#1887=AXIS2_PLACEMENT_3D('',#2829,#2280,#2281);
#1888=AXIS2_PLACEMENT_3D('',#2830,#2282,#2283);
#1889=AXIS2_PLACEMENT_3D('',#2831,#2284,#2285);
#1890=AXIS2_PLACEMENT_3D('',#2833,#2286,#2287);
#1891=AXIS2_PLACEMENT_3D('',#2834,#2288,#2289);
#1892=AXIS2_PLACEMENT_3D('',#2838,#2292,#2293);
#1893=AXIS2_PLACEMENT_3D('',#2839,#2294,#2295);
#1894=AXIS2_PLACEMENT_3D('',#2840,#2296,#2297);
#1895=AXIS2_PLACEMENT_3D('',#2842,#2298,#2299);
#1896=AXIS2_PLACEMENT_3D('',#2844,#2300,#2301);
#1897=AXIS2_PLACEMENT_3D('',#2845,#2302,#2303);
#1898=AXIS2_PLACEMENT_3D('',#2848,#2304,#2305);
#1899=AXIS2_PLACEMENT_3D('',#2852,#2307,#2308);
#1900=AXIS2_PLACEMENT_3D('',#2860,#2314,#2315);
#1901=AXIS2_PLACEMENT_3D('',#2863,#2318,#2319);
#1902=AXIS2_PLACEMENT_3D('',#2866,#2322,#2323);
#1903=AXIS2_PLACEMENT_3D('',#2869,#2326,#2327);
#1904=AXIS2_PLACEMENT_3D('',#2870,#2328,#2329);
#1905=AXIS2_PLACEMENT_3D('',#2871,#2330,#2331);
#1906=AXIS2_PLACEMENT_3D('',#2872,#2332,#2333);
#1907=AXIS2_PLACEMENT_3D('',#2873,#2334,#2335);
#1908=AXIS2_PLACEMENT_3D('',#2913,#2337,#2338);
#1909=AXIS2_PLACEMENT_3D('',#2953,#2340,#2341);
#1910=AXIS2_PLACEMENT_3D('',#2993,#2343,#2344);
#1911=AXIS2_PLACEMENT_3D('',#3033,#2346,#2347);
#1912=AXIS2_PLACEMENT_3D('',#3073,#2349,#2350);
#1913=AXIS2_PLACEMENT_3D('',#3113,#2352,#2353);
#1914=AXIS2_PLACEMENT_3D('',#3153,#2355,#2356);
#1915=AXIS2_PLACEMENT_3D('',#3193,#2358,#2359);
#1916=AXIS2_PLACEMENT_3D('',#3204,#2360,#2361);
#1917=AXIS2_PLACEMENT_3D('',#3220,#2362,#2363);
#1918=AXIS2_PLACEMENT_3D('',#3235,#2364,#2365);
#1919=AXIS2_PLACEMENT_3D('',#3246,#2366,#2367);
#1920=AXIS2_PLACEMENT_3D('',#3247,#2368,#2369);
#1921=AXIS2_PLACEMENT_3D('',#3248,#2370,#2371);
#1922=AXIS2_PLACEMENT_3D('',#3249,#2372,#2373);
#1923=AXIS2_PLACEMENT_3D('',#3252,#2376,#2377);
#1924=AXIS2_PLACEMENT_3D('',#3255,#2380,#2381);
#1925=AXIS2_PLACEMENT_3D('',#3257,#2383,#2384);
#1926=AXIS2_PLACEMENT_3D('',#3259,#2386,#2387);
#1927=AXIS2_PLACEMENT_3D('',#3261,#2389,#2390);
#1928=AXIS2_PLACEMENT_3D('',#3263,#2392,#2393);
#1929=AXIS2_PLACEMENT_3D('',#3264,#2394,#2395);
#1930=AXIS2_PLACEMENT_3D('',#3265,#2396,#2397);
#1931=AXIS2_PLACEMENT_3D('',#3266,#2398,#2399);
#1932=AXIS2_PLACEMENT_3D('',#3267,#2400,#2401);
#1933=AXIS2_PLACEMENT_3D('',#3269,#2403,#2404);
#1934=AXIS2_PLACEMENT_3D('',#3271,#2406,#2407);
#1935=AXIS2_PLACEMENT_3D('',#3272,#2408,#2409);
#1936=AXIS2_PLACEMENT_3D('',#3273,#2410,#2411);
#1937=AXIS2_PLACEMENT_3D('',#3274,#2412,#2413);
#1938=AXIS2_PLACEMENT_3D('',#3275,#2414,#2415);
#1939=AXIS2_PLACEMENT_3D('',#3278,#2418,#2419);
#1940=AXIS2_PLACEMENT_3D('',#3280,#2421,#2422);
#1941=AXIS2_PLACEMENT_3D('',#3282,#2424,#2425);
#1942=DIRECTION('axis',(0.,0.,1.));
#1943=DIRECTION('refdir',(1.,0.,0.));
#1944=DIRECTION('center_axis',(1.,0.,0.));
#1945=DIRECTION('ref_axis',(0.,-1.,0.));
#1946=DIRECTION('center_axis',(-1.,0.,0.));
#1947=DIRECTION('ref_axis',(0.,-1.,0.));
#1948=DIRECTION('',(-1.,0.,0.));
#1949=DIRECTION('center_axis',(1.,0.,0.));
#1950=DIRECTION('ref_axis',(0.,-1.,0.));
#1951=DIRECTION('',(1.,0.,0.));
#1952=DIRECTION('center_axis',(1.,0.,0.));
#1953=DIRECTION('ref_axis',(0.,0.,-1.));
#1954=DIRECTION('',(0.,-1.,0.));
#1955=DIRECTION('',(0.,0.,1.));
#1956=DIRECTION('',(0.,-1.,0.));
#1957=DIRECTION('',(0.,0.,-1.));
#1958=DIRECTION('',(0.,-1.,0.));
#1959=DIRECTION('',(0.,-1.,0.));
#1960=DIRECTION('center_axis',(1.,0.,0.));
#1961=DIRECTION('ref_axis',(0.,-1.,0.));
#1962=DIRECTION('',(0.,-1.,0.));
#1963=DIRECTION('center_axis',(0.,-1.,0.));
#1964=DIRECTION('ref_axis',(-1.,0.,0.));
#1965=DIRECTION('',(0.,-1.,0.));
#1966=DIRECTION('center_axis',(0.,-1.,0.));
#1967=DIRECTION('ref_axis',(-1.,0.,0.));
#1968=DIRECTION('',(0.,1.,0.));
#1969=DIRECTION('center_axis',(0.,0.,1.));
#1970=DIRECTION('ref_axis',(1.,0.,0.));
#1971=DIRECTION('',(9.34924652315921E-16,1.,0.));
#1972=DIRECTION('',(1.,-8.40607623962609E-50,0.));
#1973=DIRECTION('',(1.86821126840662E-34,-1.,0.));
#1974=DIRECTION('',(-1.,-1.03276560430254E-16,0.));
#1975=DIRECTION('',(9.34924652315921E-16,1.,0.));
#1976=DIRECTION('',(0.,-1.,0.));
#1977=DIRECTION('',(1.,0.,0.));
#1978=DIRECTION('center_axis',(0.,0.,-1.));
#1979=DIRECTION('ref_axis',(1.,0.,0.));
#1980=DIRECTION('',(0.,1.,0.));
#1981=DIRECTION('',(1.,0.,0.));
#1982=DIRECTION('',(0.,-1.,0.));
#1983=DIRECTION('center_axis',(0.,0.,-1.));
#1984=DIRECTION('ref_axis',(-1.,0.,0.));
#1985=DIRECTION('',(-1.,0.,0.));
#1986=DIRECTION('',(0.,1.,0.));
#1987=DIRECTION('',(-1.,0.,0.));
#1988=DIRECTION('center_axis',(0.,0.,-1.));
#1989=DIRECTION('ref_axis',(0.,-1.,0.));
#1990=DIRECTION('',(0.,1.,0.));
#1991=DIRECTION('',(-1.,0.,0.));
#1992=DIRECTION('',(0.,-1.,0.));
#1993=DIRECTION('center_axis',(0.,0.,-1.));
#1994=DIRECTION('ref_axis',(0.,-1.,0.));
#1995=DIRECTION('',(1.,0.,0.));
#1996=DIRECTION('center_axis',(0.,0.,-1.));
#1997=DIRECTION('ref_axis',(-1.,0.,0.));
#1998=DIRECTION('center_axis',(0.,0.,-1.));
#1999=DIRECTION('ref_axis',(-1.,0.,0.));
#2000=DIRECTION('center_axis',(0.,0.,-1.));
#2001=DIRECTION('ref_axis',(-1.,0.,0.));
#2002=DIRECTION('center_axis',(0.,0.,-1.));
#2003=DIRECTION('ref_axis',(-1.,0.,0.));
#2004=DIRECTION('center_axis',(1.,0.,0.));
#2005=DIRECTION('ref_axis',(0.,-1.,0.));
#2006=DIRECTION('center_axis',(1.,-7.9934106225041E-33,5.30223690834725E-33));
#2007=DIRECTION('ref_axis',(0.,-1.,0.));
#2008=DIRECTION('center_axis',(1.,0.,0.));
#2009=DIRECTION('ref_axis',(0.,-1.,0.));
#2010=DIRECTION('',(1.,0.,0.));
#2011=DIRECTION('center_axis',(0.707107123629769,0.,0.70710643874316));
#2012=DIRECTION('ref_axis',(0.70710643874316,0.,-0.707107123629769));
#2013=DIRECTION('center_axis',(0.707107123629769,0.,0.70710643874316));
#2014=DIRECTION('ref_axis',(0.70710643874316,0.,-0.707107123629769));
#2015=DIRECTION('',(-1.,0.,0.));
#2016=DIRECTION('center_axis',(1.,0.,0.));
#2017=DIRECTION('ref_axis',(0.,-1.,0.));
#2018=DIRECTION('center_axis',(-1.,0.,0.));
#2019=DIRECTION('ref_axis',(0.,-1.,0.));
#2020=DIRECTION('',(0.,1.,0.));
#2021=DIRECTION('center_axis',(0.,0.,1.));
#2022=DIRECTION('ref_axis',(1.,0.,0.));
#2023=DIRECTION('',(0.,1.,0.));
#2024=DIRECTION('center_axis',(0.,0.,-1.));
#2025=DIRECTION('ref_axis',(-0.703509887234721,0.710685470910296,-1.38770401862729E-16));
#2026=DIRECTION('',(1.,0.,0.));
#2027=DIRECTION('center_axis',(0.,0.,-1.));
#2028=DIRECTION('ref_axis',(0.707005508753204,0.707208039117644,-1.38796013151117E-16));
#2029=DIRECTION('',(0.,-1.,0.));
#2030=DIRECTION('center_axis',(0.,0.,-1.));
#2031=DIRECTION('ref_axis',(-0.710274771972762,0.703924533099281,-2.77664342637606E-16));
#2032=DIRECTION('',(-1.,0.,0.));
#2033=DIRECTION('center_axis',(0.,0.,-1.));
#2034=DIRECTION('ref_axis',(0.706986355511385,0.707227186355791,-1.38795303934694E-16));
#2035=DIRECTION('',(0.,1.,0.));
#2036=DIRECTION('center_axis',(0.,0.,1.));
#2037=DIRECTION('ref_axis',(-1.,0.,0.));
#2038=DIRECTION('center_axis',(0.,0.,1.));
#2039=DIRECTION('ref_axis',(-1.,0.,0.));
#2040=DIRECTION('center_axis',(0.,0.,1.));
#2041=DIRECTION('ref_axis',(-1.,0.,0.));
#2042=DIRECTION('center_axis',(0.,0.,1.));
#2043=DIRECTION('ref_axis',(-1.,0.,0.));
#2044=DIRECTION('center_axis',(0.,0.,1.));
#2045=DIRECTION('ref_axis',(1.,0.,9.90978908560696E-16));
#2046=DIRECTION('center_axis',(0.,0.,1.));
#2047=DIRECTION('ref_axis',(1.,0.,4.39673085095382E-16));
#2048=DIRECTION('center_axis',(0.,0.,1.));
#2049=DIRECTION('ref_axis',(1.,0.,-6.71097608574913E-16));
#2050=DIRECTION('center_axis',(0.,0.,1.));
#2051=DIRECTION('ref_axis',(1.,0.,4.55441151668276E-18));
#2052=DIRECTION('',(1.,1.03276560430254E-16,0.));
#2053=DIRECTION('',(-1.86821126840662E-34,1.,0.));
#2054=DIRECTION('',(-1.,8.40607623962609E-50,0.));
#2055=DIRECTION('',(-9.34924652315921E-16,-1.,0.));
#2056=DIRECTION('center_axis',(-0.707107123629769,0.,-0.70710643874316));
#2057=DIRECTION('ref_axis',(-0.70710643874316,0.,0.707107123629769));
#2058=DIRECTION('',(0.70710643874316,0.,-0.707107123629769));
#2059=DIRECTION('center_axis',(-0.707107123629769,0.,-0.70710643874316));
#2060=DIRECTION('ref_axis',(-0.70710643874316,0.,0.707107123629769));
#2061=DIRECTION('',(-0.70710643874316,0.,0.707107123629769));
#2062=DIRECTION('center_axis',(1.,0.,0.));
#2063=DIRECTION('ref_axis',(0.,0.,-1.));
#2064=DIRECTION('',(0.,0.,-1.));
#2065=DIRECTION('',(0.,1.,0.));
#2066=DIRECTION('',(0.,0.,1.));
#2067=DIRECTION('',(0.,1.,0.));
#2068=DIRECTION('',(0.,0.,1.));
#2069=DIRECTION('',(0.,1.,0.));
#2070=DIRECTION('',(0.,0.,-1.));
#2071=DIRECTION('',(0.,1.,0.));
#2072=DIRECTION('center_axis',(0.,-1.,0.));
#2073=DIRECTION('ref_axis',(-1.,0.,0.));
#2074=DIRECTION('center_axis',(0.,1.,0.));
#2075=DIRECTION('ref_axis',(-1.,0.,0.));
#2076=DIRECTION('center_axis',(0.,0.,1.));
#2077=DIRECTION('ref_axis',(-1.,0.,0.));
#2078=DIRECTION('center_axis',(0.,0.,-1.));
#2079=DIRECTION('ref_axis',(-1.,0.,0.));
#2080=DIRECTION('center_axis',(0.,0.,1.));
#2081=DIRECTION('ref_axis',(-1.,0.,0.));
#2082=DIRECTION('center_axis',(0.,0.,1.));
#2083=DIRECTION('ref_axis',(-1.,0.,0.));
#2084=DIRECTION('center_axis',(0.,0.,1.));
#2085=DIRECTION('ref_axis',(-1.,0.,0.));
#2086=DIRECTION('center_axis',(0.,0.,-1.));
#2087=DIRECTION('ref_axis',(-1.,0.,0.));
#2088=DIRECTION('center_axis',(0.,0.,1.));
#2089=DIRECTION('ref_axis',(-1.,0.,0.));
#2090=DIRECTION('center_axis',(0.,0.,1.));
#2091=DIRECTION('ref_axis',(-1.,0.,0.));
#2092=DIRECTION('center_axis',(0.,0.,1.));
#2093=DIRECTION('ref_axis',(-1.,0.,0.));
#2094=DIRECTION('center_axis',(0.,0.,-1.));
#2095=DIRECTION('ref_axis',(-1.,0.,0.));
#2096=DIRECTION('center_axis',(0.,0.,1.));
#2097=DIRECTION('ref_axis',(-1.,0.,0.));
#2098=DIRECTION('center_axis',(0.,0.,1.));
#2099=DIRECTION('ref_axis',(-1.,0.,0.));
#2100=DIRECTION('center_axis',(0.,0.,1.));
#2101=DIRECTION('ref_axis',(-1.,0.,0.));
#2102=DIRECTION('center_axis',(0.,0.,-1.));
#2103=DIRECTION('ref_axis',(-1.,0.,0.));
#2104=DIRECTION('center_axis',(0.,0.,1.));
#2105=DIRECTION('ref_axis',(-1.,0.,0.));
#2106=DIRECTION('center_axis',(0.,0.,1.));
#2107=DIRECTION('ref_axis',(-1.,0.,0.));
#2108=DIRECTION('center_axis',(0.,0.,1.));
#2109=DIRECTION('ref_axis',(-1.,0.,0.));
#2110=DIRECTION('',(0.,0.,-1.));
#2111=DIRECTION('center_axis',(0.,0.,1.));
#2112=DIRECTION('ref_axis',(-1.,0.,0.));
#2113=DIRECTION('',(0.,0.,-1.));
#2114=DIRECTION('center_axis',(0.,0.,1.));
#2115=DIRECTION('ref_axis',(-1.,0.,0.));
#2116=DIRECTION('',(0.,0.,-1.));
#2117=DIRECTION('center_axis',(0.,0.,1.));
#2118=DIRECTION('ref_axis',(-1.,0.,0.));
#2119=DIRECTION('',(0.,0.,-1.));
#2120=DIRECTION('center_axis',(0.,0.,1.));
#2121=DIRECTION('ref_axis',(-1.,0.,0.));
#2122=DIRECTION('',(0.,0.,-1.));
#2123=DIRECTION('center_axis',(0.,0.,1.));
#2124=DIRECTION('ref_axis',(-1.,0.,0.));
#2125=DIRECTION('',(0.,0.,-1.));
#2126=DIRECTION('center_axis',(0.,0.,1.));
#2127=DIRECTION('ref_axis',(-1.,0.,0.));
#2128=DIRECTION('',(0.,0.,-1.));
#2129=DIRECTION('center_axis',(0.,0.,1.));
#2130=DIRECTION('ref_axis',(-1.,0.,0.));
#2131=DIRECTION('',(0.,0.,-1.));
#2132=DIRECTION('center_axis',(0.,0.,1.));
#2133=DIRECTION('ref_axis',(1.,0.,0.));
#2134=DIRECTION('center_axis',(0.,0.,1.));
#2135=DIRECTION('ref_axis',(-1.,0.,0.));
#2136=DIRECTION('',(1.,0.,0.));
#2137=DIRECTION('center_axis',(0.,0.,1.));
#2138=DIRECTION('ref_axis',(1.,0.,0.));
#2139=DIRECTION('',(0.,1.,0.));
#2140=DIRECTION('',(-1.,0.,0.));
#2141=DIRECTION('',(0.,1.,0.));
#2142=DIRECTION('',(-1.,0.,0.));
#2143=DIRECTION('',(0.,-1.,0.));
#2144=DIRECTION('',(-1.,0.,0.));
#2145=DIRECTION('',(0.,1.,0.));
#2146=DIRECTION('',(1.,0.,0.));
#2147=DIRECTION('',(0.,-1.,0.));
#2148=DIRECTION('',(1.,0.,0.));
#2149=DIRECTION('',(0.,1.,0.));
#2150=DIRECTION('',(1.,0.,0.));
#2151=DIRECTION('',(0.,1.,0.));
#2152=DIRECTION('center_axis',(0.,0.,1.));
#2153=DIRECTION('ref_axis',(1.,0.,0.));
#2154=DIRECTION('',(-1.,0.,0.));
#2155=DIRECTION('center_axis',(0.,0.,1.));
#2156=DIRECTION('ref_axis',(-1.,0.,0.));
#2157=DIRECTION('center_axis',(1.,0.,0.));
#2158=DIRECTION('ref_axis',(0.,0.,-1.));
#2159=DIRECTION('',(0.,1.,0.));
#2160=DIRECTION('',(0.,0.,1.));
#2161=DIRECTION('',(0.,0.,-1.));
#2162=DIRECTION('center_axis',(-1.,0.,0.));
#2163=DIRECTION('ref_axis',(0.,0.,-1.));
#2164=DIRECTION('',(0.,-1.,0.));
#2165=DIRECTION('center_axis',(-1.,0.,0.));
#2166=DIRECTION('ref_axis',(0.,-1.,0.));
#2167=DIRECTION('',(0.,0.,1.));
#2168=DIRECTION('',(0.,0.,-1.));
#2169=DIRECTION('center_axis',(1.,0.,0.));
#2170=DIRECTION('ref_axis',(0.,0.,-1.));
#2171=DIRECTION('',(0.,0.,1.));
#2172=DIRECTION('',(0.,-1.,0.));
#2173=DIRECTION('',(0.,0.,-1.));
#2174=DIRECTION('center_axis',(0.,1.,0.));
#2175=DIRECTION('ref_axis',(0.,0.,1.));
#2176=DIRECTION('',(0.,0.,1.));
#2177=DIRECTION('',(0.,0.,-1.));
#2178=DIRECTION('',(-1.,0.,0.));
#2179=DIRECTION('center_axis',(0.,1.,0.));
#2180=DIRECTION('ref_axis',(0.,0.,1.));
#2181=DIRECTION('',(1.,0.,0.));
#2182=DIRECTION('',(0.,0.,1.));
#2183=DIRECTION('',(0.,0.,-1.));
#2184=DIRECTION('center_axis',(1.,0.,0.));
#2185=DIRECTION('ref_axis',(0.,0.,-1.));
#2186=DIRECTION('',(0.,0.,1.));
#2187=DIRECTION('',(0.,-1.,0.));
#2188=DIRECTION('',(0.,0.,-1.));
#2189=DIRECTION('center_axis',(0.,1.,0.));
#2190=DIRECTION('ref_axis',(0.,0.,1.));
#2191=DIRECTION('',(0.,0.,1.));
#2192=DIRECTION('',(1.,0.,0.));
#2193=DIRECTION('center_axis',(1.,0.,0.));
#2194=DIRECTION('ref_axis',(0.,0.,-1.));
#2195=DIRECTION('',(0.,0.,1.));
#2196=DIRECTION('',(0.,1.,0.));
#2197=DIRECTION('center_axis',(0.,1.,0.));
#2198=DIRECTION('ref_axis',(0.,0.,1.));
#2199=DIRECTION('',(-1.,0.,0.));
#2200=DIRECTION('center_axis',(0.,1.,0.));
#2201=DIRECTION('ref_axis',(0.,0.,1.));
#2202=DIRECTION('',(1.,0.,0.));
#2203=DIRECTION('',(0.,0.,-1.));
#2204=DIRECTION('',(-1.,0.,0.));
#2205=DIRECTION('center_axis',(0.,0.,1.));
#2206=DIRECTION('ref_axis',(1.,0.,0.));
#2207=DIRECTION('',(-1.,0.,0.));
#2208=DIRECTION('',(0.,-1.,0.));
#2209=DIRECTION('',(1.,0.,0.));
#2210=DIRECTION('',(0.,-1.,0.));
#2211=DIRECTION('',(1.,0.,0.));
#2212=DIRECTION('center_axis',(1.,0.,0.));
#2213=DIRECTION('ref_axis',(0.,0.,-1.));
#2214=DIRECTION('center_axis',(1.,0.,0.));
#2215=DIRECTION('ref_axis',(0.,-1.,0.));
#2216=DIRECTION('',(0.,0.,1.));
#2217=DIRECTION('',(0.,-1.,0.));
#2218=DIRECTION('',(0.,0.,-1.));
#2219=DIRECTION('center_axis',(0.,1.,0.));
#2220=DIRECTION('ref_axis',(0.,0.,1.));
#2221=DIRECTION('',(1.,0.,0.));
#2222=DIRECTION('',(0.,0.,-1.));
#2223=DIRECTION('',(-1.,0.,0.));
#2224=DIRECTION('center_axis',(1.,0.,0.));
#2225=DIRECTION('ref_axis',(0.,0.,-1.));
#2226=DIRECTION('',(0.,1.,0.));
#2227=DIRECTION('',(0.,0.,-1.));
#2228=DIRECTION('center_axis',(-1.,0.,0.));
#2229=DIRECTION('ref_axis',(0.,-1.,0.));
#2230=DIRECTION('center_axis',(0.,1.,0.));
#2231=DIRECTION('ref_axis',(0.,0.,1.));
#2232=DIRECTION('',(0.,0.,1.));
#2233=DIRECTION('',(1.,0.,0.));
#2234=DIRECTION('',(0.,0.,-1.));
#2235=DIRECTION('center_axis',(0.,1.,0.));
#2236=DIRECTION('ref_axis',(0.,0.,-1.));
#2237=DIRECTION('center_axis',(0.,-1.,0.));
#2238=DIRECTION('ref_axis',(0.,0.,-1.));
#2239=DIRECTION('',(0.,0.,1.));
#2240=DIRECTION('',(-1.,0.,0.));
#2241=DIRECTION('center_axis',(0.,0.,1.));
#2242=DIRECTION('ref_axis',(1.,0.,0.));
#2243=DIRECTION('center_axis',(0.,0.,1.));
#2244=DIRECTION('ref_axis',(0.,-1.,0.));
#2245=DIRECTION('',(0.,1.,0.));
#2246=DIRECTION('',(-1.,0.,0.));
#2247=DIRECTION('center_axis',(0.,0.,-1.));
#2248=DIRECTION('ref_axis',(1.97215248036594E-29,-1.,0.));
#2249=DIRECTION('center_axis',(1.,0.,0.));
#2250=DIRECTION('ref_axis',(0.,0.,-1.));
#2251=DIRECTION('center_axis',(1.,0.,0.));
#2252=DIRECTION('ref_axis',(0.,0.,-1.));
#2253=DIRECTION('',(0.,0.,1.));
#2254=DIRECTION('',(0.,0.,-1.));
#2255=DIRECTION('center_axis',(1.,0.,0.));
#2256=DIRECTION('ref_axis',(0.,0.,-1.));
#2257=DIRECTION('',(0.,0.,-1.));
#2258=DIRECTION('',(0.,1.,0.));
#2259=DIRECTION('',(0.,0.,1.));
#2260=DIRECTION('',(0.,0.,-1.));
#2261=DIRECTION('',(0.,-1.,0.));
#2262=DIRECTION('',(0.,0.,-1.));
#2263=DIRECTION('',(0.,-1.,0.));
#2264=DIRECTION('',(0.,-1.,0.));
#2265=DIRECTION('center_axis',(0.,1.,0.));
#2266=DIRECTION('ref_axis',(0.,0.,1.));
#2267=DIRECTION('center_axis',(0.,-1.,0.));
#2268=DIRECTION('ref_axis',(0.,0.,-1.));
#2269=DIRECTION('',(-1.,0.,0.));
#2270=DIRECTION('',(0.,0.,-1.));
#2271=DIRECTION('center_axis',(0.,1.,0.));
#2272=DIRECTION('ref_axis',(0.,0.,1.));
#2273=DIRECTION('',(1.,0.,0.));
#2274=DIRECTION('',(0.,0.,1.));
#2275=DIRECTION('',(1.,0.,0.));
#2276=DIRECTION('center_axis',(1.,0.,0.));
#2277=DIRECTION('ref_axis',(0.,0.,-1.));
#2278=DIRECTION('',(0.,0.,1.));
#2279=DIRECTION('',(0.,1.,0.));
#2280=DIRECTION('center_axis',(-1.,0.,0.));
#2281=DIRECTION('ref_axis',(0.,0.,-1.));
#2282=DIRECTION('center_axis',(0.,0.,1.));
#2283=DIRECTION('ref_axis',(1.,0.,0.));
#2284=DIRECTION('center_axis',(0.,0.,1.));
#2285=DIRECTION('ref_axis',(0.,-1.,0.));
#2286=DIRECTION('center_axis',(0.,0.,-1.));
#2287=DIRECTION('ref_axis',(1.,-4.63607166196127E-13,0.));
#2288=DIRECTION('center_axis',(0.,-1.,0.));
#2289=DIRECTION('ref_axis',(0.,0.,-1.));
#2290=DIRECTION('',(1.,0.,0.));
#2291=DIRECTION('',(0.,0.,-1.));
#2292=DIRECTION('center_axis',(0.,0.,1.));
#2293=DIRECTION('ref_axis',(1.,0.,0.));
#2294=DIRECTION('center_axis',(0.,0.,1.));
#2295=DIRECTION('ref_axis',(-1.,0.,0.));
#2296=DIRECTION('center_axis',(0.,0.,1.));
#2297=DIRECTION('ref_axis',(1.,0.,0.));
#2298=DIRECTION('center_axis',(0.,0.,-1.));
#2299=DIRECTION('ref_axis',(1.,-5.93181535807006E-14,0.));
#2300=DIRECTION('center_axis',(0.,0.,-1.));
#2301=DIRECTION('ref_axis',(1.,-1.66672869980629E-13,0.));
#2302=DIRECTION('center_axis',(1.,0.,0.));
#2303=DIRECTION('ref_axis',(0.,0.,-1.));
#2304=DIRECTION('center_axis',(1.,0.,0.));
#2305=DIRECTION('ref_axis',(0.,-1.,0.));
#2306=DIRECTION('',(0.,1.,0.));
#2307=DIRECTION('center_axis',(1.,0.,0.));
#2308=DIRECTION('ref_axis',(0.,0.,-1.));
#2309=DIRECTION('',(0.,0.,1.));
#2310=DIRECTION('',(0.,0.,-1.));
#2311=DIRECTION('',(0.,-1.,0.));
#2312=DIRECTION('',(0.,0.,1.));
#2313=DIRECTION('',(0.,0.,-1.));
#2314=DIRECTION('center_axis',(0.,-0.707108809506511,0.707104752860766));
#2315=DIRECTION('ref_axis',(1.,0.,0.));
#2316=DIRECTION('',(0.,0.707104752860766,0.707108809506511));
#2317=DIRECTION('',(0.,-0.707104752860766,-0.707108809506511));
#2318=DIRECTION('center_axis',(0.,-0.707107123629769,-0.70710643874316));
#2319=DIRECTION('ref_axis',(-1.,0.,0.));
#2320=DIRECTION('',(0.,0.70710643874316,-0.707107123629769));
#2321=DIRECTION('',(0.,-0.70710643874316,0.707107123629769));
#2322=DIRECTION('center_axis',(0.707105437757048,0.,-0.707108124613495));
#2323=DIRECTION('ref_axis',(-0.707108124613495,0.,-0.707105437757047));
#2324=DIRECTION('',(0.707108124613495,0.,0.707105437757047));
#2325=DIRECTION('',(-0.707108124613495,0.,-0.707105437757047));
#2326=DIRECTION('center_axis',(0.,0.,-1.));
#2327=DIRECTION('ref_axis',(1.,0.,0.));
#2328=DIRECTION('center_axis',(0.,0.,-1.));
#2329=DIRECTION('ref_axis',(-1.,0.,0.));
#2330=DIRECTION('center_axis',(0.,0.,-1.));
#2331=DIRECTION('ref_axis',(0.,-1.,0.));
#2332=DIRECTION('center_axis',(0.,0.,-1.));
#2333=DIRECTION('ref_axis',(0.,-1.,0.));
#2334=DIRECTION('center_axis',(-3.52888281056482E-7,1.680932940111E-7,-0.999999999999924));
#2335=DIRECTION('ref_axis',(0.999999999999938,0.,-3.52888281056486E-7));
#2336=DIRECTION('',(-3.52888281056482E-7,1.680932940111E-7,-0.999999999999924));
#2337=DIRECTION('center_axis',(4.55441151668276E-18,-4.02295711943027E-17,
-1.));
#2338=DIRECTION('ref_axis',(1.,0.,4.55441151668276E-18));
#2339=DIRECTION('',(4.55441151668276E-18,-4.02295711943027E-17,-1.));
#2340=DIRECTION('center_axis',(-9.91542208755126E-7,1.6809457883783E-7,
-0.999999999999494));
#2341=DIRECTION('ref_axis',(0.999999999999508,0.,-9.9154220875514E-7));
#2342=DIRECTION('',(-9.91542208755126E-7,1.6809457883783E-7,-0.999999999999494));
#2343=DIRECTION('center_axis',(4.39673085095382E-16,1.71894869321085E-17,
-1.));
#2344=DIRECTION('ref_axis',(1.,0.,4.39673085095382E-16));
#2345=DIRECTION('',(4.39673085095382E-16,1.71894869321085E-17,-1.));
#2346=DIRECTION('center_axis',(-9.47365457857952E-7,4.89364650516453E-7,
-0.999999999999432));
#2347=DIRECTION('ref_axis',(0.999999999999551,0.,-9.47365457858065E-7));
#2348=DIRECTION('',(-9.47365457857952E-7,4.89364650516453E-7,-0.999999999999432));
#2349=DIRECTION('center_axis',(9.90978908560695E-16,-7.65269337352675E-16,
-1.));
#2350=DIRECTION('ref_axis',(1.,0.,9.90978908560696E-16));
#2351=DIRECTION('',(9.90978908560695E-16,-7.65269337352675E-16,-1.));
#2352=DIRECTION('center_axis',(-3.08711839221788E-7,4.89362995547954E-7,
-0.999999999999833));
#2353=DIRECTION('ref_axis',(0.999999999999952,0.,-3.08711839221825E-7));
#2354=DIRECTION('',(-3.08711839221788E-7,4.89362995547954E-7,-0.999999999999833));
#2355=DIRECTION('center_axis',(-6.71097608574913E-16,-2.93054564469334E-15,
-1.));
#2356=DIRECTION('ref_axis',(1.,0.,-6.71097608574913E-16));
#2357=DIRECTION('',(-6.71097608574913E-16,-2.93054564469334E-15,-1.));
#2358=DIRECTION('center_axis',(0.,0.,-1.));
#2359=DIRECTION('ref_axis',(-1.,0.,0.));
#2360=DIRECTION('center_axis',(0.,0.,1.));
#2361=DIRECTION('ref_axis',(1.,0.,0.));
#2362=DIRECTION('center_axis',(0.,0.,1.));
#2363=DIRECTION('ref_axis',(-1.,0.,0.));
#2364=DIRECTION('center_axis',(0.,0.,-1.));
#2365=DIRECTION('ref_axis',(1.,0.,0.));
#2366=DIRECTION('center_axis',(0.,1.,0.));
#2367=DIRECTION('ref_axis',(0.,0.,-1.));
#2368=DIRECTION('center_axis',(1.,0.,0.));
#2369=DIRECTION('ref_axis',(0.,-1.,0.));
#2370=DIRECTION('center_axis',(-1.,0.,0.));
#2371=DIRECTION('ref_axis',(0.,0.,-1.));
#2372=DIRECTION('center_axis',(1.,0.,0.));
#2373=DIRECTION('ref_axis',(0.,0.,-1.));
#2374=DIRECTION('',(1.,0.,0.));
#2375=DIRECTION('',(-1.,0.,0.));
#2376=DIRECTION('center_axis',(-1.,0.,0.));
#2377=DIRECTION('ref_axis',(0.,-1.,0.));
#2378=DIRECTION('',(1.,0.,0.));
#2379=DIRECTION('',(-1.,0.,0.));
#2380=DIRECTION('center_axis',(-4.33982641087493E-10,1.05786833916863E-8,
-1.));
#2381=DIRECTION('ref_axis',(-1.,0.,4.33982641087493E-10));
#2382=DIRECTION('',(-0.707106569005494,-7.48026109023164E-9,0.707106993367537));
#2383=DIRECTION('center_axis',(5.99759790714266E-8,7.3668559163953E-8,-0.999999999999996));
#2384=DIRECTION('ref_axis',(-0.999999999999998,0.,-5.99759790714267E-8));
#2385=DIRECTION('',(-0.707106612172149,-5.20915534069535E-8,0.707106950200903));
#2386=DIRECTION('center_axis',(1.75426499242899E-7,9.36249725689981E-8,
-0.99999999999998));
#2387=DIRECTION('ref_axis',(-0.999999999999985,0.,-1.754264992429E-7));
#2388=DIRECTION('',(-0.707106928004796,-6.62028509464175E-8,0.707106634368266));
#2389=DIRECTION('center_axis',(1.04428164022995E-7,2.4879372980331E-8,-0.999999999999994));
#2390=DIRECTION('ref_axis',(-0.999999999999995,0.,-1.04428164022995E-7));
#2391=DIRECTION('',(-0.707106846989666,-1.75923736326558E-8,0.707106715383423));
#2392=DIRECTION('center_axis',(8.19994110736637E-5,-8.28356942369158E-5,
0.999999993207172));
#2393=DIRECTION('ref_axis',(-0.707106714703764,0.707106838063064,0.000116556020794311));
#2394=DIRECTION('center_axis',(8.93277773916319E-5,8.93581677518053E-5,
0.999999992017833));
#2395=DIRECTION('ref_axis',(-0.707106661035661,-0.707106890048927,0.00012635004351713));
#2396=DIRECTION('center_axis',(-9.69780931693498E-5,-9.70058767249426E-5,
0.999999990592555));
#2397=DIRECTION('ref_axis',(0.999999995297625,0.,9.69780936256385E-5));
#2398=DIRECTION('center_axis',(-8.92502486933048E-5,8.84522638612014E-5,
0.999999992105295));
#2399=DIRECTION('ref_axis',(0.999999996017196,0.,8.9250249042443E-5));
#2400=DIRECTION('center_axis',(0.,1.,0.));
#2401=DIRECTION('ref_axis',(0.,0.,1.));
#2402=DIRECTION('',(1.,0.,0.));
#2403=DIRECTION('center_axis',(0.,1.,0.));
#2404=DIRECTION('ref_axis',(0.,0.,1.));
#2405=DIRECTION('',(-1.,0.,0.));
#2406=DIRECTION('center_axis',(0.,0.,1.));
#2407=DIRECTION('ref_axis',(1.,0.,0.));
#2408=DIRECTION('center_axis',(0.,1.,0.));
#2409=DIRECTION('ref_axis',(0.,0.,1.));
#2410=DIRECTION('center_axis',(0.,0.,1.));
#2411=DIRECTION('ref_axis',(1.,0.,0.));
#2412=DIRECTION('center_axis',(0.,1.,0.));
#2413=DIRECTION('ref_axis',(0.,0.,1.));
#2414=DIRECTION('center_axis',(8.40607623962609E-50,1.,0.));
#2415=DIRECTION('ref_axis',(-1.,8.40607623962609E-50,2.41196518889339E-17));
#2416=DIRECTION('',(0.,0.,-1.));
#2417=DIRECTION('',(0.,0.,1.));
#2418=DIRECTION('center_axis',(-1.,9.34924652315921E-16,0.));
#2419=DIRECTION('ref_axis',(-9.34924652315921E-16,-1.,7.74559797549881E-18));
#2420=DIRECTION('',(0.,0.,1.));
#2421=DIRECTION('center_axis',(1.03276560430254E-16,-1.,0.));
#2422=DIRECTION('ref_axis',(1.,1.03276560430254E-16,-2.41196518889339E-17));
#2423=DIRECTION('',(0.,0.,1.));
#2424=DIRECTION('center_axis',(1.,1.86821126840662E-34,0.));
#2425=DIRECTION('ref_axis',(-1.86821126840662E-34,1.,-7.74559797549879E-18));
#2426=CARTESIAN_POINT('',(0.,0.,0.));
#2427=CARTESIAN_POINT('Origin',(57.3000049591064,76.9750030040741,-6.5));
#2428=CARTESIAN_POINT('',(59.3000030517578,83.1394169659492,2.00000002980232));
#2429=CARTESIAN_POINT('',(60.300003066659,84.3234776746594,0.999994667715786));
#2430=CARTESIAN_POINT('Ctrl Pts',(59.3000030517578,83.1394169659491,2.00000002980233));
#2431=CARTESIAN_POINT('Ctrl Pts',(59.3000030517578,83.304929951907,1.87996584651607));
#2432=CARTESIAN_POINT('Ctrl Pts',(59.3224745408458,83.4814465988597,1.74382850912114));
#2433=CARTESIAN_POINT('Ctrl Pts',(59.4360612551001,83.8073676011173,1.47579528496232));
#2434=CARTESIAN_POINT('Ctrl Pts',(59.5269414290417,83.9569288576174,1.34399065833036));
#2435=CARTESIAN_POINT('Ctrl Pts',(59.7308553872667,84.1446178102419,1.17174509646527));
#2436=CARTESIAN_POINT('Ctrl Pts',(59.828904309197,84.2099474724559,1.109824721092));
#2437=CARTESIAN_POINT('Ctrl Pts',(60.0524570399431,84.2994186463276,1.02374832590679));
#2438=CARTESIAN_POINT('Ctrl Pts',(60.1781527925901,84.3234722172151,1.00000001490116));
#2439=CARTESIAN_POINT('Ctrl Pts',(60.300003066659,84.3234722172151,1.00000001490116));
#2440=CARTESIAN_POINT('',(59.3000030517578,70.810589042199,2.00000002980232));
#2441=CARTESIAN_POINT('Origin',(59.3000030517578,76.9750030040741,-6.5));
#2442=CARTESIAN_POINT('',(60.300003066659,69.6265299646064,0.999996265880201));
#2443=CARTESIAN_POINT('Ctrl Pts',(60.300003066659,69.626533790933,1.00000001490116));
#2444=CARTESIAN_POINT('Ctrl Pts',(60.2251383894705,69.626533790933,1.00000001490116));
#2445=CARTESIAN_POINT('Ctrl Pts',(60.1446480075184,69.6357228142888,1.00903748759574));
#2446=CARTESIAN_POINT('Ctrl Pts',(59.9921687373275,69.673047441334,1.0453378112659));
#2447=CARTESIAN_POINT('Ctrl Pts',(59.9201297012125,69.7011053203158,1.07246975738013));
#2448=CARTESIAN_POINT('Ctrl Pts',(59.7759865107159,69.7754219261885,1.14326755311558));
#2449=CARTESIAN_POINT('Ctrl Pts',(59.6974482323459,69.832564614839,1.19697192162924));
#2450=CARTESIAN_POINT('Ctrl Pts',(59.56506200571,69.9630724600291,1.31604970862061));
#2451=CARTESIAN_POINT('Ctrl Pts',(59.5109763745613,70.0363610962199,1.38124254620092));
#2452=CARTESIAN_POINT('Ctrl Pts',(59.3675650063389,70.2832455259973,1.59472881987619));
#2453=CARTESIAN_POINT('Ctrl Pts',(59.3146158001924,70.4921084434889,1.7641656461276));
#2454=CARTESIAN_POINT('Ctrl Pts',(59.3008819335408,70.743976523686,1.95139055481215));
#2455=CARTESIAN_POINT('Ctrl Pts',(59.3000030517578,70.7772191170841,1.97579932020659));
#2456=CARTESIAN_POINT('Ctrl Pts',(59.3000030517578,70.810589042199,2.00000002980232));
#2457=CARTESIAN_POINT('',(85.0000049591064,69.6265299646064,0.999996265880201));
#2458=CARTESIAN_POINT('',(57.3000049591064,69.626533790933,1.00000001490116));
#2459=CARTESIAN_POINT('',(85.0000049591064,84.3234776746594,0.999994667715786));
#2460=CARTESIAN_POINT('Origin',(85.0000049591064,76.9750030040741,-6.5));
#2461=CARTESIAN_POINT('',(57.3000049591064,84.3234722172152,1.00000001490116));
#2462=CARTESIAN_POINT('Origin',(57.3000049591064,79.9750018119812,3.50000012665987));
#2463=CARTESIAN_POINT('',(57.3000049591064,69.6265299646064,0.999996265880201));
#2464=CARTESIAN_POINT('',(57.3000063913235,35.1499986645674,0.999989987907399));
#2465=CARTESIAN_POINT('',(57.3000049591064,79.9750018119812,1.00000001490116));
#2466=CARTESIAN_POINT('',(57.3000049591064,35.149998664856,6.00000023841858));
#2467=CARTESIAN_POINT('',(57.3000049591064,35.149998664856,1.00000001490116));
#2468=CARTESIAN_POINT('',(57.3000049591064,124.800004959106,6.00000023841858));
#2469=CARTESIAN_POINT('',(57.3000049591064,80.0800013303757,6.00000023841858));
#2470=CARTESIAN_POINT('',(57.3000063515664,124.800004959386,0.999990266247779));
#2471=CARTESIAN_POINT('',(57.3000049591064,124.800004959106,6.00000023841858));
#2472=CARTESIAN_POINT('',(57.3000049591064,84.3234776746594,0.999994667715786));
#2473=CARTESIAN_POINT('',(57.3000049591064,79.9750018119812,1.00000001490116));
#2474=CARTESIAN_POINT('',(57.3000049591064,81.9499401671428,1.00000001490116));
#2475=CARTESIAN_POINT('',(57.3000049591064,79.9750018119812,1.00000001490116));
#2476=CARTESIAN_POINT('',(57.3000049591064,72.0000658410053,1.00000001490116));
#2477=CARTESIAN_POINT('Origin',(57.3000049591064,76.9750030040741,-6.5));
#2478=CARTESIAN_POINT('',(57.3000049591064,79.9750018119812,1.00000001490116));
#2479=CARTESIAN_POINT('Origin',(60.300003066659,47.8000020980835,2.00000002980232));
#2480=CARTESIAN_POINT('',(60.300003066659,117.150001525879,1.00000001490116));
#2481=CARTESIAN_POINT('',(60.300003066659,47.8000020980835,1.00000001490116));
#2482=CARTESIAN_POINT('',(59.3000030517578,117.150001525879,2.00000002980232));
#2483=CARTESIAN_POINT('Origin',(60.300003066659,117.150001525879,2.00000002980232));
#2484=CARTESIAN_POINT('',(59.3000030517578,47.8000020980835,2.00000002980232));
#2485=CARTESIAN_POINT('Origin',(128.000002130866,82.4750008434057,1.00000001490116));
#2486=CARTESIAN_POINT('',(85.0000019074769,117.975003004074,1.00000001490116));
#2487=CARTESIAN_POINT('',(85.0000019074769,100.22500192374,1.00000001490116));
#2488=CARTESIAN_POINT('',(171.000001907471,117.975003004074,1.00000001490116));
#2489=CARTESIAN_POINT('',(149.500002019169,117.975003004074,1.00000001490116));
#2490=CARTESIAN_POINT('',(171.000001907471,41.9750030040741,1.00000001490116));
#2491=CARTESIAN_POINT('',(171.000001907471,62.2250019237399,1.00000001490116));
#2492=CARTESIAN_POINT('',(85.0000019074769,41.9750030040741,1.00000001490116));
#2493=CARTESIAN_POINT('',(106.500002019171,41.9750030040741,1.00000001490116));
#2494=CARTESIAN_POINT('',(85.0000019074769,100.22500192374,1.00000001490116));
#2495=CARTESIAN_POINT('',(60.300003066659,47.8000020980835,1.00000001490116));
#2496=CARTESIAN_POINT('',(60.300003066659,47.8000020980835,1.00000001490116));
#2497=CARTESIAN_POINT('',(62.9999971389771,47.8000020980835,1.00000001490116));
#2498=CARTESIAN_POINT('',(94.0015657187293,47.8000020980835,1.00000001490116));
#2499=CARTESIAN_POINT('',(66.8249988555908,43.9750003814697,1.00000001490116));
#2500=CARTESIAN_POINT('Origin',(62.9999971389771,43.9750003814697,1.00000001490116));
#2501=CARTESIAN_POINT('',(66.8249988555908,41.1499986797571,1.00000001490116));
#2502=CARTESIAN_POINT('',(66.8249988555908,61.6706431088479,1.00000001490116));
#2503=CARTESIAN_POINT('',(189.17501449585,41.1499986797571,1.00000001490116));
#2504=CARTESIAN_POINT('',(189.17501449585,41.1499986797571,1.00000001490116));
#2505=CARTESIAN_POINT('',(189.17501449585,43.9750003814697,1.00000001490116));
#2506=CARTESIAN_POINT('',(189.17501449585,61.6706431088479,1.00000001490116));
#2507=CARTESIAN_POINT('',(193.000016212463,47.8000020980835,1.00000001490116));
#2508=CARTESIAN_POINT('Origin',(193.000016212463,43.9750003814697,1.00000001490116));
#2509=CARTESIAN_POINT('',(195.699996948242,47.8000020980835,1.00000001490116));
#2510=CARTESIAN_POINT('',(161.99843995077,47.8000020980835,1.00000001490116));
#2511=CARTESIAN_POINT('',(195.699996948242,117.150001525879,1.00000001490116));
#2512=CARTESIAN_POINT('',(195.699996948242,117.150001525879,1.00000001490116));
#2513=CARTESIAN_POINT('',(193.000011444092,117.150001525879,1.00000001490116));
#2514=CARTESIAN_POINT('',(161.99843995077,117.150001525879,1.00000001490116));
#2515=CARTESIAN_POINT('',(189.17501449585,120.974998474121,1.00000001490116));
#2516=CARTESIAN_POINT('Origin',(193.000011444092,120.974998474121,1.00000001490116));
#2517=CARTESIAN_POINT('',(189.17501449585,123.800001144409,1.00000001490116));
#2518=CARTESIAN_POINT('',(189.17501449585,103.279358291704,1.00000001490116));
#2519=CARTESIAN_POINT('',(66.8249988555908,123.800001144409,1.00000001490116));
#2520=CARTESIAN_POINT('',(66.8249988555908,123.800001144409,1.00000001490116));
#2521=CARTESIAN_POINT('',(66.8249988555908,120.974998474121,1.00000001490116));
#2522=CARTESIAN_POINT('',(66.8249988555908,103.279358291704,1.00000001490116));
#2523=CARTESIAN_POINT('',(63.0000019073486,117.150001525879,1.00000001490116));
#2524=CARTESIAN_POINT('Origin',(63.0000019073486,120.974998474121,1.00000001490116));
#2525=CARTESIAN_POINT('',(94.0015657187293,117.150001525879,1.00000001490116));
#2526=CARTESIAN_POINT('',(82.2500019074769,106.745280724084,1.00000001490116));
#2527=CARTESIAN_POINT('Origin',(79.2500019074769,106.745280724084,1.00000001490116));
#2528=CARTESIAN_POINT('',(82.250001907477,53.2047252840643,1.00000001490116));
#2529=CARTESIAN_POINT('Origin',(79.250001907477,53.2047252840643,1.00000001490116));
#2530=CARTESIAN_POINT('',(179.750001907477,53.2047252840643,1.00000001490116));
#2531=CARTESIAN_POINT('Origin',(176.750001907477,53.2047252840643,1.00000001490116));
#2532=CARTESIAN_POINT('',(179.750001907477,106.745280724084,1.00000001490116));
#2533=CARTESIAN_POINT('Origin',(176.750001907477,106.745280724084,1.00000001490116));
#2534=CARTESIAN_POINT('Origin',(57.3000049591064,76.9750030040741,-6.5));
#2535=CARTESIAN_POINT('',(83.0000049591064,81.9499401671428,1.00000001490116));
#2536=CARTESIAN_POINT('',(83.0000049591064,72.0000658410053,1.00000001490116));
#2537=CARTESIAN_POINT('Origin',(83.0000019074768,76.9750030040741,-6.5));
#2538=CARTESIAN_POINT('',(83.0000049591064,70.7500532050797,0.));
#2539=CARTESIAN_POINT('Origin',(83.0000049591064,76.9750030040741,-6.5));
#2540=CARTESIAN_POINT('',(58.3000040054321,70.7500532050797,0.));
#2541=CARTESIAN_POINT('',(57.3000049591064,70.7500532050797,0.));
#2542=CARTESIAN_POINT('Origin',(64.7999977096916,76.9750030040741,-6.5));
#2543=CARTESIAN_POINT('',(58.3000040054321,83.1999528030684,0.));
#2544=CARTESIAN_POINT('Origin',(64.7999977096916,76.9750030040741,-6.5));
#2545=CARTESIAN_POINT('',(83.0000049591064,83.1999528030684,0.));
#2546=CARTESIAN_POINT('',(57.3000049591064,83.1999528030684,0.));
#2547=CARTESIAN_POINT('Origin',(83.0000049591064,76.9750030040741,-6.5));
#2548=CARTESIAN_POINT('Origin',(83.0000049591064,76.9750030040741,-6.5));
#2549=CARTESIAN_POINT('',(83.0000049591064,79.552588301486,0.));
#2550=CARTESIAN_POINT('Origin',(128.000002647268,82.1301735988979,0.));
#2551=CARTESIAN_POINT('',(58.3000118408944,124.80000496,1.37159736826948E-17));
#2552=CARTESIAN_POINT('',(58.3000040054321,81.0525877054395,0.));
#2553=CARTESIAN_POINT('',(59.3000030506314,125.799999011821,3.65137418299126E-17));
#2554=CARTESIAN_POINT('Origin',(59.2999165177541,124.800090481869,1.38755000631714E-16));
#2555=CARTESIAN_POINT('',(196.700000764536,125.799997283139,3.66774028649048E-17));
#2556=CARTESIAN_POINT('',(128.000002277309,125.800008773804,0.));
#2557=CARTESIAN_POINT('',(197.699994461566,124.800004960456,-9.57265484946162E-18));
#2558=CARTESIAN_POINT('Origin',(196.700104940491,124.800105013294,1.38777872977387E-16));
#2559=CARTESIAN_POINT('',(197.699995227869,35.149998663649,1.35138440713594E-16));
#2560=CARTESIAN_POINT('',(197.700004577637,81.0525877054395,0.));
#2561=CARTESIAN_POINT('',(196.700000764239,34.1500069536399,1.57680128792144E-16));
#2562=CARTESIAN_POINT('Origin',(196.700101066378,35.1499018537006,2.77629766337802E-16));
#2563=CARTESIAN_POINT('',(59.3000030505011,34.150006793378,7.89719029263035E-17));
#2564=CARTESIAN_POINT('',(128.000002277309,34.1499972343445,0.));
#2565=CARTESIAN_POINT('',(58.3000126515693,35.1499986637233,7.89607727527401E-17));
#2566=CARTESIAN_POINT('Origin',(59.2999044570208,35.1499004245928,1.38777888731396E-16));
#2567=CARTESIAN_POINT('',(58.3000040054321,81.0525877054395,0.));
#2568=CARTESIAN_POINT('',(178.850001907477,53.2047252840643,0.));
#2569=CARTESIAN_POINT('Origin',(176.750001907477,53.2047252840643,0.));
#2570=CARTESIAN_POINT('',(81.3500019074769,106.745280724084,0.));
#2571=CARTESIAN_POINT('Origin',(79.2500019074769,106.745280724084,0.));
#2572=CARTESIAN_POINT('',(81.350001907477,53.2047252840643,0.));
#2573=CARTESIAN_POINT('Origin',(79.250001907477,53.2047252840643,0.));
#2574=CARTESIAN_POINT('',(178.850001907477,106.745280724084,0.));
#2575=CARTESIAN_POINT('Origin',(176.750001907477,106.745280724084,0.));
#2576=CARTESIAN_POINT('',(190.00000264218,120.974998474125,3.46944695195361E-14));
#2577=CARTESIAN_POINT('Origin',(193.000003236549,120.975002821748,3.46944695195361E-14));
#2578=CARTESIAN_POINT('',(190.00000271065,43.9750003814692,2.80331313717852E-14));
#2579=CARTESIAN_POINT('Origin',(193.000003236548,43.9749998485694,2.80331313717852E-14));
#2580=CARTESIAN_POINT('',(60.0000016426439,120.974998474123,-6.99440505513849E-14));
#2581=CARTESIAN_POINT('Origin',(63.0000013873543,120.975002821748,-6.99440505513849E-14));
#2582=CARTESIAN_POINT('',(60.0000017111147,43.9750003814694,1.11022302462516E-15));
#2583=CARTESIAN_POINT('Origin',(63.0000013873543,43.9749998485691,1.11022302462516E-15));
#2584=CARTESIAN_POINT('',(85.0000019074769,41.9750030040741,0.));
#2585=CARTESIAN_POINT('',(171.000001907471,41.9750030040741,0.));
#2586=CARTESIAN_POINT('',(106.500004293279,41.9750030040741,0.));
#2587=CARTESIAN_POINT('',(171.000001907471,117.975003004074,0.));
#2588=CARTESIAN_POINT('',(171.000001907471,60.9750018102875,0.));
#2589=CARTESIAN_POINT('',(85.0000019074769,117.975003004074,0.));
#2590=CARTESIAN_POINT('',(149.500004293276,117.975003004074,0.));
#2591=CARTESIAN_POINT('',(85.0000019074769,98.9750018102875,0.));
#2592=CARTESIAN_POINT('Origin',(57.8000044822693,79.9750018119812,0.500000007450581));
#2593=CARTESIAN_POINT('',(57.8000044822693,124.800004959106,0.500000007450581));
#2594=CARTESIAN_POINT('Origin',(57.8000044822693,79.9750018119812,0.500000007450581));
#2595=CARTESIAN_POINT('',(57.8000044822693,35.149998664856,0.500000007450581));
#2596=CARTESIAN_POINT('Origin',(59.3000030517578,81.2250018119812,5.25000009685755));
#2597=CARTESIAN_POINT('',(59.3000030517578,117.150001525879,6.00000023841858));
#2598=CARTESIAN_POINT('',(59.3000030517578,117.150001525879,3.54498509023535));
#2599=CARTESIAN_POINT('',(59.3000030517578,124.800004959106,6.00000023841858));
#2600=CARTESIAN_POINT('',(59.3000030517578,100.776005443537,6.00000023841858));
#2601=CARTESIAN_POINT('',(59.3000030517578,124.800004959106,6.99999988079071));
#2602=CARTESIAN_POINT('',(59.3000030517578,124.800004959106,5.25000009685755));
#2603=CARTESIAN_POINT('',(59.3000030517578,35.149998664856,6.99999988079071));
#2604=CARTESIAN_POINT('',(59.3000030517578,81.0375014940898,6.99999988079071));
#2605=CARTESIAN_POINT('',(59.3000030517578,35.149998664856,6.00000023841858));
#2606=CARTESIAN_POINT('',(59.3000030517578,35.149998664856,5.8750000782311));
#2607=CARTESIAN_POINT('',(59.3000030517578,47.8000020980835,6.00000023841858));
#2608=CARTESIAN_POINT('',(59.3000030517578,62.9004123975646,6.00000023841858));
#2609=CARTESIAN_POINT('',(59.3000030517578,47.8000020980835,2.00000002980232));
#2610=CARTESIAN_POINT('',(59.3000030517578,47.8000020980835,3.54498509023535));
#2611=CARTESIAN_POINT('',(59.3000030517578,47.8000020980835,2.00000002980232));
#2612=CARTESIAN_POINT('Origin',(60.300003066659,47.8000020980835,2.00000002980232));
#2613=CARTESIAN_POINT('Origin',(60.300003066659,47.8000020980835,2.00000002980232));
#2614=CARTESIAN_POINT('Origin',(176.750001907477,106.745280724084,4.00000001490116));
#2615=CARTESIAN_POINT('',(178.850001907477,106.745280724084,4.00000001490116));
#2616=CARTESIAN_POINT('Origin',(176.750001907477,106.745280724084,4.00000001490116));
#2617=CARTESIAN_POINT('Origin',(176.750001907477,106.745280724084,5.00000001490116));
#2618=CARTESIAN_POINT('',(179.750001907477,106.745280724084,5.00000001490116));
#2619=CARTESIAN_POINT('Origin',(176.750001907477,106.745280724084,5.00000001490116));
#2620=CARTESIAN_POINT('Origin',(79.2500019074769,106.745280724084,4.00000001490116));
#2621=CARTESIAN_POINT('',(81.3500019074769,106.745280724084,4.00000001490116));
#2622=CARTESIAN_POINT('Origin',(79.2500019074769,106.745280724084,4.00000001490116));
#2623=CARTESIAN_POINT('Origin',(79.2500019074769,106.745280724084,5.00000001490116));
#2624=CARTESIAN_POINT('',(82.2500019074769,106.745280724084,5.00000001490116));
#2625=CARTESIAN_POINT('Origin',(79.2500019074769,106.745280724084,5.00000001490116));
#2626=CARTESIAN_POINT('Origin',(176.750001907477,53.2047252840643,4.00000001490116));
#2627=CARTESIAN_POINT('',(178.850001907477,53.2047252840643,4.00000001490116));
#2628=CARTESIAN_POINT('Origin',(176.750001907477,53.2047252840643,4.00000001490116));
#2629=CARTESIAN_POINT('Origin',(176.750001907477,53.2047252840643,5.00000001490116));
#2630=CARTESIAN_POINT('',(179.750001907477,53.2047252840643,5.00000001490116));
#2631=CARTESIAN_POINT('Origin',(176.750001907477,53.2047252840643,5.00000001490116));
#2632=CARTESIAN_POINT('Origin',(79.250001907477,53.2047252840643,4.00000001490116));
#2633=CARTESIAN_POINT('',(81.350001907477,53.2047252840643,4.00000001490116));
#2634=CARTESIAN_POINT('Origin',(79.250001907477,53.2047252840643,4.00000001490116));
#2635=CARTESIAN_POINT('Origin',(79.250001907477,53.2047252840643,5.00000001490116));
#2636=CARTESIAN_POINT('',(82.250001907477,53.2047252840643,5.00000001490116));
#2637=CARTESIAN_POINT('Origin',(79.250001907477,53.2047252840643,5.00000001490116));
#2638=CARTESIAN_POINT('Origin',(176.750001907477,106.745280724084,1.00000001490116));
#2639=CARTESIAN_POINT('',(178.850001907477,106.745280724084,1.00000001490116));
#2640=CARTESIAN_POINT('Origin',(176.750001907477,106.745280724084,1.00000001490116));
#2641=CARTESIAN_POINT('',(179.750001907477,106.745280724084,1.00000001490116));
#2642=CARTESIAN_POINT('Origin',(79.2500019074769,106.745280724084,1.00000001490116));
#2643=CARTESIAN_POINT('',(81.3500019074769,106.745280724084,1.00000001490116));
#2644=CARTESIAN_POINT('Origin',(79.2500019074769,106.745280724084,1.00000001490116));
#2645=CARTESIAN_POINT('',(82.2500019074769,106.745280724084,1.00000001490116));
#2646=CARTESIAN_POINT('Origin',(176.750001907477,53.2047252840643,1.00000001490116));
#2647=CARTESIAN_POINT('',(178.850001907477,53.2047252840643,1.00000001490116));
#2648=CARTESIAN_POINT('Origin',(176.750001907477,53.2047252840643,1.00000001490116));
#2649=CARTESIAN_POINT('',(179.750001907477,53.2047252840643,1.00000001490116));
#2650=CARTESIAN_POINT('Origin',(79.250001907477,53.2047252840643,1.00000001490116));
#2651=CARTESIAN_POINT('',(81.350001907477,53.2047252840643,1.00000001490116));
#2652=CARTESIAN_POINT('Origin',(79.250001907477,53.2047252840643,1.00000001490116));
#2653=CARTESIAN_POINT('',(82.250001907477,53.2047252840643,1.00000001490116));
#2654=CARTESIAN_POINT('Origin',(133.612003040314,80.1850008487701,6.00000023841858));
#2655=CARTESIAN_POINT('',(59.3000054359436,33.1499981880188,6.00000023841858));
#2656=CARTESIAN_POINT('Origin',(59.3000054359436,35.149998664856,6.00000023841858));
#2657=CARTESIAN_POINT('',(196.700007915497,33.1499981880188,6.00000023841858));
#2658=CARTESIAN_POINT('',(130.806002473831,33.1499981880188,6.00000023841858));
#2659=CARTESIAN_POINT('',(198.700008392334,35.149998664856,6.00000023841858));
#2660=CARTESIAN_POINT('Origin',(196.700007915497,35.149998664856,6.00000023841858));
#2661=CARTESIAN_POINT('',(198.700008392334,76.5999984741211,6.00000023841858));
#2662=CARTESIAN_POINT('',(198.700008392334,81.2731827692552,6.00000023841858));
#2663=CARTESIAN_POINT('',(198.199996948242,76.5999984741211,6.00000023841858));
#2664=CARTESIAN_POINT('',(166.031002855301,76.5999984741211,6.00000023841858));
#2665=CARTESIAN_POINT('',(198.199996948242,78.0999994277954,6.00000023841858));
#2666=CARTESIAN_POINT('',(198.199996948242,81.3925008643757,6.00000023841858));
#2667=CARTESIAN_POINT('',(197.5,78.0999994277954,6.00000023841858));
#2668=CARTESIAN_POINT('',(165.53933447202,78.0999994277954,6.00000023841858));
#2669=CARTESIAN_POINT('',(197.5,34.3499994277954,6.00000023841858));
#2670=CARTESIAN_POINT('',(197.5,68.2050001382828,6.00000023841858));
#2671=CARTESIAN_POINT('',(58.4999990463257,34.3499994277954,6.00000023841858));
#2672=CARTESIAN_POINT('',(130.806001281738,34.3499994277954,6.00000023841858));
#2673=CARTESIAN_POINT('',(58.4999990463257,125.600004196167,6.00000023841858));
#2674=CARTESIAN_POINT('',(58.4999990463257,80.0800013303757,6.00000023841858));
#2675=CARTESIAN_POINT('',(197.5,125.600004196167,6.00000023841858));
#2676=CARTESIAN_POINT('',(130.806001281738,125.600004196167,6.00000023841858));
#2677=CARTESIAN_POINT('',(197.5,87.1000003814697,6.00000023841858));
#2678=CARTESIAN_POINT('',(197.5,93.2675015687942,6.00000023841858));
#2679=CARTESIAN_POINT('',(198.199996948242,87.1000003814697,6.00000023841858));
#2680=CARTESIAN_POINT('',(165.53933447202,87.1000003814697,6.00000023841858));
#2681=CARTESIAN_POINT('',(198.199996948242,88.5999965667725,6.00000023841858));
#2682=CARTESIAN_POINT('',(198.199996948242,81.3925008643757,6.00000023841858));
#2683=CARTESIAN_POINT('',(198.700008392334,88.5999965667725,6.00000023841858));
#2684=CARTESIAN_POINT('',(166.031002855301,88.5999965667725,6.00000023841858));
#2685=CARTESIAN_POINT('',(198.700008392334,124.800004959106,6.00000023841858));
#2686=CARTESIAN_POINT('',(198.700008392334,81.2731827692552,6.00000023841858));
#2687=CARTESIAN_POINT('',(196.700010299683,126.800003051758,6.00000023841858));
#2688=CARTESIAN_POINT('Origin',(196.700010299683,124.800004959106,6.00000023841858));
#2689=CARTESIAN_POINT('',(59.3000030517578,126.800003051758,6.00000023841858));
#2690=CARTESIAN_POINT('',(130.806002473831,126.800003051758,6.00000023841858));
#2691=CARTESIAN_POINT('Origin',(59.3000030517578,124.800004959106,6.00000023841858));
#2692=CARTESIAN_POINT('Origin',(198.700008392334,82.3613646897403,2.36691712317142));
#2693=CARTESIAN_POINT('',(198.700004517166,35.1499986648559,0.999996139747439));
#2694=CARTESIAN_POINT('',(198.700007248731,124.800004959375,0.99999200850678));
#2695=CARTESIAN_POINT('',(198.700008392334,81.1681832508607,1.00000001490116));
#2696=CARTESIAN_POINT('',(198.700008392334,124.800004959106,1.00000001490116));
#2697=CARTESIAN_POINT('',(198.700008392334,88.5999965667725,2.99999624490738));
#2698=CARTESIAN_POINT('',(198.700008392334,88.5999965667725,3.43345865099268));
#2699=CARTESIAN_POINT('',(198.700008392334,87.1000003814697,1.50000005960464));
#2700=CARTESIAN_POINT('Origin',(198.700008392334,87.1000003814697,2.99999624490738));
#2701=CARTESIAN_POINT('',(198.700008392334,78.0999985337257,1.50000005960464));
#2702=CARTESIAN_POINT('',(198.700008392334,82.4806822971864,1.50000005960464));
#2703=CARTESIAN_POINT('',(198.700008392334,76.5999984741211,3.00000011920929));
#2704=CARTESIAN_POINT('Origin',(198.700008392334,78.0999985337257,3.00000011920929));
#2705=CARTESIAN_POINT('',(198.700008392334,76.5999984741211,3.43345865099268));
#2706=CARTESIAN_POINT('',(198.700008392334,35.149998664856,6.00000023841858));
#2707=CARTESIAN_POINT('Origin',(197.5,56.2249994277954,6.50000005960464));
#2708=CARTESIAN_POINT('',(197.5,78.0999994277954,6.99999988079071));
#2709=CARTESIAN_POINT('',(197.5,78.0999994277954,5.91666673620542));
#2710=CARTESIAN_POINT('',(197.5,34.3499994277954,6.99999988079071));
#2711=CARTESIAN_POINT('',(197.5,68.5375003019969,6.99999988079071));
#2712=CARTESIAN_POINT('',(197.5,34.3499994277954,6.50000005960464));
#2713=CARTESIAN_POINT('Origin',(128.000001907349,126.800003051758,3.50000012665987));
#2714=CARTESIAN_POINT('',(59.3000030515184,126.800001817122,0.999991371173439));
#2715=CARTESIAN_POINT('',(59.3000030517578,126.800003051758,6.00000023841858));
#2716=CARTESIAN_POINT('',(196.700000762939,126.799997215965,0.999994179074613));
#2717=CARTESIAN_POINT('',(196.700010299683,126.800003051758,1.00000001490116));
#2718=CARTESIAN_POINT('',(128.000001907349,126.800003051758,1.00000001490116));
#2719=CARTESIAN_POINT('Origin',(128.000001907349,33.1499981880188,3.50000012665987));
#2720=CARTESIAN_POINT('',(59.3000042430217,33.1499994556117,0.999991140446571));
#2721=CARTESIAN_POINT('',(196.700004337744,33.149999465793,0.999991069173196));
#2722=CARTESIAN_POINT('',(128.000001907349,33.1499981880188,1.00000001490116));
#2723=CARTESIAN_POINT('',(196.700007915497,33.1499981880188,6.00000023841858));
#2724=CARTESIAN_POINT('',(59.3000054359436,33.1499981880188,1.00000001490116));
#2725=CARTESIAN_POINT('Origin',(197.5,106.350002288818,6.50000005960464));
#2726=CARTESIAN_POINT('',(197.5,125.600004196167,6.99999988079071));
#2727=CARTESIAN_POINT('',(197.5,125.600004196167,6.50000005960464));
#2728=CARTESIAN_POINT('',(197.5,87.1000003814697,6.99999988079071));
#2729=CARTESIAN_POINT('',(197.5,93.6000017325084,6.99999988079071));
#2730=CARTESIAN_POINT('',(197.5,87.1000003814697,5.91666673620542));
#2731=CARTESIAN_POINT('Origin',(127.999999523163,125.600004196167,6.50000005960464));
#2732=CARTESIAN_POINT('',(58.4999990463257,125.600004196167,6.99999988079071));
#2733=CARTESIAN_POINT('',(58.4999990463257,125.600004196167,6.50000005960464));
#2734=CARTESIAN_POINT('',(139.516666730245,125.600004196167,6.99999988079071));
#2735=CARTESIAN_POINT('Origin',(58.4999990463257,79.9750018119812,6.50000005960464));
#2736=CARTESIAN_POINT('',(58.4999990463257,34.3499994277954,6.99999988079071));
#2737=CARTESIAN_POINT('',(58.4999990463257,34.3499994277954,6.50000005960464));
#2738=CARTESIAN_POINT('',(58.4999990463257,80.4125014940898,6.99999988079071));
#2739=CARTESIAN_POINT('Origin',(127.999999523163,34.3499994277954,6.50000005960464));
#2740=CARTESIAN_POINT('',(139.516666730245,34.3499994277954,6.99999988079071));
#2741=CARTESIAN_POINT('Origin',(128.000001907349,35.149998664856,6.50000005960464));
#2742=CARTESIAN_POINT('',(196.700000762939,35.149998664856,6.99999988079071));
#2743=CARTESIAN_POINT('',(139.516667922338,35.149998664856,6.99999988079071));
#2744=CARTESIAN_POINT('',(196.700000762939,35.149998664856,6.00000023841858));
#2745=CARTESIAN_POINT('',(196.700000762939,35.149998664856,5.8333333954215));
#2746=CARTESIAN_POINT('',(128.000002289718,35.149998664856,6.00000023841858));
#2747=CARTESIAN_POINT('Origin',(151.033333937327,80.8500011761983,6.99999988079071));
#2748=CARTESIAN_POINT('',(196.700000762939,78.0999994277954,6.99999988079071));
#2749=CARTESIAN_POINT('',(174.249999920527,78.0999994277954,6.99999988079071));
#2750=CARTESIAN_POINT('',(196.700000762939,81.266667842865,6.99999988079071));
#2751=CARTESIAN_POINT('',(196.700000762939,124.800004959106,6.99999988079071));
#2752=CARTESIAN_POINT('',(139.516669114431,124.800004959106,6.99999988079071));
#2753=CARTESIAN_POINT('',(196.700000762939,87.1000003814697,6.99999988079071));
#2754=CARTESIAN_POINT('',(196.700000762939,81.266667842865,6.99999988079071));
#2755=CARTESIAN_POINT('',(174.249999920527,87.1000003814697,6.99999988079071));
#2756=CARTESIAN_POINT('Origin',(66.8249988555908,40.8662853742901,1.83997008361314));
#2757=CARTESIAN_POINT('',(66.8249988555908,40.149998664856,2.00000002980232));
#2758=CARTESIAN_POINT('Origin',(66.8249988555908,41.1499986797571,2.00000002980232));
#2759=CARTESIAN_POINT('',(66.8249988555908,43.9750003814697,6.00000023841858));
#2760=CARTESIAN_POINT('',(66.8249988555908,43.9750003814697,1.00000001490116));
#2761=CARTESIAN_POINT('',(66.8249988555908,40.149998664856,6.00000023841858));
#2762=CARTESIAN_POINT('',(66.8249988555908,42.721054178719,6.00000023841858));
#2763=CARTESIAN_POINT('',(66.8249988555908,40.149998664856,2.9199851088618));
#2764=CARTESIAN_POINT('Origin',(128.00000667572,40.149998664856,4.00000013411045));
#2765=CARTESIAN_POINT('',(189.17501449585,40.149998664856,6.00000023841858));
#2766=CARTESIAN_POINT('',(128.000004673904,40.149998664856,6.00000023841858));
#2767=CARTESIAN_POINT('',(189.17501449585,40.149998664856,2.00000002980232));
#2768=CARTESIAN_POINT('',(189.17501449585,40.149998664856,2.9199851088618));
#2769=CARTESIAN_POINT('',(189.17501449585,40.149998664856,2.00000002980232));
#2770=CARTESIAN_POINT('Origin',(189.17501449585,40.8662853742901,1.83997008361314));
#2771=CARTESIAN_POINT('',(189.17501449585,43.9750003814697,6.00000023841858));
#2772=CARTESIAN_POINT('',(189.17501449585,42.721054178719,6.00000023841858));
#2773=CARTESIAN_POINT('',(189.17501449585,43.9750003814697,1.00000001490116));
#2774=CARTESIAN_POINT('Origin',(189.17501449585,41.1499986797571,2.00000002980232));
#2775=CARTESIAN_POINT('Origin',(195.996877770675,47.8000020980835,1.83997008361314));
#2776=CARTESIAN_POINT('',(193.000016212463,47.8000020980835,6.00000023841858));
#2777=CARTESIAN_POINT('',(193.000016212463,47.8000020980835,1.00000001490116));
#2778=CARTESIAN_POINT('',(196.700000762939,47.8000020980835,6.00000023841858));
#2779=CARTESIAN_POINT('',(161.998440221381,47.8000020980835,6.00000023841858));
#2780=CARTESIAN_POINT('',(196.700000762939,47.8000020980835,2.00000382959843));
#2781=CARTESIAN_POINT('',(196.700000762939,47.8000020980835,3.50331840742576));
#2782=CARTESIAN_POINT('Origin',(195.699996948242,47.8000020980835,2.00000382959843));
#2783=CARTESIAN_POINT('Origin',(60.0031293065924,117.150001525879,1.83997008361314));
#2784=CARTESIAN_POINT('',(63.0000019073486,117.150001525879,6.00000023841858));
#2785=CARTESIAN_POINT('',(63.0000019073486,117.150001525879,1.00000001490116));
#2786=CARTESIAN_POINT('',(61.8267411532208,117.150001525879,6.00000023841858));
#2787=CARTESIAN_POINT('Origin',(63.6503529998491,120.327009075093,6.00000023841858));
#2788=CARTESIAN_POINT('',(66.8249988555908,120.974998474121,6.00000023841858));
#2789=CARTESIAN_POINT('Origin',(63.0000019073486,120.974998474121,6.00000023841858));
#2790=CARTESIAN_POINT('',(66.8249988555908,124.800004959106,6.00000023841858));
#2791=CARTESIAN_POINT('',(66.8249988555908,122.205362407548,6.00000023841858));
#2792=CARTESIAN_POINT('',(95.8251786456918,124.800004959106,6.00000023841858));
#2793=CARTESIAN_POINT('',(61.4000012106949,120.975002285981,6.00000177661206));
#2794=CARTESIAN_POINT('Origin',(63.0000010343888,120.975002285982,6.00000023841858));
#2795=CARTESIAN_POINT('Origin',(66.8249988555908,124.083715740003,1.83997008361314));
#2796=CARTESIAN_POINT('',(66.8249988555908,124.800004959106,2.00000382959843));
#2797=CARTESIAN_POINT('Origin',(66.8249988555908,123.800001144409,2.00000382959843));
#2798=CARTESIAN_POINT('',(66.8249988555908,124.800004959106,3.54498509023535));
#2799=CARTESIAN_POINT('',(66.8249988555908,120.974998474121,1.00000001490116));
#2800=CARTESIAN_POINT('Origin',(196.700000762939,81.6833345095316,5.16666673123837));
#2801=CARTESIAN_POINT('',(196.700000762939,78.0999994277954,3.00000011920929));
#2802=CARTESIAN_POINT('',(196.700000762939,78.0999994277954,5.25000007202228));
#2803=CARTESIAN_POINT('',(196.700000762939,87.1000003814697,3.00000011920929));
#2804=CARTESIAN_POINT('',(196.700000762939,82.1416672070821,3.00000011920929));
#2805=CARTESIAN_POINT('',(196.700000762939,87.1000003814697,5.25000007202228));
#2806=CARTESIAN_POINT('',(196.700000762939,124.800004959106,6.00000023841858));
#2807=CARTESIAN_POINT('',(196.700000762939,124.800004959106,5.20833341404796));
#2808=CARTESIAN_POINT('',(196.700000762939,117.150001525879,6.00000023841858));
#2809=CARTESIAN_POINT('',(196.700000762939,101.005171792312,6.00000023841858));
#2810=CARTESIAN_POINT('',(196.700000762939,117.150001525879,2.00000382959843));
#2811=CARTESIAN_POINT('',(196.700000762939,117.150001525879,3.50331840742576));
#2812=CARTESIAN_POINT('',(196.700000762939,117.150001525879,2.00000382959843));
#2813=CARTESIAN_POINT('',(196.700000762939,63.1295787463398,6.00000023841858));
#2814=CARTESIAN_POINT('Origin',(195.996877770675,117.150001525879,1.83997008361314));
#2815=CARTESIAN_POINT('Origin',(195.699996948242,117.150001525879,2.00000382959843));
#2816=CARTESIAN_POINT('',(193.000011444092,117.150001525879,6.00000023841858));
#2817=CARTESIAN_POINT('',(194.1732650575,117.150001525879,6.00000023841858));
#2818=CARTESIAN_POINT('',(193.000011444092,117.150001525879,1.00000001490116));
#2819=CARTESIAN_POINT('Origin',(128.000004291534,124.800004959106,5.25000009685755));
#2820=CARTESIAN_POINT('',(189.17501449585,124.800004959106,2.00000382959843));
#2821=CARTESIAN_POINT('',(66.8249988555908,124.800004959106,2.00000382959843));
#2822=CARTESIAN_POINT('',(189.17501449585,124.800004959106,6.00000023841858));
#2823=CARTESIAN_POINT('',(189.17501449585,124.800004959106,3.54498509023535));
#2824=CARTESIAN_POINT('',(160.17482831793,124.800004959106,6.00000023841858));
#2825=CARTESIAN_POINT('Origin',(189.17501449585,124.083715740003,1.83997008361314));
#2826=CARTESIAN_POINT('',(189.17501449585,120.974998474121,6.00000023841858));
#2827=CARTESIAN_POINT('',(189.17501449585,120.974998474121,1.00000001490116));
#2828=CARTESIAN_POINT('',(189.17501449585,122.205362407548,6.00000023841858));
#2829=CARTESIAN_POINT('Origin',(189.17501449585,123.800001144409,2.00000382959843));
#2830=CARTESIAN_POINT('Origin',(192.349652344326,120.327009075093,6.00000023841858));
#2831=CARTESIAN_POINT('Origin',(193.000011444092,120.974998474121,6.00000023841858));
#2832=CARTESIAN_POINT('',(191.400007527299,120.975002285979,6.0000036786304));
#2833=CARTESIAN_POINT('Origin',(193.000005924129,120.97500228598,6.00000023841858));
#2834=CARTESIAN_POINT('Origin',(60.0031293065924,47.8000020980835,1.83997008361314));
#2835=CARTESIAN_POINT('',(62.9999971389771,47.8000020980835,6.00000023841858));
#2836=CARTESIAN_POINT('',(94.00156598934,47.8000020980835,6.00000023841858));
#2837=CARTESIAN_POINT('',(62.9999971389771,47.8000020980835,1.00000001490116));
#2838=CARTESIAN_POINT('Origin',(128.000002672087,44.575822983148,6.00000023841858));
#2839=CARTESIAN_POINT('Origin',(193.000016212463,43.9750003814697,6.00000023841858));
#2840=CARTESIAN_POINT('Origin',(62.9999971389771,43.9750003814697,6.00000023841858));
#2841=CARTESIAN_POINT('',(61.4000015249833,43.9749993142796,6.00000150897719));
#2842=CARTESIAN_POINT('Origin',(63.0000011271742,43.9749993142797,6.00000023841858));
#2843=CARTESIAN_POINT('',(191.400007841587,43.9749993142776,6.0000035747397));
#2844=CARTESIAN_POINT('Origin',(193.000006016915,43.9749993142779,6.00000023841858));
#2845=CARTESIAN_POINT('Origin',(198.199996948242,82.6000008799813,2.45782621882179));
#2846=CARTESIAN_POINT('',(198.199996948242,76.5999984741211,3.00000011920929));
#2847=CARTESIAN_POINT('',(198.199996948242,78.0999985337257,1.50000005960464));
#2848=CARTESIAN_POINT('Origin',(198.199996948242,78.0999985337257,3.00000011920929));
#2849=CARTESIAN_POINT('',(198.199996948242,87.1000003814697,1.50000005960464));
#2850=CARTESIAN_POINT('',(198.199996948242,82.6000003923069,1.50000005960464));
#2851=CARTESIAN_POINT('',(198.199996948242,88.5999965667725,2.99999624490738));
#2852=CARTESIAN_POINT('Origin',(198.199996948242,87.1000003814697,2.99999624490738));
#2853=CARTESIAN_POINT('',(198.199996948242,88.5999965667725,3.47891319881786));
#2854=CARTESIAN_POINT('',(198.199996948242,87.1000003814697,3.00000011920929));
#2855=CARTESIAN_POINT('',(198.199996948242,87.1000003814697,3.89557981581399));
#2856=CARTESIAN_POINT('',(198.199996948242,78.0999994277954,3.00000011920929));
#2857=CARTESIAN_POINT('',(198.199996948242,82.6000003923069,3.00000011920929));
#2858=CARTESIAN_POINT('',(198.199996948242,78.0999994277954,3.89557981581399));
#2859=CARTESIAN_POINT('',(198.199996948242,76.5999984741211,3.47891319881786));
#2860=CARTESIAN_POINT('Origin',(128.000001907349,126.300005912781,0.500000007450581));
#2861=CARTESIAN_POINT('',(59.3000030517578,126.300005912781,0.500000007450581));
#2862=CARTESIAN_POINT('',(196.700000762939,126.300005912781,0.500000007450581));
#2863=CARTESIAN_POINT('Origin',(128.000001907349,33.6499977111816,0.500000007450581));
#2864=CARTESIAN_POINT('',(59.3000030517578,33.6499977111816,0.500000007450581));
#2865=CARTESIAN_POINT('',(196.700000762939,33.6499977111816,0.500000007450581));
#2866=CARTESIAN_POINT('Origin',(198.200006484985,79.9750018119812,0.500000007450581));
#2867=CARTESIAN_POINT('',(198.200006484985,124.800004959106,0.500000007450581));
#2868=CARTESIAN_POINT('',(198.200006484985,35.1499986648559,0.500000007450581));
#2869=CARTESIAN_POINT('Origin',(62.9999971389771,43.9750003814697,1.00000001490116));
#2870=CARTESIAN_POINT('Origin',(193.000016212463,43.9750003814697,1.00000001490116));
#2871=CARTESIAN_POINT('Origin',(63.0000019073486,120.974998474121,1.00000001490116));
#2872=CARTESIAN_POINT('Origin',(193.000011444092,120.974998474121,1.00000001490116));
#2873=CARTESIAN_POINT('Origin',(63.0000011271742,43.9749993142797,6.00000023841858));
#2874=CARTESIAN_POINT('',(61.4000007839176,43.9750003814709,3.90000013820352));
#2875=CARTESIAN_POINT('',(61.4000015249831,43.9749993142797,6.00000080303969));
#2876=CARTESIAN_POINT('',(64.599999575384,43.974999231732,3.90000116423758));
#2877=CARTESIAN_POINT('Ctrl Pts',(61.4000007839176,43.9750003814709,3.90000013820352));
#2878=CARTESIAN_POINT('Ctrl Pts',(61.4000008735935,44.1758999279496,3.9000001023249));
#2879=CARTESIAN_POINT('Ctrl Pts',(61.4401504934759,44.39018922295,3.90000007174763));
#2880=CARTESIAN_POINT('Ctrl Pts',(61.6034362322296,44.7843961206825,3.90000003263174));
#2881=CARTESIAN_POINT('Ctrl Pts',(61.726572206737,44.9643125736758,3.9000000240933));
#2882=CARTESIAN_POINT('Ctrl Pts',(62.0106870386811,45.2484275084973,3.90000002778955));
#2883=CARTESIAN_POINT('Ctrl Pts',(62.1906034750912,45.3715635602355,3.90000004027063));
#2884=CARTESIAN_POINT('Ctrl Pts',(62.5848103743068,45.5348494423449,3.90000008663932));
#2885=CARTESIAN_POINT('Ctrl Pts',(62.7991008371121,45.5749992727161,3.90000012052693));
#2886=CARTESIAN_POINT('Ctrl Pts',(63.2008999843223,45.5749992662178,3.90000019751146));
#2887=CARTESIAN_POINT('Ctrl Pts',(63.4151904432969,45.5348494299207,3.90000024573974));
#2888=CARTESIAN_POINT('Ctrl Pts',(63.8093973333636,45.3715635388499,3.90000035043072));
#2889=CARTESIAN_POINT('Ctrl Pts',(63.9893137644557,45.2484274840761,3.90000040689342));
#2890=CARTESIAN_POINT('Ctrl Pts',(64.273428583778,44.9643125488799,3.90000051206959));
#2891=CARTESIAN_POINT('Ctrl Pts',(64.3965645515644,44.7843960991096,3.90000056779356));
#2892=CARTESIAN_POINT('Ctrl Pts',(64.5598502811694,44.3901892107133,3.90000066948022));
#2893=CARTESIAN_POINT('Ctrl Pts',(64.600000042988,44.1758987720872,3.90000071544291));
#2894=CARTESIAN_POINT('Ctrl Pts',(64.5999999883002,43.9749992317321,3.90000075132147));
#2895=CARTESIAN_POINT('Ctrl Pts',(64.5999999883002,43.9749992317321,3.90000075132147));
#2896=CARTESIAN_POINT('Ctrl Pts',(64.5999999336125,43.7740997340695,3.90000078720002));
#2897=CARTESIAN_POINT('Ctrl Pts',(64.5598500720541,43.5598093599219,3.90000081777738));
#2898=CARTESIAN_POINT('Ctrl Pts',(64.396564191615,43.1656026255129,3.90000085689321));
#2899=CARTESIAN_POINT('Ctrl Pts',(64.2734281727342,42.9856862652515,3.90000086543168));
#2900=CARTESIAN_POINT('Ctrl Pts',(63.9893133471052,42.7015715425,3.90000086173552));
#2901=CARTESIAN_POINT('Ctrl Pts',(63.8093969702607,42.5784356008501,3.90000084925451));
#2902=CARTESIAN_POINT('Ctrl Pts',(63.4151902373347,42.4151498637668,3.90000080288603));
#2903=CARTESIAN_POINT('Ctrl Pts',(63.2008998812533,42.3750000683334,3.90000076899854));
#2904=CARTESIAN_POINT('Ctrl Pts',(62.799100940181,42.3750000618352,3.9000006920142));
#2905=CARTESIAN_POINT('Ctrl Pts',(62.5848105802688,42.415149851343,3.90000064378599));
#2906=CARTESIAN_POINT('Ctrl Pts',(62.1906038381942,42.578435579465,3.90000053909509));
#2907=CARTESIAN_POINT('Ctrl Pts',(62.0106874560318,42.7015715180792,3.90000048263238));
#2908=CARTESIAN_POINT('Ctrl Pts',(61.7265726177811,42.9856862404561,3.90000037745611));
#2909=CARTESIAN_POINT('Ctrl Pts',(61.6034365921794,43.1656026039403,3.90000032173205));
#2910=CARTESIAN_POINT('Ctrl Pts',(61.4401507025915,43.5598093476853,3.90000022004518));
#2911=CARTESIAN_POINT('Ctrl Pts',(61.4000008386053,43.774099727946,3.90000017408238));
#2912=CARTESIAN_POINT('Ctrl Pts',(61.4000007839175,43.9749992317321,3.90000013820373));
#2913=CARTESIAN_POINT('Origin',(63.0000013873543,43.9749998485691,2.5));
#2914=CARTESIAN_POINT('',(60.0000017111147,43.9750003814695,2.50000066438333));
#2915=CARTESIAN_POINT('',(66.0000012165395,43.9749993628071,2.50000010445328));
#2916=CARTESIAN_POINT('Ctrl Pts',(60.0000017111147,43.9750003814695,2.50000066438333));
#2917=CARTESIAN_POINT('Ctrl Pts',(60.0000016442025,43.5983138347392,2.50000069010945));
#2918=CARTESIAN_POINT('Ctrl Pts',(60.0752827032784,43.196518363991,2.50000071244401));
#2919=CARTESIAN_POINT('Ctrl Pts',(60.3814435944581,42.4573806973734,2.50000074215685));
#2920=CARTESIAN_POINT('Ctrl Pts',(60.6123235544674,42.1200374828414,2.50000074953518));
#2921=CARTESIAN_POINT('Ctrl Pts',(61.1450387589375,41.5873222170944,2.50000074978284));
#2922=CARTESIAN_POINT('Ctrl Pts',(61.4823819635921,41.3564422110842,2.50000074266869));
#2923=CARTESIAN_POINT('Ctrl Pts',(62.2215196310931,41.0502812345176,2.50000071344183));
#2924=CARTESIAN_POINT('Ctrl Pts',(62.6233140939395,40.9750002639613,2.50000069132911));
#2925=CARTESIAN_POINT('Ctrl Pts',(63.3766872927587,40.9750000806977,2.50000064022717));
#2926=CARTESIAN_POINT('Ctrl Pts',(63.7784818636416,41.0502808841358,2.50000060783174));
#2927=CARTESIAN_POINT('Ctrl Pts',(64.5176197891551,41.3564416079733,2.50000053678594));
#2928=CARTESIAN_POINT('Ctrl Pts',(64.8549631437859,41.5873215283729,2.50000049813557));
#2929=CARTESIAN_POINT('Ctrl Pts',(65.387678704216,42.1200367835527,2.5000004256189));
#2930=CARTESIAN_POINT('Ctrl Pts',(65.6185588537694,42.457380088979,2.50000038691903));
#2931=CARTESIAN_POINT('Ctrl Pts',(65.9247200029617,43.1965180188928,2.50000031567197));
#2932=CARTESIAN_POINT('Ctrl Pts',(66.0000010026006,43.5983126433803,2.50000028312478));
#2933=CARTESIAN_POINT('Ctrl Pts',(66.000001063594,43.9749993628071,2.50000025739871));
#2934=CARTESIAN_POINT('Ctrl Pts',(66.000001063594,43.9749993628071,2.50000025739871));
#2935=CARTESIAN_POINT('Ctrl Pts',(66.0000011245874,44.3516861298489,2.50000023167263));
#2936=CARTESIAN_POINT('Ctrl Pts',(65.9247202361884,44.7534808262494,2.50000020933816));
#2937=CARTESIAN_POINT('Ctrl Pts',(65.6185592552215,45.4926189279055,2.50000017962535));
#2938=CARTESIAN_POINT('Ctrl Pts',(65.3876791626537,45.8299623331612,2.50000017224701));
#2939=CARTESIAN_POINT('Ctrl Pts',(64.8549636092574,46.3626778252808,2.5000001719993));
#2940=CARTESIAN_POINT('Ctrl Pts',(64.5176201941242,46.5935578718476,2.50000017911343));
#2941=CARTESIAN_POINT('Ctrl Pts',(63.7784820933513,46.8997187674275,2.50000020834021));
#2942=CARTESIAN_POINT('Ctrl Pts',(63.3766874077116,46.9749996164405,2.50000023045286));
#2943=CARTESIAN_POINT('Ctrl Pts',(62.6233139789866,46.974999433177,2.50000028155473));
#2944=CARTESIAN_POINT('Ctrl Pts',(62.2215194013834,46.8997184170455,2.50000031395011));
#2945=CARTESIAN_POINT('Ctrl Pts',(61.4823815586231,46.5935572687365,2.50000038499589));
#2946=CARTESIAN_POINT('Ctrl Pts',(61.1450382934661,46.362677136559,2.50000042364629));
#2947=CARTESIAN_POINT('Ctrl Pts',(60.6123230960298,45.8299616338724,2.500000496163));
#2948=CARTESIAN_POINT('Ctrl Pts',(60.381443193006,45.4926183195109,2.5000005348629));
#2949=CARTESIAN_POINT('Ctrl Pts',(60.0752824700518,44.7534804811509,2.50000060611005));
#2950=CARTESIAN_POINT('Ctrl Pts',(60.0000017780268,44.3516869758148,2.50000063865721));
#2951=CARTESIAN_POINT('Ctrl Pts',(60.0000017111147,43.9750003814695,2.50000066438333));
#2952=CARTESIAN_POINT('',(60.0000017111146,43.9749998485691,2.5));
#2953=CARTESIAN_POINT('Origin',(193.000006016915,43.9749993142779,6.00000023841858));
#2954=CARTESIAN_POINT('',(191.400005759349,43.9750003814649,3.90000316002767));
#2955=CARTESIAN_POINT('',(191.400007841586,43.9749993142779,6.0000018248843));
#2956=CARTESIAN_POINT('',(194.600002110009,43.9749993062567,3.90000244254282));
#2957=CARTESIAN_POINT('Ctrl Pts',(191.400005759349,43.9750003814649,3.90000316002767));
#2958=CARTESIAN_POINT('Ctrl Pts',(191.400005849024,44.1758996882679,3.90000312949712));
#2959=CARTESIAN_POINT('Ctrl Pts',(191.440155428448,44.3901888044144,3.90000308792963));
#2960=CARTESIAN_POINT('Ctrl Pts',(191.603440949534,44.7843952507289,3.90000299141149));
#2961=CARTESIAN_POINT('Ctrl Pts',(191.726576756191,44.9643115056885,3.90000293646099));
#2962=CARTESIAN_POINT('Ctrl Pts',(192.010691218098,45.2484261724436,3.90000282958193));
#2963=CARTESIAN_POINT('Ctrl Pts',(192.190607440038,45.3715621328812,3.90000277052939));
#2964=CARTESIAN_POINT('Ctrl Pts',(192.584813889305,45.5348479394155,3.90000265732846));
#2965=CARTESIAN_POINT('Ctrl Pts',(192.799104116633,45.5749977855122,3.90000260318009));
#2966=CARTESIAN_POINT('Ctrl Pts',(193.200902887887,45.5749978996993,3.90000251309119));
#2967=CARTESIAN_POINT('Ctrl Pts',(193.41519318253,45.5348481577301,3.90000247114583));
#2968=CARTESIAN_POINT('Ctrl Pts',(193.809399792559,45.3715625086652,3.90000240757346));
#2969=CARTESIAN_POINT('Ctrl Pts',(193.989316107945,45.2484266015696,3.90000238594647));
#2970=CARTESIAN_POINT('Ctrl Pts',(194.273430791643,44.9643119413986,3.90000236542041));
#2971=CARTESIAN_POINT('Ctrl Pts',(194.3965667164,44.784395629805,3.90000236515321));
#2972=CARTESIAN_POINT('Ctrl Pts',(194.559852398248,44.390189019437,3.90000238844921));
#2973=CARTESIAN_POINT('Ctrl Pts',(194.600002155339,44.1758987206627,3.90000241201242));
#2974=CARTESIAN_POINT('Ctrl Pts',(194.600002110009,43.9749993062567,3.90000244254283));
#2975=CARTESIAN_POINT('Ctrl Pts',(194.600002110009,43.9749993062567,3.90000244254282));
#2976=CARTESIAN_POINT('Ctrl Pts',(194.600002064678,43.7740999272382,3.90000247307323));
#2977=CARTESIAN_POINT('Ctrl Pts',(194.559852224914,43.5598096819097,3.90000251464083));
#2978=CARTESIAN_POINT('Ctrl Pts',(194.39656641804,43.1656031991809,3.90000261115895));
#2979=CARTESIAN_POINT('Ctrl Pts',(194.273430450931,42.9856869617807,3.90000266610948));
#2980=CARTESIAN_POINT('Ctrl Pts',(193.989315762006,42.7015724777037,3.90000277298873));
#2981=CARTESIAN_POINT('Ctrl Pts',(193.809399491585,42.5784366643758,3.90000283204141));
#2982=CARTESIAN_POINT('Ctrl Pts',(193.41519301181,42.4151511429504,3.90000294524265));
#2983=CARTESIAN_POINT('Ctrl Pts',(193.200902802454,42.3750014348527,3.9000029993912));
#2984=CARTESIAN_POINT('Ctrl Pts',(192.799104202066,42.3750015490401,3.90000308948033));
#2985=CARTESIAN_POINT('Ctrl Pts',(192.584814060026,42.4151513612653,3.90000313142578));
#2986=CARTESIAN_POINT('Ctrl Pts',(192.190607741012,42.5784370401604,3.90000319499817));
#2987=CARTESIAN_POINT('Ctrl Pts',(192.010691564038,42.7015729068302,3.90000321662512));
#2988=CARTESIAN_POINT('Ctrl Pts',(191.726577096903,42.9856873974913,3.90000323715098));
#2989=CARTESIAN_POINT('Ctrl Pts',(191.603441247894,43.1656035782574,3.90000323741804));
#2990=CARTESIAN_POINT('Ctrl Pts',(191.440155601782,43.5598098969324,3.90000321412171));
#2991=CARTESIAN_POINT('Ctrl Pts',(191.400005804679,43.7741000348413,3.90000319055834));
#2992=CARTESIAN_POINT('Ctrl Pts',(191.400005759348,43.9749993062566,3.90000316002782));
#2993=CARTESIAN_POINT('Origin',(193.000003236548,43.9749998485694,2.5));
#2994=CARTESIAN_POINT('',(190.00000271065,43.9750003814692,2.49999910619864));
#2995=CARTESIAN_POINT('',(196.000003762446,43.9749994093929,2.50000012084142));
#2996=CARTESIAN_POINT('Ctrl Pts',(190.00000271065,43.9750003814692,2.49999910619863));
#2997=CARTESIAN_POINT('Ctrl Pts',(190.000002643738,43.5983136006846,2.49999913359267));
#2998=CARTESIAN_POINT('Ctrl Pts',(190.075283762544,43.1965179344056,2.49999917554331));
#2999=CARTESIAN_POINT('Ctrl Pts',(190.38144491925,42.4573798595059,2.49999928107019));
#3000=CARTESIAN_POINT('Ctrl Pts',(190.612325079205,42.1200364788089,2.4999993446465));
#3001=CARTESIAN_POINT('Ctrl Pts',(191.145040692039,41.5873210584789,2.49999947347354));
#3002=CARTESIAN_POINT('Ctrl Pts',(191.482384103767,41.356441043038,2.49999954731115));
#3003=CARTESIAN_POINT('Ctrl Pts',(192.221522175892,41.0502801545801,2.49999969456981));
#3004=CARTESIAN_POINT('Ctrl Pts',(192.623316836289,40.9749992815632,2.49999976799086));
#3005=CARTESIAN_POINT('Ctrl Pts',(193.376690259502,40.9749993637796,2.49999989539165));
#3006=CARTESIAN_POINT('Ctrl Pts',(193.778484871432,41.0502803117698,2.49999995786325));
#3007=CARTESIAN_POINT('Ctrl Pts',(194.517622827806,41.356441313608,2.50000006059157));
#3008=CARTESIAN_POINT('Ctrl Pts',(194.85496617225,41.587321367456,2.50000010084826));
#3009=CARTESIAN_POINT('Ctrl Pts',(195.387681625393,42.1200367925266,2.50000015219318));
#3010=CARTESIAN_POINT('Ctrl Pts',(195.618561700314,42.4573801324462,2.5000001667038));
#3011=CARTESIAN_POINT('Ctrl Pts',(195.924722741269,43.1965180892249,2.50000016472494));
#3012=CARTESIAN_POINT('Ctrl Pts',(196.000003707302,43.598312706084,2.50000014823546));
#3013=CARTESIAN_POINT('Ctrl Pts',(196.000003762446,43.9749994093929,2.50000012084141));
#3014=CARTESIAN_POINT('Ctrl Pts',(196.000003762446,43.9749994093929,2.50000012084142));
#3015=CARTESIAN_POINT('Ctrl Pts',(196.00000381759,44.3516861557504,2.50000009344737));
#3016=CARTESIAN_POINT('Ctrl Pts',(195.924722952129,44.7534808376258,2.50000005149683));
#3017=CARTESIAN_POINT('Ctrl Pts',(195.618562063266,45.4926189496764,2.49999994597));
#3018=CARTESIAN_POINT('Ctrl Pts',(195.387682039865,45.8299623798517,2.49999988239372));
#3019=CARTESIAN_POINT('Ctrl Pts',(194.854966593082,46.362678019139,2.49999975356673));
#3020=CARTESIAN_POINT('Ctrl Pts',(194.517623193938,46.5935581870545,2.49999967972911));
#3021=CARTESIAN_POINT('Ctrl Pts',(193.778485079112,46.8997193441647,2.49999953247047));
#3022=CARTESIAN_POINT('Ctrl Pts',(193.376690363431,46.9750003333593,2.49999945904944));
#3023=CARTESIAN_POINT('Ctrl Pts',(192.62331673236,46.9750004155757,2.49999933164862));
#3024=CARTESIAN_POINT('Ctrl Pts',(192.221521968212,46.8997195013545,2.49999926917699));
#3025=CARTESIAN_POINT('Ctrl Pts',(191.482383737635,46.5935584576247,2.49999916644863));
#3026=CARTESIAN_POINT('Ctrl Pts',(191.145040271208,46.3626783281161,2.49999912619191));
#3027=CARTESIAN_POINT('Ctrl Pts',(190.612324664733,45.8299626935695,2.49999907484696));
#3028=CARTESIAN_POINT('Ctrl Pts',(190.381444556297,45.4926192226169,2.49999906033634));
#3029=CARTESIAN_POINT('Ctrl Pts',(190.075283551684,44.7534809924453,2.49999906231518));
#3030=CARTESIAN_POINT('Ctrl Pts',(190.000002777562,44.3516872053025,2.49999907880459));
#3031=CARTESIAN_POINT('Ctrl Pts',(190.00000271065,43.9750003814692,2.49999910619863));
#3032=CARTESIAN_POINT('',(190.00000271065,43.9749998485694,2.5));
#3033=CARTESIAN_POINT('Origin',(193.000005924129,120.97500228598,6.00000023841858));
#3034=CARTESIAN_POINT('',(191.400005537838,120.974998474158,3.90000284360968));
#3035=CARTESIAN_POINT('',(191.400007527297,120.97500228598,6.00000175420179));
#3036=CARTESIAN_POINT('',(194.600002331497,120.975002424806,3.90000233673258));
#3037=CARTESIAN_POINT('Ctrl Pts',(191.400005537838,120.974998474158,3.9000028436097));
#3038=CARTESIAN_POINT('Ctrl Pts',(191.400004930181,121.175897858538,3.90000273413022));
#3039=CARTESIAN_POINT('Ctrl Pts',(191.440155095253,121.390192093133,3.90000261099142));
#3040=CARTESIAN_POINT('Ctrl Pts',(191.603440583251,121.78439872376,3.9000023703055));
#3041=CARTESIAN_POINT('Ctrl Pts',(191.726576402222,121.964315070441,3.90000225275614));
#3042=CARTESIAN_POINT('Ctrl Pts',(192.010690948896,122.248429903794,3.90000205292549));
#3043=CARTESIAN_POINT('Ctrl Pts',(192.190607249366,122.371565937978,3.90000195732457));
#3044=CARTESIAN_POINT('Ctrl Pts',(192.584813884126,122.534851825452,3.90000180590108));
#3045=CARTESIAN_POINT('Ctrl Pts',(192.799104218415,122.575001678743,3.90000175007849));
#3046=CARTESIAN_POINT('Ctrl Pts',(193.2009031702,122.575001742213,3.90000168643446));
#3047=CARTESIAN_POINT('Ctrl Pts',(193.415193541906,122.5348519468,3.90000167437086));
#3048=CARTESIAN_POINT('Ctrl Pts',(193.809400266024,122.371566146853,3.90000170091134));
#3049=CARTESIAN_POINT('Ctrl Pts',(193.989316618435,122.248430142319,3.90000173951545));
#3050=CARTESIAN_POINT('Ctrl Pts',(194.273431288389,121.964315312626,3.90000184933939));
#3051=CARTESIAN_POINT('Ctrl Pts',(194.396567173005,121.784398934466,3.90000192787951));
#3052=CARTESIAN_POINT('Ctrl Pts',(194.559852750362,121.390192212651,3.90000211683649));
#3053=CARTESIAN_POINT('Ctrl Pts',(194.600002443101,121.175901868997,3.90000222725335));
#3054=CARTESIAN_POINT('Ctrl Pts',(194.600002331497,120.975002424806,3.90000233673258));
#3055=CARTESIAN_POINT('Ctrl Pts',(194.600002331497,120.975002424806,3.90000233673258));
#3056=CARTESIAN_POINT('Ctrl Pts',(194.600002219893,120.77410306774,3.90000244621176));
#3057=CARTESIAN_POINT('Ctrl Pts',(194.559852323608,120.55981285567,3.90000256934789));
#3058=CARTESIAN_POINT('Ctrl Pts',(194.396566438437,120.165606448107,3.9000028100332));
#3059=CARTESIAN_POINT('Ctrl Pts',(194.273430449549,119.985690252612,3.90000292758236));
#3060=CARTESIAN_POINT('Ctrl Pts',(193.989315766725,119.701575856467,3.90000312741284));
#3061=CARTESIAN_POINT('Ctrl Pts',(193.80939952502,119.578440082791,3.90000322301381));
#3062=CARTESIAN_POINT('Ctrl Pts',(193.415193121588,119.415154597096,3.90000337443769));
#3063=CARTESIAN_POINT('Ctrl Pts',(193.200902959862,119.375004885076,3.9000034302606));
#3064=CARTESIAN_POINT('Ctrl Pts',(192.799104428754,119.375004948546,3.90000349390528));
#3065=CARTESIAN_POINT('Ctrl Pts',(192.584814304445,119.415154718445,3.90000350596928));
#3066=CARTESIAN_POINT('Ctrl Pts',(192.190607990372,119.578440291669,3.90000347942942));
#3067=CARTESIAN_POINT('Ctrl Pts',(192.010691800608,119.701576094994,3.90000344082555));
#3068=CARTESIAN_POINT('Ctrl Pts',(191.726577241064,119.985690494799,3.90000333100177));
#3069=CARTESIAN_POINT('Ctrl Pts',(191.603441317822,120.165606658813,3.90000325246162));
#3070=CARTESIAN_POINT('Ctrl Pts',(191.440155522007,120.559812975189,3.90000306350426));
#3071=CARTESIAN_POINT('Ctrl Pts',(191.400006145495,120.774099176903,3.90000295308914));
#3072=CARTESIAN_POINT('Ctrl Pts',(191.400005537838,120.974998474158,3.90000284360971));
#3073=CARTESIAN_POINT('Origin',(193.000003236549,120.975002821748,2.5));
#3074=CARTESIAN_POINT('',(190.00000264218,120.974998474125,2.49999911018841));
#3075=CARTESIAN_POINT('',(196.000003830921,120.975002439616,2.49999999711351));
#3076=CARTESIAN_POINT('Ctrl Pts',(190.00000264218,120.974998474125,2.4999991101884));
#3077=CARTESIAN_POINT('Ctrl Pts',(190.000003188077,120.598311668059,2.49999915418496));
#3078=CARTESIAN_POINT('Ctrl Pts',(190.075283687601,120.19652091209,2.49999921224157));
#3079=CARTESIAN_POINT('Ctrl Pts',(190.381444862165,119.457382789062,2.49999934382888));
#3080=CARTESIAN_POINT('Ctrl Pts',(190.612325039287,119.120039387495,2.49999941735903));
#3081=CARTESIAN_POINT('Ctrl Pts',(191.145040692492,118.587323941943,2.49999955832595));
#3082=CARTESIAN_POINT('Ctrl Pts',(191.482384127532,118.356443920709,2.49999963515883));
#3083=CARTESIAN_POINT('Ctrl Pts',(192.221522247567,118.050283035502,2.49999978017806));
#3084=CARTESIAN_POINT('Ctrl Pts',(192.623316932561,117.97500217153,2.49999984836442));
#3085=CARTESIAN_POINT('Ctrl Pts',(193.376690386469,117.975002283221,2.49999995972877));
#3086=CARTESIAN_POINT('Ctrl Pts',(193.77848500562,118.050283249045,2.5000000103297));
#3087=CARTESIAN_POINT('Ctrl Pts',(194.517622968407,118.356444288279,2.50000008383058));
#3088=CARTESIAN_POINT('Ctrl Pts',(194.854966312043,118.587324361689,2.50000010673052));
#3089=CARTESIAN_POINT('Ctrl Pts',(195.387681748306,119.120039813681,2.50000012325658));
#3090=CARTESIAN_POINT('Ctrl Pts',(195.618561809909,119.457383159853,2.50000011798427));
#3091=CARTESIAN_POINT('Ctrl Pts',(195.924722827226,120.196521122413,2.50000007691098));
#3092=CARTESIAN_POINT('Ctrl Pts',(196.00000378294,120.598315738801,2.50000004111001));
#3093=CARTESIAN_POINT('Ctrl Pts',(196.000003830921,120.975002439616,2.49999999711353));
#3094=CARTESIAN_POINT('Ctrl Pts',(196.000003830921,120.975002439616,2.49999999711351));
#3095=CARTESIAN_POINT('Ctrl Pts',(196.000003878902,121.351689177888,2.49999995311703));
#3096=CARTESIAN_POINT('Ctrl Pts',(195.924723010697,121.753483850848,2.49999989505986));
#3097=CARTESIAN_POINT('Ctrl Pts',(195.618562125717,122.492621948511,2.49999976347258));
#3098=CARTESIAN_POINT('Ctrl Pts',(195.387682108943,122.829965373215,2.49999968994246));
#3099=CARTESIAN_POINT('Ctrl Pts',(194.854966678213,123.362681011599,2.49999954897554));
#3100=CARTESIAN_POINT('Ctrl Pts',(194.517623286981,123.593561184261,2.49999947214268));
#3101=CARTESIAN_POINT('Ctrl Pts',(193.778485186324,123.899722358598,2.49999932712343));
#3102=CARTESIAN_POINT('Ctrl Pts',(193.376690476899,123.975003360274,2.49999925893707));
#3103=CARTESIAN_POINT('Ctrl Pts',(192.623316842132,123.975003471965,2.4999991475727));
#3104=CARTESIAN_POINT('Ctrl Pts',(192.221522066862,123.899722572141,2.49999909697175));
#3105=CARTESIAN_POINT('Ctrl Pts',(191.482383808958,123.593561551831,2.49999902347085));
#3106=CARTESIAN_POINT('Ctrl Pts',(191.145040326322,123.362681431345,2.49999900057092));
#3107=CARTESIAN_POINT('Ctrl Pts',(190.61232467865,122.829965799402,2.49999898404485));
#3108=CARTESIAN_POINT('Ctrl Pts',(190.381444546357,122.492622319302,2.49999898931716));
#3109=CARTESIAN_POINT('Ctrl Pts',(190.07528350413,121.75348406117,2.49999903039046));
#3110=CARTESIAN_POINT('Ctrl Pts',(190.000002594196,121.351689283139,2.49999906619143));
#3111=CARTESIAN_POINT('Ctrl Pts',(190.000002642177,120.975002439616,2.49999911018793));
#3112=CARTESIAN_POINT('',(190.000002642177,120.975002821748,2.5));
#3113=CARTESIAN_POINT('Origin',(63.0000010343888,120.975002285982,6.00000023841858));
#3114=CARTESIAN_POINT('',(61.4000005624068,120.974998474112,3.89999984714965));
#3115=CARTESIAN_POINT('',(61.4000012106946,120.975002285982,6.00000073235747));
#3116=CARTESIAN_POINT('',(64.6000002097881,120.975002368943,3.9000007244087));
#3117=CARTESIAN_POINT('Ctrl Pts',(61.4000005624068,120.974998474112,3.89999984714965));
#3118=CARTESIAN_POINT('Ctrl Pts',(61.399999954744,121.175898102425,3.89999973352879));
#3119=CARTESIAN_POINT('Ctrl Pts',(61.4401501668111,121.390192538369,3.89999962333949));
#3120=CARTESIAN_POINT('Ctrl Pts',(61.6034358834344,121.784399625,3.89999944515578));
#3121=CARTESIAN_POINT('Ctrl Pts',(61.7265718770274,121.964316170519,3.89999937715929));
#3122=CARTESIAN_POINT('Ctrl Pts',(62.0106868045328,122.24843126707,3.89999929436385));
#3123=CARTESIAN_POINT('Ctrl Pts',(62.1906033228025,122.371567387567,3.8999992740462));
#3124=CARTESIAN_POINT('Ctrl Pts',(62.5848104118705,122.53485333975,3.89999928976803));
#3125=CARTESIAN_POINT('Ctrl Pts',(62.7991009826687,122.575003171435,3.89999932580751));
#3126=CARTESIAN_POINT('Ctrl Pts',(63.2009003059932,122.575003103243,3.89999943595866));
#3127=CARTESIAN_POINT('Ctrl Pts',(63.4151908365913,122.534853209373,3.89999951741239));
#3128=CARTESIAN_POINT('Ctrl Pts',(63.8093978296534,122.371567163151,3.89999971782999));
#3129=CARTESIAN_POINT('Ctrl Pts',(63.9893142921174,122.248431010798,3.89999983679387));
#3130=CARTESIAN_POINT('Ctrl Pts',(64.273429087171,121.964315910315,3.90000007536618));
#3131=CARTESIAN_POINT('Ctrl Pts',(64.3965650102354,121.784399398618,3.90000021087656));
#3132=CARTESIAN_POINT('Ctrl Pts',(64.5598506308533,121.390192409958,3.90000047858759));
#3133=CARTESIAN_POINT('Ctrl Pts',(64.6000003284068,121.175901932996,3.90000061078825));
#3134=CARTESIAN_POINT('Ctrl Pts',(64.6000002097881,120.975002368943,3.9000007244087));
#3135=CARTESIAN_POINT('Ctrl Pts',(64.6000002097881,120.975002368943,3.9000007244087));
#3136=CARTESIAN_POINT('Ctrl Pts',(64.6000000911694,120.77410289749,3.9000008380291));
#3137=CARTESIAN_POINT('Ctrl Pts',(64.5598501772787,120.559812560383,3.90000094821599));
#3138=CARTESIAN_POINT('Ctrl Pts',(64.3965642294991,120.165605905725,3.90000112639911));
#3139=CARTESIAN_POINT('Ctrl Pts',(64.2734281956104,119.985689588174,3.90000119439533));
#3140=CARTESIAN_POINT('Ctrl Pts',(63.9893133868772,119.701574948486,3.9000012771905));
#3141=CARTESIAN_POINT('Ctrl Pts',(63.8093970420772,119.578439041502,3.90000129750813));
#3142=CARTESIAN_POINT('Ctrl Pts',(63.415190389856,119.415153329281,3.90000128178649));
#3143=CARTESIAN_POINT('Ctrl Pts',(63.2009000824347,119.375003524045,3.90000124574722));
#3144=CARTESIAN_POINT('Ctrl Pts',(62.799101206227,119.375003455854,3.90000113559661));
#3145=CARTESIAN_POINT('Ctrl Pts',(62.5848108586059,119.415153198906,3.90000105414319));
#3146=CARTESIAN_POINT('Ctrl Pts',(62.1906041103793,119.578438817087,3.90000085372619));
#3147=CARTESIAN_POINT('Ctrl Pts',(62.0106877097738,119.701574692216,3.90000073476261));
#3148=CARTESIAN_POINT('Ctrl Pts',(61.7265727685894,119.985689327972,3.90000049619057));
#3149=CARTESIAN_POINT('Ctrl Pts',(61.6034366641719,120.165605679344,3.90000036068018));
#3150=CARTESIAN_POINT('Ctrl Pts',(61.4401506203865,120.559812431973,3.90000009296896));
#3151=CARTESIAN_POINT('Ctrl Pts',(61.4000011700693,120.774098938401,3.89999996077045));
#3152=CARTESIAN_POINT('Ctrl Pts',(61.4000005624068,120.974998474112,3.89999984714965));
#3153=CARTESIAN_POINT('Origin',(63.0000013873543,120.975002821748,2.5));
#3154=CARTESIAN_POINT('',(60.0000016426439,120.974998474124,2.50000060315842));
#3155=CARTESIAN_POINT('',(66.00000127141,120.975002403774,2.49999992335403));
#3156=CARTESIAN_POINT('Ctrl Pts',(60.0000016426439,120.974998474124,2.50000060315841));
#3157=CARTESIAN_POINT('Ctrl Pts',(60.0000021885411,120.598311898168,2.50000064626836));
#3158=CARTESIAN_POINT('Ctrl Pts',(60.0752826271103,120.196521344268,2.50000068547035));
#3159=CARTESIAN_POINT('Ctrl Pts',(60.3814435393947,119.457383622412,2.50000074248309));
#3160=CARTESIAN_POINT('Ctrl Pts',(60.6123235196912,119.120040384107,2.50000076029345));
#3161=CARTESIAN_POINT('Ctrl Pts',(61.1450387714993,118.587325090727,2.50000077327477));
#3162=CARTESIAN_POINT('Ctrl Pts',(61.4823820031039,118.356445079223,2.50000076931101));
#3163=CARTESIAN_POINT('Ctrl Pts',(62.2215197255588,118.05028410901,2.50000073777034));
#3164=CARTESIAN_POINT('Ctrl Pts',(62.6233142164092,117.975003150302,2.50000071019341));
#3165=CARTESIAN_POINT('Ctrl Pts',(63.3766874484656,117.975003003767,2.50000064233182));
#3166=CARTESIAN_POINT('Ctrl Pts',(63.7784820257005,118.050283828849,2.50000059752384));
#3167=CARTESIAN_POINT('Ctrl Pts',(64.5176199544587,118.356444596984,2.50000049590588));
#3168=CARTESIAN_POINT('Ctrl Pts',(64.8549633059821,118.587324540035,2.50000043909592));
#3169=CARTESIAN_POINT('Ctrl Pts',(65.3876788424108,119.120039824965,2.50000033014382));
#3170=CARTESIAN_POINT('Ctrl Pts',(65.6185589742641,119.457383135949,2.50000027073951));
#3171=CARTESIAN_POINT('Ctrl Pts',(65.9247200928518,120.196521068332,2.50000015857067));
#3172=CARTESIAN_POINT('Ctrl Pts',(66.0000010795862,120.598315689733,2.50000010580615));
#3173=CARTESIAN_POINT('Ctrl Pts',(66.0000011320679,120.975002403774,2.50000006269616));
#3174=CARTESIAN_POINT('Ctrl Pts',(66.0000011320679,120.975002403774,2.50000006269617));
#3175=CARTESIAN_POINT('Ctrl Pts',(66.0000011845496,121.351689158786,2.50000001958618));
#3176=CARTESIAN_POINT('Ctrl Pts',(65.9247202935315,121.753483842063,2.49999998038379));
#3177=CARTESIAN_POINT('Ctrl Pts',(65.6185593196934,122.492621922223,2.49999992337104));
#3178=CARTESIAN_POINT('Ctrl Pts',(65.3876792368733,122.829965319104,2.49999990556067));
#3179=CARTESIAN_POINT('Ctrl Pts',(64.8549637064968,123.362680807909,2.49999989257931));
#3180=CARTESIAN_POINT('Ctrl Pts',(64.5176203029141,123.593560859521,2.49999989654307));
#3181=CARTESIAN_POINT('Ctrl Pts',(63.7784822233541,123.899721775431,2.4999999280837));
#3182=CARTESIAN_POINT('Ctrl Pts',(63.3766875473768,123.975002639729,2.49999995566059));
#3183=CARTESIAN_POINT('Ctrl Pts',(62.6233141174981,123.975002493194,2.50000002352217));
#3184=CARTESIAN_POINT('Ctrl Pts',(62.2215195279052,123.899721495271,2.50000006833015));
#3185=CARTESIAN_POINT('Ctrl Pts',(61.4823816546485,123.593560377282,2.50000016994811));
#3186=CARTESIAN_POINT('Ctrl Pts',(61.1450383709847,123.362680257217,2.50000022675811));
#3187=CARTESIAN_POINT('Ctrl Pts',(60.6123231252288,122.829964759963,2.50000033571024));
#3188=CARTESIAN_POINT('Ctrl Pts',(60.3814431939655,122.492621435759,2.50000039511455));
#3189=CARTESIAN_POINT('Ctrl Pts',(60.0752824264306,121.753483566128,2.50000050728341));
#3190=CARTESIAN_POINT('Ctrl Pts',(60.000001590159,121.3516890207,2.50000056004797));
#3191=CARTESIAN_POINT('Ctrl Pts',(60.0000016426407,120.975002403774,2.50000060315796));
#3192=CARTESIAN_POINT('',(60.0000016426407,120.975002821748,2.5));
#3193=CARTESIAN_POINT('Origin',(59.3000054359436,35.149998664856,1.00000001490116));
#3194=CARTESIAN_POINT('Ctrl Pts',(57.3000049591064,35.1499986639909,0.999975661751868));
#3195=CARTESIAN_POINT('Ctrl Pts',(57.3000049592151,34.8988741392098,0.999985766177143));
#3196=CARTESIAN_POINT('Ctrl Pts',(57.3501922496363,34.6310109978445,0.999994594821045));
#3197=CARTESIAN_POINT('Ctrl Pts',(57.5542996110104,34.1382522377299,1.00000649460469));
#3198=CARTESIAN_POINT('Ctrl Pts',(57.7082196818571,33.9133566198467,1.00000956576175));
#3199=CARTESIAN_POINT('Ctrl Pts',(58.0633633909287,33.5582129107751,1.00001006284778));
#3200=CARTESIAN_POINT('Ctrl Pts',(58.2882590088081,33.4042928399282,1.00000752190968));
#3201=CARTESIAN_POINT('Ctrl Pts',(58.7810177689225,33.2001854785511,0.999996597468285));
#3202=CARTESIAN_POINT('Ctrl Pts',(59.0488809111566,33.1499981880188,0.999988213945582));
#3203=CARTESIAN_POINT('Ctrl Pts',(59.3000054359436,33.1499981880188,0.999978460945109));
#3204=CARTESIAN_POINT('Origin',(196.700007915497,35.149998664856,6.00000023841858));
#3205=CARTESIAN_POINT('Ctrl Pts',(196.700004338287,33.149998188022,0.999978287886523));
#3206=CARTESIAN_POINT('Ctrl Pts',(196.700036584949,33.1499981879643,0.999978289262602));
#3207=CARTESIAN_POINT('Ctrl Pts',(196.700068831335,33.1499981886865,0.999978290638641));
#3208=CARTESIAN_POINT('Ctrl Pts',(196.951209578564,33.1500098870643,0.999989007218933));
#3209=CARTESIAN_POINT('Ctrl Pts',(197.219054386869,33.2002033015589,0.999998426940206));
#3210=CARTESIAN_POINT('Ctrl Pts',(197.71177920992,33.4043096759577,1.00001127946648));
#3211=CARTESIAN_POINT('Ctrl Pts',(197.936659224663,33.5582226358645,1.00001471228508));
#3212=CARTESIAN_POINT('Ctrl Pts',(198.291780913625,33.9133434029543,1.00001564559046));
#3213=CARTESIAN_POINT('Ctrl Pts',(198.445694565292,34.1382232683864,1.0000132082843));
#3214=CARTESIAN_POINT('Ctrl Pts',(198.649802224292,34.6309481031919,1.00000218703646));
#3215=CARTESIAN_POINT('Ctrl Pts',(198.699996231627,34.8987930725645,0.999993603078131));
#3216=CARTESIAN_POINT('Ctrl Pts',(198.70000838999,35.1499018274103,0.99998354773306));
#3217=CARTESIAN_POINT('Ctrl Pts',(198.700008391553,35.1499341060882,0.999983546440499));
#3218=CARTESIAN_POINT('Ctrl Pts',(198.700008392334,35.1499663850427,0.999983545147898));
#3219=CARTESIAN_POINT('Ctrl Pts',(198.700008392334,35.1499986642737,0.999983543855248));
#3220=CARTESIAN_POINT('Origin',(59.3000030517578,124.800004959106,6.00000023841858));
#3221=CARTESIAN_POINT('Ctrl Pts',(59.3000030510401,126.800003051758,0.999979021391591));
#3222=CARTESIAN_POINT('Ctrl Pts',(59.2999742031052,126.800003051758,0.999979022508904));
#3223=CARTESIAN_POINT('Ctrl Pts',(59.2999453553912,126.800003051134,0.999979023626186));
#3224=CARTESIAN_POINT('Ctrl Pts',(59.0488066457975,126.799992183867,0.999988750069526));
#3225=CARTESIAN_POINT('Ctrl Pts',(58.7809603332612,126.749799057219,0.999997112555396));
#3226=CARTESIAN_POINT('Ctrl Pts',(58.2882328909185,126.545692076059,1.00000801706407));
#3227=CARTESIAN_POINT('Ctrl Pts',(58.0633517611129,126.391778221544,1.00001055909901));
#3228=CARTESIAN_POINT('Ctrl Pts',(57.7082289631813,126.036655172143,1.00001008256732));
#3229=CARTESIAN_POINT('Ctrl Pts',(57.554315297742,125.811774002476,1.00000703223741));
#3230=CARTESIAN_POINT('Ctrl Pts',(57.3502086670183,125.319046565222,0.999995192690209));
#3231=CARTESIAN_POINT('Ctrl Pts',(57.3000157017315,125.051200297636,0.999986403461821));
#3232=CARTESIAN_POINT('Ctrl Pts',(57.3000049597163,124.800061990619,0.999976340058864));
#3233=CARTESIAN_POINT('Ctrl Pts',(57.3000049591065,124.800033475389,0.999976338916205));
#3234=CARTESIAN_POINT('Ctrl Pts',(57.3000049591064,124.800004959944,0.999976337773511));
#3235=CARTESIAN_POINT('Origin',(196.700010299683,124.800004959106,1.00000001490116));
#3236=CARTESIAN_POINT('Ctrl Pts',(198.700008392334,124.800004959913,0.999980569281692));
#3237=CARTESIAN_POINT('Ctrl Pts',(198.700008392233,125.051129185275,0.999992366417786));
#3238=CARTESIAN_POINT('Ctrl Pts',(198.649821161651,125.318992007362,1.00000245765356));
#3239=CARTESIAN_POINT('Ctrl Pts',(198.445714043615,125.811750180064,1.0000154706894));
#3240=CARTESIAN_POINT('Ctrl Pts',(198.291794156258,126.03664552987,1.00001839250456));
#3241=CARTESIAN_POINT('Ctrl Pts',(197.936650870502,126.391788815644,1.00001744114762));
#3242=CARTESIAN_POINT('Ctrl Pts',(197.711755520678,126.545708703019,1.00001350456354));
#3243=CARTESIAN_POINT('Ctrl Pts',(197.21899734795,126.749815821074,0.999998624857565));
#3244=CARTESIAN_POINT('Ctrl Pts',(196.951134525048,126.800003051758,0.999987681724814));
#3245=CARTESIAN_POINT('Ctrl Pts',(196.700010299683,126.800003051758,0.999975212017316));
#3246=CARTESIAN_POINT('Origin',(195.699996948242,117.150001525879,2.00000382959843));
#3247=CARTESIAN_POINT('Origin',(189.17501449585,41.1499986797571,2.00000002980232));
#3248=CARTESIAN_POINT('Origin',(66.8249988555908,123.800001144409,2.00000382959843));
#3249=CARTESIAN_POINT('Origin',(198.199996948242,87.1000003814697,2.99999624490738));
#3250=CARTESIAN_POINT('',(198.199996948242,87.1000003814697,1.50000005960464));
#3251=CARTESIAN_POINT('',(198.199996948242,88.5999965667725,2.99999624490738));
#3252=CARTESIAN_POINT('Origin',(198.700008392334,78.0999985337257,3.00000011920929));
#3253=CARTESIAN_POINT('',(198.700008392334,76.5999984741211,3.00000011920929));
#3254=CARTESIAN_POINT('',(198.700008392334,78.0999985337257,1.50000005960464));
#3255=CARTESIAN_POINT('Origin',(193.000003681313,120.975002439616,2.49998739324509));
#3256=CARTESIAN_POINT('',(196.000016436084,120.975002439616,2.49998739194314));
#3257=CARTESIAN_POINT('Origin',(193.000003563942,43.9749994093939,2.49998546244262));
#3258=CARTESIAN_POINT('',(196.000018240909,43.9749994093939,2.49998564237143));
#3259=CARTESIAN_POINT('Origin',(63.0000006575813,43.9749993628064,2.5000075080247));
#3260=CARTESIAN_POINT('',(65.9999932866866,43.9749993628064,2.5000080343029));
#3261=CARTESIAN_POINT('Origin',(63.0000008038382,120.975002403774,2.50000765185048));
#3262=CARTESIAN_POINT('',(65.9999932296284,120.975002403774,2.50000796513418));
#3263=CARTESIAN_POINT('Origin',(59.2999161952414,124.800090807671,0.996166110357241));
#3264=CARTESIAN_POINT('Origin',(59.2999040340897,35.1499000015178,0.995367892601037));
#3265=CARTESIAN_POINT('Origin',(196.70010546281,124.800105535762,0.99473088981826));
#3266=CARTESIAN_POINT('Origin',(196.700101439395,35.1499014840185,0.995922828751288));
#3267=CARTESIAN_POINT('Origin',(197.466665903727,87.1000003814697,5.33333341280619));
#3268=CARTESIAN_POINT('',(197.458332379659,87.1000003814697,3.00000011920929));
#3269=CARTESIAN_POINT('Origin',(197.466665903727,78.0999994277954,5.33333341280619));
#3270=CARTESIAN_POINT('',(197.458332379659,78.0999994277954,3.00000011920929));
#3271=CARTESIAN_POINT('Origin',(197.449998855591,82.5999999046326,3.00000011920929));
#3272=CARTESIAN_POINT('Origin',(198.450002670288,76.5999984741211,4.50000017881393));
#3273=CARTESIAN_POINT('Origin',(198.450002670288,82.5999999046326,1.50000005960464));
#3274=CARTESIAN_POINT('Origin',(198.450002670288,88.5999965667725,4.50000017881393));
#3275=CARTESIAN_POINT('Origin',(171.000001907471,117.975003004074,1.62309068430788E-15));
#3276=CARTESIAN_POINT('',(171.000001907471,117.975003004074,1.62309068430788E-15));
#3277=CARTESIAN_POINT('',(85.0000019074769,117.975003004074,3.69738074675606E-15));
#3278=CARTESIAN_POINT('Origin',(85.0000019074769,117.975003004074,3.69738074675606E-15));
#3279=CARTESIAN_POINT('',(85.0000019074769,41.9750030040741,4.28604619289397E-15));
#3280=CARTESIAN_POINT('Origin',(85.0000019074769,41.9750030040741,4.28604619289397E-15));
#3281=CARTESIAN_POINT('',(171.000001907471,41.9750030040741,2.21175613044579E-15));
#3282=CARTESIAN_POINT('Origin',(171.000001907471,41.9750030040741,2.21175613044579E-15));
#3283=UNCERTAINTY_MEASURE_WITH_UNIT(LENGTH_MEASURE(0.01),#3287,
'DISTANCE_ACCURACY_VALUE',
'Maximum model space distance between geometric entities at asserted c
onnectivities');
#3284=UNCERTAINTY_MEASURE_WITH_UNIT(LENGTH_MEASURE(0.01),#3287,
'DISTANCE_ACCURACY_VALUE',
'Maximum model space distance between geometric entities at asserted c
onnectivities');
#3285=(
GEOMETRIC_REPRESENTATION_CONTEXT(3)
GLOBAL_UNCERTAINTY_ASSIGNED_CONTEXT((#3283))
GLOBAL_UNIT_ASSIGNED_CONTEXT((#3287,#3288,#3289))
REPRESENTATION_CONTEXT('','3D')
);
#3286=(
GEOMETRIC_REPRESENTATION_CONTEXT(3)
GLOBAL_UNCERTAINTY_ASSIGNED_CONTEXT((#3284))
GLOBAL_UNIT_ASSIGNED_CONTEXT((#3287,#3288,#3289))
REPRESENTATION_CONTEXT('','3D')
);
#3287=(
LENGTH_UNIT()
NAMED_UNIT(*)
SI_UNIT(.MILLI.,.METRE.)
);
#3288=(
NAMED_UNIT(*)
PLANE_ANGLE_UNIT()
SI_UNIT($,.RADIAN.)
);
#3289=(
NAMED_UNIT(*)
SI_UNIT($,.STERADIAN.)
SOLID_ANGLE_UNIT()
);
#3290=SHAPE_DEFINITION_REPRESENTATION(#3291,#3292);
#3291=PRODUCT_DEFINITION_SHAPE('',$,#3294);
#3292=SHAPE_REPRESENTATION('',(#1786),#3285);
#3293=PRODUCT_DEFINITION_CONTEXT('part definition',#3298,'design');
#3294=PRODUCT_DEFINITION('2026-09-27-00-06-23-280','Back Plate',#3295,#3293);
#3295=PRODUCT_DEFINITION_FORMATION('',$,#3300);
#3296=PRODUCT_RELATED_PRODUCT_CATEGORY('Back Plate','Back Plate',(#3300));
#3297=APPLICATION_PROTOCOL_DEFINITION('international standard',
'automotive_design',2009,#3298);
#3298=APPLICATION_CONTEXT(
'Core Data for Automotive Mechanical Design Process');
#3299=PRODUCT_CONTEXT('part definition',#3298,'mechanical');
#3300=PRODUCT('2026-09-27-00-06-23-280','Back Plate',$,(#3299));
#3301=PRESENTATION_STYLE_ASSIGNMENT((#3302));
#3302=SURFACE_STYLE_USAGE(.BOTH.,#3303);
#3303=SURFACE_SIDE_STYLE('',(#3304));
#3304=SURFACE_STYLE_FILL_AREA(#3305);
#3305=FILL_AREA_STYLE('Steel - Satin',(#3306));
#3306=FILL_AREA_STYLE_COLOUR('Steel - Satin',#3307);
#3307=COLOUR_RGB('Steel - Satin',0.627450980392157,0.627450980392157,0.627450980392157);
ENDSEC;
END-ISO-10303-21;
