ISO-10303-21;
HEADER;
/* Generated by software containing ST-Developer
 * from STEP Tools, Inc. (www.steptools.com) 
 */

FILE_DESCRIPTION(
/* description */ (''),
/* implementation_level */ '2;1');

FILE_NAME(
/* name */ 'Electronics Case.step',
/* time_stamp */ '2026-09-27T00:06:44-07:00',
/* author */ (''),
/* organization */ (''),
/* preprocessor_version */ 'ST-DEVELOPER v20.1',
/* originating_system */ 'Autodesk Translation Framework v15.8.0.0',
/* authorisation */ '');

FILE_SCHEMA (('AUTOMOTIVE_DESIGN { 1 0 10303 214 3 1 1 }'));
ENDSEC;

DATA;
#10=MECHANICAL_DESIGN_GEOMETRIC_PRESENTATION_REPRESENTATION('',(#13),#4918);
#11=SHAPE_REPRESENTATION_RELATIONSHIP('SRR','None',#4924,#12);
#12=ADVANCED_BREP_SHAPE_REPRESENTATION('',(#14),#4917);
#13=STYLED_ITEM('',(#4933),#14);
#14=MANIFOLD_SOLID_BREP('Electronics Case',#2754);
#15=CONICAL_SURFACE('',#2766,3.125,0.785398163397447);
#16=CONICAL_SURFACE('',#2776,3.125,0.785398163397447);
#17=CONICAL_SURFACE('',#2786,3.12500000000002,0.785398163397455);
#18=CONICAL_SURFACE('',#2795,3.12500000000002,0.785398163397455);
#19=CONICAL_SURFACE('',#2834,1.5,0.785398163397447);
#20=CONICAL_SURFACE('',#2838,1.5,0.785398163397447);
#21=CONICAL_SURFACE('',#2842,1.5,0.785398163397447);
#22=CONICAL_SURFACE('',#2846,1.5,0.785398163397447);
#23=CONICAL_SURFACE('',#2906,4.,0.785398163397447);
#24=CONICAL_SURFACE('',#2910,4.,0.785398163397447);
#25=CONICAL_SURFACE('',#2914,4.,0.785398163397447);
#26=CONICAL_SURFACE('',#2918,4.,0.785398163397447);
#27=CONICAL_SURFACE('',#2922,3.5,0.785398163397447);
#28=CONICAL_SURFACE('',#2926,3.5,0.785398163397447);
#29=CONICAL_SURFACE('',#2930,3.5,0.785398163397447);
#30=CONICAL_SURFACE('',#2934,3.5,0.785398163397447);
#31=B_SPLINE_CURVE_WITH_KNOTS('',3,(#3866,#3867,#3868,#3869,#3870,#3871),
 .UNSPECIFIED.,.F.,.F.,(4,2,4),(0.535098485976546,0.618106037699081,0.701113589421617),
 .UNSPECIFIED.);
#32=B_SPLINE_CURVE_WITH_KNOTS('',3,(#3874,#3875,#3876,#3877,#3878,#3879),
 .UNSPECIFIED.,.F.,.F.,(4,2,4),(-0.701113589421617,-0.618106037699081,-0.535098485976546),
 .UNSPECIFIED.);
#33=B_SPLINE_CURVE_WITH_KNOTS('',3,(#3907,#3908,#3909,#3910),
 .UNSPECIFIED.,.F.,.F.,(4,4),(5.66479866529359,5.98722238568202),
 .UNSPECIFIED.);
#34=B_SPLINE_CURVE_WITH_KNOTS('',3,(#3911,#3912,#3913,#3914),
 .UNSPECIFIED.,.F.,.F.,(4,4),(-5.98722238568202,-5.66479866529359),
 .UNSPECIFIED.);
#35=B_SPLINE_CURVE_WITH_KNOTS('',3,(#3931,#3932,#3933,#3934),
 .UNSPECIFIED.,.F.,.F.,(4,4),(6.57914822867715,6.90157194906558),
 .UNSPECIFIED.);
#36=B_SPLINE_CURVE_WITH_KNOTS('',3,(#3935,#3936,#3937,#3938),
 .UNSPECIFIED.,.F.,.F.,(4,4),(-6.90157194906558,-6.57914822867715),
 .UNSPECIFIED.);
#37=B_SPLINE_CURVE_WITH_KNOTS('',3,(#3977,#3978,#3979,#3980,#3981),
 .UNSPECIFIED.,.F.,.F.,(4,1,4),(0.535098485976544,0.606247816024417,0.701113589421581),
 .UNSPECIFIED.);
#38=B_SPLINE_CURVE_WITH_KNOTS('',3,(#3984,#3985,#3986,#3987,#3988),
 .UNSPECIFIED.,.F.,.F.,(4,1,4),(-0.701113589421581,-0.606247816024417,-0.535098485976544),
 .UNSPECIFIED.);
#39=B_SPLINE_CURVE_WITH_KNOTS('',3,(#4016,#4017,#4018,#4019),
 .UNSPECIFIED.,.F.,.F.,(4,4),(5.66479866529361,5.98722238568209),
 .UNSPECIFIED.);
#40=B_SPLINE_CURVE_WITH_KNOTS('',3,(#4020,#4021,#4022,#4023),
 .UNSPECIFIED.,.F.,.F.,(4,4),(-5.98722238568209,-5.66479866529361),
 .UNSPECIFIED.);
#41=B_SPLINE_CURVE_WITH_KNOTS('',3,(#4040,#4041,#4042,#4043),
 .UNSPECIFIED.,.F.,.F.,(4,4),(6.57914822867709,6.90157194906556),
 .UNSPECIFIED.);
#42=B_SPLINE_CURVE_WITH_KNOTS('',3,(#4044,#4045,#4046,#4047),
 .UNSPECIFIED.,.F.,.F.,(4,4),(-6.90157194906556,-6.57914822867709),
 .UNSPECIFIED.);
#43=B_SPLINE_CURVE_WITH_KNOTS('',3,(#4090,#4091,#4092,#4093),
 .UNSPECIFIED.,.F.,.F.,(4,4),(0.535098485976546,0.618106037699125),
 .UNSPECIFIED.);
#44=B_SPLINE_CURVE_WITH_KNOTS('',3,(#4095,#4096,#4097,#4098),
 .UNSPECIFIED.,.F.,.F.,(4,4),(0.618106037699125,0.701113589421705),
 .UNSPECIFIED.);
#45=B_SPLINE_CURVE_WITH_KNOTS('',3,(#4101,#4102,#4103,#4104,#4105,#4106),
 .UNSPECIFIED.,.F.,.F.,(4,2,4),(-0.701113589421705,-0.618106037699125,-0.535098485976546),
 .UNSPECIFIED.);
#46=B_SPLINE_CURVE_WITH_KNOTS('',3,(#4132,#4133,#4134,#4135),
 .UNSPECIFIED.,.F.,.F.,(4,4),(2.52320601170372,2.84562973209208),
 .UNSPECIFIED.);
#47=B_SPLINE_CURVE_WITH_KNOTS('',3,(#4136,#4137,#4138,#4139),
 .UNSPECIFIED.,.F.,.F.,(4,4),(-2.84562973209208,-2.52320601170373),
 .UNSPECIFIED.);
#48=B_SPLINE_CURVE_WITH_KNOTS('',3,(#4156,#4157,#4158,#4159),
 .UNSPECIFIED.,.F.,.F.,(4,4),(3.43755557508751,3.75997929547586),
 .UNSPECIFIED.);
#49=B_SPLINE_CURVE_WITH_KNOTS('',3,(#4160,#4161,#4162,#4163),
 .UNSPECIFIED.,.F.,.F.,(4,4),(-3.75997929547586,-3.43755557508751),
 .UNSPECIFIED.);
#50=B_SPLINE_CURVE_WITH_KNOTS('',3,(#4206,#4207,#4208,#4209),
 .UNSPECIFIED.,.F.,.F.,(4,4),(0.535098485976546,0.618106037699094),
 .UNSPECIFIED.);
#51=B_SPLINE_CURVE_WITH_KNOTS('',3,(#4211,#4212,#4213,#4214),
 .UNSPECIFIED.,.F.,.F.,(4,4),(0.618106037699094,0.701113589421641),
 .UNSPECIFIED.);
#52=B_SPLINE_CURVE_WITH_KNOTS('',3,(#4217,#4218,#4219,#4220,#4221,#4222),
 .UNSPECIFIED.,.F.,.F.,(4,2,4),(-0.701113589421641,-0.618106037699094,-0.535098485976546),
 .UNSPECIFIED.);
#53=B_SPLINE_CURVE_WITH_KNOTS('',3,(#4248,#4249,#4250,#4251),
 .UNSPECIFIED.,.F.,.F.,(4,4),(2.52320601170377,2.84562973209219),
 .UNSPECIFIED.);
#54=B_SPLINE_CURVE_WITH_KNOTS('',3,(#4252,#4253,#4254,#4255),
 .UNSPECIFIED.,.F.,.F.,(4,4),(-2.84562973209219,-2.52320601170377),
 .UNSPECIFIED.);
#55=B_SPLINE_CURVE_WITH_KNOTS('',3,(#4272,#4273,#4274,#4275),
 .UNSPECIFIED.,.F.,.F.,(4,4),(3.43755557508739,3.75997929547581),
 .UNSPECIFIED.);
#56=B_SPLINE_CURVE_WITH_KNOTS('',3,(#4276,#4277,#4278,#4279),
 .UNSPECIFIED.,.F.,.F.,(4,4),(-3.75997929547581,-3.43755557508739),
 .UNSPECIFIED.);
#57=B_SPLINE_CURVE_WITH_KNOTS('',3,(#4296,#4297,#4298,#4299,#4300,#4301),
 .UNSPECIFIED.,.F.,.F.,(4,2,4),(0.655560058005519,0.788437566426846,0.949780553223198),
 .UNSPECIFIED.);
#58=B_SPLINE_CURVE_WITH_KNOTS('',3,(#4304,#4305,#4306,#4307,#4308,#4309),
 .UNSPECIFIED.,.F.,.F.,(4,2,4),(0.,0.155710729874704,0.283716518996164),
 .UNSPECIFIED.);
#59=B_SPLINE_CURVE_WITH_KNOTS('',3,(#4312,#4313,#4314,#4315,#4316,#4317),
 .UNSPECIFIED.,.F.,.F.,(4,2,4),(0.638325302130477,0.766331091251931,0.922041821126648),
 .UNSPECIFIED.);
#60=B_SPLINE_CURVE_WITH_KNOTS('',3,(#4320,#4321,#4322,#4323,#4324,#4325),
 .UNSPECIFIED.,.F.,.F.,(4,2,4),(0.,0.161342986796359,0.294220495217681),
 .UNSPECIFIED.);
#61=B_SPLINE_CURVE_WITH_KNOTS('',3,(#4328,#4329,#4330,#4331,#4332,#4333),
 .UNSPECIFIED.,.F.,.F.,(4,2,4),(0.638325302130471,0.766331091251932,0.922041821126632),
 .UNSPECIFIED.);
#62=B_SPLINE_CURVE_WITH_KNOTS('',3,(#4336,#4337,#4338,#4339,#4340,#4341),
 .UNSPECIFIED.,.F.,.F.,(4,2,4),(0.,0.16134298679636,0.294220495217682),
 .UNSPECIFIED.);
#63=B_SPLINE_CURVE_WITH_KNOTS('',3,(#4344,#4345,#4346,#4347,#4348,#4349),
 .UNSPECIFIED.,.F.,.F.,(4,2,4),(0.655560058005514,0.788437566426845,0.949780553223188),
 .UNSPECIFIED.);
#64=B_SPLINE_CURVE_WITH_KNOTS('',3,(#4352,#4353,#4354,#4355,#4356,#4357),
 .UNSPECIFIED.,.F.,.F.,(4,2,4),(0.,0.155710729874685,0.283716518996154),
 .UNSPECIFIED.);
#65=B_SPLINE_SURFACE_WITH_KNOTS('',3,3,((#3838,#3839,#3840,#3841,#3842,
#3843),(#3844,#3845,#3846,#3847,#3848,#3849),(#3850,#3851,#3852,#3853,#3854,
#3855),(#3856,#3857,#3858,#3859,#3860,#3861)),.UNSPECIFIED.,.F.,.F.,.F.,
(4,4),(4,2,4),(0.,1.),(-0.701113589421617,-0.618106037699081,-0.535098485976546),
 .UNSPECIFIED.);
#66=B_SPLINE_SURFACE_WITH_KNOTS('',3,3,((#3891,#3892,#3893,#3894),(#3895,
#3896,#3897,#3898),(#3899,#3900,#3901,#3902),(#3903,#3904,#3905,#3906)),
 .UNSPECIFIED.,.F.,.F.,.F.,(4,4),(4,4),(0.,1.),(-5.98722238568202,-5.66479865669239),
 .UNSPECIFIED.);
#67=B_SPLINE_SURFACE_WITH_KNOTS('',3,3,((#3915,#3916,#3917,#3918),(#3919,
#3920,#3921,#3922),(#3923,#3924,#3925,#3926),(#3927,#3928,#3929,#3930)),
 .UNSPECIFIED.,.F.,.F.,.F.,(4,4),(4,4),(0.,1.),(-6.90157194906558,-6.57914822867715),
 .UNSPECIFIED.);
#68=B_SPLINE_SURFACE_WITH_KNOTS('',3,3,((#3953,#3954,#3955,#3956,#3957),
(#3958,#3959,#3960,#3961,#3962),(#3963,#3964,#3965,#3966,#3967),(#3968,
#3969,#3970,#3971,#3972)),.UNSPECIFIED.,.F.,.F.,.F.,(4,4),(4,1,4),(0.,1.),
(-0.701113589421581,-0.606247816024417,-0.535098485976544),
 .UNSPECIFIED.);
#69=B_SPLINE_SURFACE_WITH_KNOTS('',3,3,((#4000,#4001,#4002,#4003),(#4004,
#4005,#4006,#4007),(#4008,#4009,#4010,#4011),(#4012,#4013,#4014,#4015)),
 .UNSPECIFIED.,.F.,.F.,.F.,(4,4),(4,4),(0.,1.),(-5.98722238568209,-5.66479865669242),
 .UNSPECIFIED.);
#70=B_SPLINE_SURFACE_WITH_KNOTS('',3,3,((#4024,#4025,#4026,#4027),(#4028,
#4029,#4030,#4031),(#4032,#4033,#4034,#4035),(#4036,#4037,#4038,#4039)),
 .UNSPECIFIED.,.F.,.F.,.F.,(4,4),(4,4),(0.,1.),(-6.90157194906556,-6.57914822867709),
 .UNSPECIFIED.);
#71=B_SPLINE_SURFACE_WITH_KNOTS('',3,3,((#4062,#4063,#4064,#4065,#4066,
#4067),(#4068,#4069,#4070,#4071,#4072,#4073),(#4074,#4075,#4076,#4077,#4078,
#4079),(#4080,#4081,#4082,#4083,#4084,#4085)),.UNSPECIFIED.,.F.,.F.,.F.,
(4,4),(4,2,4),(0.,1.),(-0.701113589421705,-0.618106037699125,-0.535098485976546),
 .UNSPECIFIED.);
#72=B_SPLINE_SURFACE_WITH_KNOTS('',3,3,((#4116,#4117,#4118,#4119),(#4120,
#4121,#4122,#4123),(#4124,#4125,#4126,#4127),(#4128,#4129,#4130,#4131)),
 .UNSPECIFIED.,.F.,.F.,.F.,(4,4),(4,4),(0.,1.),(-2.84562973209208,-2.52320600310257),
 .UNSPECIFIED.);
#73=B_SPLINE_SURFACE_WITH_KNOTS('',3,3,((#4140,#4141,#4142,#4143),(#4144,
#4145,#4146,#4147),(#4148,#4149,#4150,#4151),(#4152,#4153,#4154,#4155)),
 .UNSPECIFIED.,.F.,.F.,.F.,(4,4),(4,4),(0.,1.),(-3.75997929547586,-3.43755557508751),
 .UNSPECIFIED.);
#74=B_SPLINE_SURFACE_WITH_KNOTS('',3,3,((#4178,#4179,#4180,#4181,#4182,
#4183),(#4184,#4185,#4186,#4187,#4188,#4189),(#4190,#4191,#4192,#4193,#4194,
#4195),(#4196,#4197,#4198,#4199,#4200,#4201)),.UNSPECIFIED.,.F.,.F.,.F.,
(4,4),(4,2,4),(0.,1.),(-0.701113589421641,-0.618106037699094,-0.535098485976546),
 .UNSPECIFIED.);
#75=B_SPLINE_SURFACE_WITH_KNOTS('',3,3,((#4232,#4233,#4234,#4235),(#4236,
#4237,#4238,#4239),(#4240,#4241,#4242,#4243),(#4244,#4245,#4246,#4247)),
 .UNSPECIFIED.,.F.,.F.,.F.,(4,4),(4,4),(0.,1.),(-2.84562973209219,-2.5232060031026),
 .UNSPECIFIED.);
#76=B_SPLINE_SURFACE_WITH_KNOTS('',3,3,((#4256,#4257,#4258,#4259),(#4260,
#4261,#4262,#4263),(#4264,#4265,#4266,#4267),(#4268,#4269,#4270,#4271)),
 .UNSPECIFIED.,.F.,.F.,.F.,(4,4),(4,4),(0.,1.),(-3.75997929547581,-3.43755557508739),
 .UNSPECIFIED.);
#77=CYLINDRICAL_SURFACE('',#2764,6.);
#78=CYLINDRICAL_SURFACE('',#2774,2.875);
#79=CYLINDRICAL_SURFACE('',#2784,2.875);
#80=CYLINDRICAL_SURFACE('',#2793,2.87500000000001);
#81=CYLINDRICAL_SURFACE('',#2802,2.87500000000001);
#82=CYLINDRICAL_SURFACE('',#2804,1.);
#83=CYLINDRICAL_SURFACE('',#2805,1.);
#84=CYLINDRICAL_SURFACE('',#2806,1.);
#85=CYLINDRICAL_SURFACE('',#2807,1.);
#86=CYLINDRICAL_SURFACE('',#2849,2.);
#87=CYLINDRICAL_SURFACE('',#2852,2.);
#88=CYLINDRICAL_SURFACE('',#2875,2.);
#89=CYLINDRICAL_SURFACE('',#2881,2.);
#90=CYLINDRICAL_SURFACE('',#2890,1.49999999999999);
#91=CYLINDRICAL_SURFACE('',#2891,4.0970956644982);
#92=CYLINDRICAL_SURFACE('',#2892,3.74999999999996);
#93=CYLINDRICAL_SURFACE('',#2893,3.75);
#94=CYLINDRICAL_SURFACE('',#2894,1.5);
#95=CYLINDRICAL_SURFACE('',#2895,3.74999999999995);
#96=CYLINDRICAL_SURFACE('',#2896,4.09709566449817);
#97=CYLINDRICAL_SURFACE('',#2897,3.75);
#98=CYLINDRICAL_SURFACE('',#2898,1.49999999999999);
#99=CYLINDRICAL_SURFACE('',#2899,3.74999999999996);
#100=CYLINDRICAL_SURFACE('',#2900,4.09709566449817);
#101=CYLINDRICAL_SURFACE('',#2901,3.75);
#102=CYLINDRICAL_SURFACE('',#2902,1.5);
#103=CYLINDRICAL_SURFACE('',#2903,4.0970956644982);
#104=CYLINDRICAL_SURFACE('',#2904,3.74999999999996);
#105=CYLINDRICAL_SURFACE('',#2905,3.75);
#106=CYLINDRICAL_SURFACE('',#2908,3.00000000000001);
#107=CYLINDRICAL_SURFACE('',#2912,3.00000000000001);
#108=CYLINDRICAL_SURFACE('',#2916,3.00000000000001);
#109=CYLINDRICAL_SURFACE('',#2920,3.00000000000001);
#110=CYLINDRICAL_SURFACE('',#2924,2.5);
#111=CYLINDRICAL_SURFACE('',#2928,2.5);
#112=CYLINDRICAL_SURFACE('',#2932,2.5);
#113=CYLINDRICAL_SURFACE('',#2936,2.5);
#114=CYLINDRICAL_SURFACE('',#2938,2.10000000000001);
#115=CYLINDRICAL_SURFACE('',#2943,2.10000000000001);
#116=CYLINDRICAL_SURFACE('',#2948,2.10000000000001);
#117=CYLINDRICAL_SURFACE('',#2953,2.10000000000001);
#118=CYLINDRICAL_SURFACE('',#2957,1.6);
#119=CYLINDRICAL_SURFACE('',#2962,1.6);
#120=CYLINDRICAL_SURFACE('',#2967,1.6);
#121=CYLINDRICAL_SURFACE('',#2972,1.6);
#122=CYLINDRICAL_SURFACE('',#2978,1.);
#123=CYLINDRICAL_SURFACE('',#2981,0.999999999999996);
#124=CYLINDRICAL_SURFACE('',#2984,1.);
#125=CYLINDRICAL_SURFACE('',#2987,0.999999999999996);
#126=CYLINDRICAL_SURFACE('',#2994,1.6);
#127=CYLINDRICAL_SURFACE('',#2998,1.6);
#128=FACE_BOUND('',#442,.T.);
#129=FACE_BOUND('',#478,.T.);
#130=FACE_BOUND('',#479,.T.);
#131=FACE_BOUND('',#480,.T.);
#132=FACE_BOUND('',#481,.T.);
#133=FACE_BOUND('',#482,.T.);
#134=FACE_BOUND('',#483,.T.);
#135=FACE_BOUND('',#484,.T.);
#136=FACE_BOUND('',#485,.T.);
#137=FACE_BOUND('',#497,.T.);
#138=FACE_BOUND('',#510,.T.);
#139=FACE_BOUND('',#513,.T.);
#140=FACE_BOUND('',#514,.T.);
#141=FACE_BOUND('',#515,.T.);
#142=FACE_BOUND('',#516,.T.);
#143=FACE_BOUND('',#517,.T.);
#144=FACE_BOUND('',#520,.T.);
#145=FACE_BOUND('',#523,.T.);
#146=FACE_BOUND('',#525,.T.);
#147=FACE_BOUND('',#527,.T.);
#148=FACE_BOUND('',#529,.T.);
#149=FACE_BOUND('',#564,.T.);
#150=FACE_BOUND('',#568,.T.);
#151=FACE_BOUND('',#572,.T.);
#152=FACE_BOUND('',#576,.T.);
#153=FACE_BOUND('',#579,.T.);
#154=FACE_BOUND('',#583,.T.);
#155=FACE_BOUND('',#587,.T.);
#156=FACE_BOUND('',#591,.T.);
#157=FACE_BOUND('',#606,.T.);
#158=FACE_BOUND('',#613,.T.);
#159=FACE_BOUND('',#615,.T.);
#160=CIRCLE('',#2763,6.);
#161=CIRCLE('',#2765,6.);
#162=CIRCLE('',#2767,2.875);
#163=CIRCLE('',#2768,2.875);
#164=CIRCLE('',#2769,3.37499999999999);
#165=CIRCLE('',#2771,4.0970956644982);
#166=CIRCLE('',#2772,3.75);
#167=CIRCLE('',#2773,3.74999999999996);
#168=CIRCLE('',#2775,2.875);
#169=CIRCLE('',#2777,2.875);
#170=CIRCLE('',#2778,2.875);
#171=CIRCLE('',#2779,3.37499999999999);
#172=CIRCLE('',#2781,3.74999999999995);
#173=CIRCLE('',#2782,3.75);
#174=CIRCLE('',#2783,4.09709566449817);
#175=CIRCLE('',#2785,2.875);
#176=CIRCLE('',#2787,2.87500000000001);
#177=CIRCLE('',#2788,3.37500000000002);
#178=CIRCLE('',#2790,4.0970956644982);
#179=CIRCLE('',#2791,3.75);
#180=CIRCLE('',#2792,3.74999999999996);
#181=CIRCLE('',#2794,2.87500000000001);
#182=CIRCLE('',#2796,2.87500000000001);
#183=CIRCLE('',#2797,3.37500000000002);
#184=CIRCLE('',#2799,3.74999999999996);
#185=CIRCLE('',#2800,3.75);
#186=CIRCLE('',#2801,4.09709566449817);
#187=CIRCLE('',#2803,2.87500000000001);
#188=CIRCLE('',#2814,5.);
#189=CIRCLE('',#2815,5.);
#190=CIRCLE('',#2816,4.49999999999999);
#191=CIRCLE('',#2817,4.49999999999999);
#192=CIRCLE('',#2818,4.49999999999999);
#193=CIRCLE('',#2819,4.49999999999999);
#194=CIRCLE('',#2820,5.);
#195=CIRCLE('',#2821,5.);
#196=CIRCLE('',#2835,2.);
#197=CIRCLE('',#2836,1.);
#198=CIRCLE('',#2839,2.);
#199=CIRCLE('',#2840,1.);
#200=CIRCLE('',#2843,2.);
#201=CIRCLE('',#2844,1.);
#202=CIRCLE('',#2847,2.);
#203=CIRCLE('',#2848,1.);
#204=CIRCLE('',#2850,2.);
#205=CIRCLE('',#2853,2.);
#206=CIRCLE('',#2857,3.74999999999996);
#207=CIRCLE('',#2858,3.75);
#208=CIRCLE('',#2859,4.0970956644982);
#209=CIRCLE('',#2860,4.09709566449817);
#210=CIRCLE('',#2861,3.75);
#211=CIRCLE('',#2862,3.74999999999995);
#212=CIRCLE('',#2863,2.);
#213=CIRCLE('',#2864,2.);
#214=CIRCLE('',#2865,3.74999999999996);
#215=CIRCLE('',#2866,3.75);
#216=CIRCLE('',#2867,4.0970956644982);
#217=CIRCLE('',#2868,4.09709566449817);
#218=CIRCLE('',#2869,3.75);
#219=CIRCLE('',#2870,3.74999999999996);
#220=CIRCLE('',#2871,1.49999999999999);
#221=CIRCLE('',#2872,1.5);
#222=CIRCLE('',#2873,1.49999999999999);
#223=CIRCLE('',#2874,1.5);
#224=CIRCLE('',#2877,0.999999999999996);
#225=CIRCLE('',#2878,1.);
#226=CIRCLE('',#2879,0.999999999999996);
#227=CIRCLE('',#2880,1.);
#228=CIRCLE('',#2883,1.49999999999999);
#229=CIRCLE('',#2885,1.5);
#230=CIRCLE('',#2887,1.49999999999999);
#231=CIRCLE('',#2889,1.5);
#232=CIRCLE('',#2907,3.00000000000001);
#233=CIRCLE('',#2909,3.00000000000001);
#234=CIRCLE('',#2911,3.00000000000001);
#235=CIRCLE('',#2913,3.00000000000001);
#236=CIRCLE('',#2915,3.00000000000001);
#237=CIRCLE('',#2917,3.00000000000001);
#238=CIRCLE('',#2919,3.00000000000001);
#239=CIRCLE('',#2921,3.00000000000001);
#240=CIRCLE('',#2923,2.5);
#241=CIRCLE('',#2925,2.5);
#242=CIRCLE('',#2927,2.5);
#243=CIRCLE('',#2929,2.5);
#244=CIRCLE('',#2931,2.5);
#245=CIRCLE('',#2933,2.5);
#246=CIRCLE('',#2935,2.5);
#247=CIRCLE('',#2937,2.5);
#248=CIRCLE('',#2939,2.10000000000001);
#249=CIRCLE('',#2940,2.10000000000001);
#250=CIRCLE('',#2944,2.10000000000001);
#251=CIRCLE('',#2945,2.10000000000001);
#252=CIRCLE('',#2949,2.10000000000001);
#253=CIRCLE('',#2950,2.10000000000001);
#254=CIRCLE('',#2954,2.10000000000001);
#255=CIRCLE('',#2955,2.10000000000001);
#256=CIRCLE('',#2958,1.6);
#257=CIRCLE('',#2959,1.6);
#258=CIRCLE('',#2963,1.6);
#259=CIRCLE('',#2964,1.6);
#260=CIRCLE('',#2968,1.6);
#261=CIRCLE('',#2969,1.6);
#262=CIRCLE('',#2973,1.6);
#263=CIRCLE('',#2974,1.6);
#264=CIRCLE('',#2979,1.);
#265=CIRCLE('',#2982,0.999999999999996);
#266=CIRCLE('',#2985,1.);
#267=CIRCLE('',#2988,0.999999999999996);
#268=CIRCLE('',#2995,1.6);
#269=CIRCLE('',#2996,1.6);
#270=CIRCLE('',#2999,1.6);
#271=CIRCLE('',#3000,1.6);
#272=FACE_OUTER_BOUND('',#435,.T.);
#273=FACE_OUTER_BOUND('',#436,.T.);
#274=FACE_OUTER_BOUND('',#437,.T.);
#275=FACE_OUTER_BOUND('',#438,.T.);
#276=FACE_OUTER_BOUND('',#439,.T.);
#277=FACE_OUTER_BOUND('',#440,.T.);
#278=FACE_OUTER_BOUND('',#441,.T.);
#279=FACE_OUTER_BOUND('',#443,.T.);
#280=FACE_OUTER_BOUND('',#444,.T.);
#281=FACE_OUTER_BOUND('',#445,.T.);
#282=FACE_OUTER_BOUND('',#446,.T.);
#283=FACE_OUTER_BOUND('',#447,.T.);
#284=FACE_OUTER_BOUND('',#448,.T.);
#285=FACE_OUTER_BOUND('',#449,.T.);
#286=FACE_OUTER_BOUND('',#450,.T.);
#287=FACE_OUTER_BOUND('',#451,.T.);
#288=FACE_OUTER_BOUND('',#452,.T.);
#289=FACE_OUTER_BOUND('',#453,.T.);
#290=FACE_OUTER_BOUND('',#454,.T.);
#291=FACE_OUTER_BOUND('',#455,.T.);
#292=FACE_OUTER_BOUND('',#456,.T.);
#293=FACE_OUTER_BOUND('',#457,.T.);
#294=FACE_OUTER_BOUND('',#458,.T.);
#295=FACE_OUTER_BOUND('',#459,.T.);
#296=FACE_OUTER_BOUND('',#460,.T.);
#297=FACE_OUTER_BOUND('',#461,.T.);
#298=FACE_OUTER_BOUND('',#462,.T.);
#299=FACE_OUTER_BOUND('',#463,.T.);
#300=FACE_OUTER_BOUND('',#464,.T.);
#301=FACE_OUTER_BOUND('',#465,.T.);
#302=FACE_OUTER_BOUND('',#466,.T.);
#303=FACE_OUTER_BOUND('',#467,.T.);
#304=FACE_OUTER_BOUND('',#468,.T.);
#305=FACE_OUTER_BOUND('',#469,.T.);
#306=FACE_OUTER_BOUND('',#470,.T.);
#307=FACE_OUTER_BOUND('',#471,.T.);
#308=FACE_OUTER_BOUND('',#472,.T.);
#309=FACE_OUTER_BOUND('',#473,.T.);
#310=FACE_OUTER_BOUND('',#474,.T.);
#311=FACE_OUTER_BOUND('',#475,.T.);
#312=FACE_OUTER_BOUND('',#476,.T.);
#313=FACE_OUTER_BOUND('',#477,.T.);
#314=FACE_OUTER_BOUND('',#486,.T.);
#315=FACE_OUTER_BOUND('',#487,.T.);
#316=FACE_OUTER_BOUND('',#488,.T.);
#317=FACE_OUTER_BOUND('',#489,.T.);
#318=FACE_OUTER_BOUND('',#490,.T.);
#319=FACE_OUTER_BOUND('',#491,.T.);
#320=FACE_OUTER_BOUND('',#492,.T.);
#321=FACE_OUTER_BOUND('',#493,.T.);
#322=FACE_OUTER_BOUND('',#494,.T.);
#323=FACE_OUTER_BOUND('',#495,.T.);
#324=FACE_OUTER_BOUND('',#496,.T.);
#325=FACE_OUTER_BOUND('',#498,.T.);
#326=FACE_OUTER_BOUND('',#499,.T.);
#327=FACE_OUTER_BOUND('',#500,.T.);
#328=FACE_OUTER_BOUND('',#501,.T.);
#329=FACE_OUTER_BOUND('',#502,.T.);
#330=FACE_OUTER_BOUND('',#503,.T.);
#331=FACE_OUTER_BOUND('',#504,.T.);
#332=FACE_OUTER_BOUND('',#505,.T.);
#333=FACE_OUTER_BOUND('',#506,.T.);
#334=FACE_OUTER_BOUND('',#507,.T.);
#335=FACE_OUTER_BOUND('',#508,.T.);
#336=FACE_OUTER_BOUND('',#509,.T.);
#337=FACE_OUTER_BOUND('',#511,.T.);
#338=FACE_OUTER_BOUND('',#512,.T.);
#339=FACE_OUTER_BOUND('',#518,.T.);
#340=FACE_OUTER_BOUND('',#519,.T.);
#341=FACE_OUTER_BOUND('',#521,.T.);
#342=FACE_OUTER_BOUND('',#522,.T.);
#343=FACE_OUTER_BOUND('',#524,.T.);
#344=FACE_OUTER_BOUND('',#526,.T.);
#345=FACE_OUTER_BOUND('',#528,.T.);
#346=FACE_OUTER_BOUND('',#530,.T.);
#347=FACE_OUTER_BOUND('',#531,.T.);
#348=FACE_OUTER_BOUND('',#532,.T.);
#349=FACE_OUTER_BOUND('',#533,.T.);
#350=FACE_OUTER_BOUND('',#534,.T.);
#351=FACE_OUTER_BOUND('',#535,.T.);
#352=FACE_OUTER_BOUND('',#536,.T.);
#353=FACE_OUTER_BOUND('',#537,.T.);
#354=FACE_OUTER_BOUND('',#538,.T.);
#355=FACE_OUTER_BOUND('',#539,.T.);
#356=FACE_OUTER_BOUND('',#540,.T.);
#357=FACE_OUTER_BOUND('',#541,.T.);
#358=FACE_OUTER_BOUND('',#542,.T.);
#359=FACE_OUTER_BOUND('',#543,.T.);
#360=FACE_OUTER_BOUND('',#544,.T.);
#361=FACE_OUTER_BOUND('',#545,.T.);
#362=FACE_OUTER_BOUND('',#546,.T.);
#363=FACE_OUTER_BOUND('',#547,.T.);
#364=FACE_OUTER_BOUND('',#548,.T.);
#365=FACE_OUTER_BOUND('',#549,.T.);
#366=FACE_OUTER_BOUND('',#550,.T.);
#367=FACE_OUTER_BOUND('',#551,.T.);
#368=FACE_OUTER_BOUND('',#552,.T.);
#369=FACE_OUTER_BOUND('',#553,.T.);
#370=FACE_OUTER_BOUND('',#554,.T.);
#371=FACE_OUTER_BOUND('',#555,.T.);
#372=FACE_OUTER_BOUND('',#556,.T.);
#373=FACE_OUTER_BOUND('',#557,.T.);
#374=FACE_OUTER_BOUND('',#558,.T.);
#375=FACE_OUTER_BOUND('',#559,.T.);
#376=FACE_OUTER_BOUND('',#560,.T.);
#377=FACE_OUTER_BOUND('',#561,.T.);
#378=FACE_OUTER_BOUND('',#562,.T.);
#379=FACE_OUTER_BOUND('',#563,.T.);
#380=FACE_OUTER_BOUND('',#565,.T.);
#381=FACE_OUTER_BOUND('',#566,.T.);
#382=FACE_OUTER_BOUND('',#567,.T.);
#383=FACE_OUTER_BOUND('',#569,.T.);
#384=FACE_OUTER_BOUND('',#570,.T.);
#385=FACE_OUTER_BOUND('',#571,.T.);
#386=FACE_OUTER_BOUND('',#573,.T.);
#387=FACE_OUTER_BOUND('',#574,.T.);
#388=FACE_OUTER_BOUND('',#575,.T.);
#389=FACE_OUTER_BOUND('',#577,.T.);
#390=FACE_OUTER_BOUND('',#578,.T.);
#391=FACE_OUTER_BOUND('',#580,.T.);
#392=FACE_OUTER_BOUND('',#581,.T.);
#393=FACE_OUTER_BOUND('',#582,.T.);
#394=FACE_OUTER_BOUND('',#584,.T.);
#395=FACE_OUTER_BOUND('',#585,.T.);
#396=FACE_OUTER_BOUND('',#586,.T.);
#397=FACE_OUTER_BOUND('',#588,.T.);
#398=FACE_OUTER_BOUND('',#589,.T.);
#399=FACE_OUTER_BOUND('',#590,.T.);
#400=FACE_OUTER_BOUND('',#592,.T.);
#401=FACE_OUTER_BOUND('',#593,.T.);
#402=FACE_OUTER_BOUND('',#594,.T.);
#403=FACE_OUTER_BOUND('',#595,.T.);
#404=FACE_OUTER_BOUND('',#596,.T.);
#405=FACE_OUTER_BOUND('',#597,.T.);
#406=FACE_OUTER_BOUND('',#598,.T.);
#407=FACE_OUTER_BOUND('',#599,.T.);
#408=FACE_OUTER_BOUND('',#600,.T.);
#409=FACE_OUTER_BOUND('',#601,.T.);
#410=FACE_OUTER_BOUND('',#602,.T.);
#411=FACE_OUTER_BOUND('',#603,.T.);
#412=FACE_OUTER_BOUND('',#604,.T.);
#413=FACE_OUTER_BOUND('',#605,.T.);
#414=FACE_OUTER_BOUND('',#607,.T.);
#415=FACE_OUTER_BOUND('',#608,.T.);
#416=FACE_OUTER_BOUND('',#609,.T.);
#417=FACE_OUTER_BOUND('',#610,.T.);
#418=FACE_OUTER_BOUND('',#611,.T.);
#419=FACE_OUTER_BOUND('',#612,.T.);
#420=FACE_OUTER_BOUND('',#614,.T.);
#421=FACE_OUTER_BOUND('',#616,.T.);
#422=FACE_OUTER_BOUND('',#617,.T.);
#423=FACE_OUTER_BOUND('',#618,.T.);
#424=FACE_OUTER_BOUND('',#619,.T.);
#425=FACE_OUTER_BOUND('',#620,.T.);
#426=FACE_OUTER_BOUND('',#621,.T.);
#427=FACE_OUTER_BOUND('',#622,.T.);
#428=FACE_OUTER_BOUND('',#623,.T.);
#429=FACE_OUTER_BOUND('',#624,.T.);
#430=FACE_OUTER_BOUND('',#625,.T.);
#431=FACE_OUTER_BOUND('',#626,.T.);
#432=FACE_OUTER_BOUND('',#627,.T.);
#433=FACE_OUTER_BOUND('',#628,.T.);
#434=FACE_OUTER_BOUND('',#629,.T.);
#435=EDGE_LOOP('',(#1737,#1738,#1739,#1740,#1741));
#436=EDGE_LOOP('',(#1742,#1743,#1744,#1745));
#437=EDGE_LOOP('',(#1746,#1747,#1748,#1749,#1750));
#438=EDGE_LOOP('',(#1751,#1752,#1753,#1754));
#439=EDGE_LOOP('',(#1755,#1756,#1757,#1758));
#440=EDGE_LOOP('',(#1759,#1760,#1761,#1762));
#441=EDGE_LOOP('',(#1763,#1764,#1765,#1766,#1767,#1768,#1769,#1770));
#442=EDGE_LOOP('',(#1771));
#443=EDGE_LOOP('',(#1772,#1773,#1774,#1775));
#444=EDGE_LOOP('',(#1776,#1777,#1778,#1779));
#445=EDGE_LOOP('',(#1780,#1781,#1782,#1783,#1784));
#446=EDGE_LOOP('',(#1785,#1786,#1787,#1788));
#447=EDGE_LOOP('',(#1789,#1790,#1791,#1792));
#448=EDGE_LOOP('',(#1793,#1794,#1795,#1796,#1797,#1798));
#449=EDGE_LOOP('',(#1799,#1800,#1801,#1802,#1803,#1804,#1805,#1806));
#450=EDGE_LOOP('',(#1807,#1808,#1809,#1810));
#451=EDGE_LOOP('',(#1811,#1812,#1813,#1814,#1815));
#452=EDGE_LOOP('',(#1816,#1817,#1818,#1819));
#453=EDGE_LOOP('',(#1820,#1821,#1822,#1823));
#454=EDGE_LOOP('',(#1824,#1825,#1826,#1827,#1828,#1829));
#455=EDGE_LOOP('',(#1830,#1831,#1832,#1833,#1834,#1835,#1836,#1837));
#456=EDGE_LOOP('',(#1838,#1839,#1840,#1841,#1842));
#457=EDGE_LOOP('',(#1843,#1844,#1845,#1846));
#458=EDGE_LOOP('',(#1847,#1848,#1849,#1850));
#459=EDGE_LOOP('',(#1851,#1852,#1853,#1854));
#460=EDGE_LOOP('',(#1855,#1856,#1857,#1858,#1859,#1860));
#461=EDGE_LOOP('',(#1861,#1862,#1863,#1864,#1865,#1866,#1867,#1868));
#462=EDGE_LOOP('',(#1869,#1870,#1871,#1872,#1873));
#463=EDGE_LOOP('',(#1874,#1875,#1876,#1877));
#464=EDGE_LOOP('',(#1878,#1879,#1880,#1881));
#465=EDGE_LOOP('',(#1882,#1883,#1884,#1885));
#466=EDGE_LOOP('',(#1886,#1887,#1888,#1889,#1890,#1891));
#467=EDGE_LOOP('',(#1892,#1893,#1894,#1895,#1896,#1897,#1898,#1899));
#468=EDGE_LOOP('',(#1900,#1901,#1902,#1903,#1904,#1905,#1906,#1907));
#469=EDGE_LOOP('',(#1908,#1909,#1910,#1911,#1912,#1913,#1914,#1915));
#470=EDGE_LOOP('',(#1916,#1917,#1918,#1919,#1920,#1921,#1922,#1923));
#471=EDGE_LOOP('',(#1924,#1925,#1926,#1927,#1928,#1929,#1930,#1931));
#472=EDGE_LOOP('',(#1932,#1933,#1934,#1935));
#473=EDGE_LOOP('',(#1936,#1937,#1938));
#474=EDGE_LOOP('',(#1939,#1940,#1941,#1942));
#475=EDGE_LOOP('',(#1943,#1944,#1945,#1946));
#476=EDGE_LOOP('',(#1947,#1948,#1949,#1950));
#477=EDGE_LOOP('',(#1951,#1952,#1953,#1954,#1955,#1956,#1957,#1958,#1959,
#1960,#1961,#1962,#1963,#1964));
#478=EDGE_LOOP('',(#1965));
#479=EDGE_LOOP('',(#1966));
#480=EDGE_LOOP('',(#1967));
#481=EDGE_LOOP('',(#1968));
#482=EDGE_LOOP('',(#1969));
#483=EDGE_LOOP('',(#1970));
#484=EDGE_LOOP('',(#1971));
#485=EDGE_LOOP('',(#1972));
#486=EDGE_LOOP('',(#1973,#1974,#1975));
#487=EDGE_LOOP('',(#1976,#1977,#1978,#1979));
#488=EDGE_LOOP('',(#1980,#1981,#1982,#1983));
#489=EDGE_LOOP('',(#1984,#1985,#1986));
#490=EDGE_LOOP('',(#1987,#1988,#1989,#1990));
#491=EDGE_LOOP('',(#1991,#1992,#1993,#1994));
#492=EDGE_LOOP('',(#1995,#1996,#1997,#1998));
#493=EDGE_LOOP('',(#1999,#2000,#2001,#2002));
#494=EDGE_LOOP('',(#2003,#2004,#2005,#2006));
#495=EDGE_LOOP('',(#2007,#2008,#2009,#2010,#2011,#2012));
#496=EDGE_LOOP('',(#2013,#2014,#2015,#2016,#2017,#2018,#2019,#2020));
#497=EDGE_LOOP('',(#2021,#2022,#2023,#2024));
#498=EDGE_LOOP('',(#2025,#2026,#2027,#2028));
#499=EDGE_LOOP('',(#2029,#2030,#2031,#2032));
#500=EDGE_LOOP('',(#2033,#2034,#2035,#2036));
#501=EDGE_LOOP('',(#2037,#2038,#2039,#2040));
#502=EDGE_LOOP('',(#2041,#2042,#2043,#2044));
#503=EDGE_LOOP('',(#2045,#2046,#2047,#2048));
#504=EDGE_LOOP('',(#2049,#2050,#2051,#2052));
#505=EDGE_LOOP('',(#2053,#2054,#2055,#2056));
#506=EDGE_LOOP('',(#2057,#2058,#2059,#2060));
#507=EDGE_LOOP('',(#2061,#2062,#2063,#2064));
#508=EDGE_LOOP('',(#2065,#2066,#2067,#2068));
#509=EDGE_LOOP('',(#2069,#2070,#2071,#2072,#2073,#2074,#2075,#2076,#2077,
#2078,#2079,#2080));
#510=EDGE_LOOP('',(#2081));
#511=EDGE_LOOP('',(#2082,#2083,#2084,#2085,#2086,#2087,#2088,#2089));
#512=EDGE_LOOP('',(#2090,#2091,#2092,#2093,#2094,#2095,#2096,#2097,#2098,
#2099,#2100,#2101,#2102,#2103,#2104,#2105,#2106,#2107,#2108,#2109,#2110,
#2111,#2112,#2113));
#513=EDGE_LOOP('',(#2114));
#514=EDGE_LOOP('',(#2115));
#515=EDGE_LOOP('',(#2116));
#516=EDGE_LOOP('',(#2117));
#517=EDGE_LOOP('',(#2118,#2119,#2120,#2121,#2122,#2123,#2124,#2125));
#518=EDGE_LOOP('',(#2126,#2127,#2128,#2129));
#519=EDGE_LOOP('',(#2130,#2131,#2132,#2133));
#520=EDGE_LOOP('',(#2134,#2135,#2136,#2137,#2138,#2139,#2140,#2141));
#521=EDGE_LOOP('',(#2142,#2143,#2144,#2145));
#522=EDGE_LOOP('',(#2146));
#523=EDGE_LOOP('',(#2147));
#524=EDGE_LOOP('',(#2148));
#525=EDGE_LOOP('',(#2149));
#526=EDGE_LOOP('',(#2150));
#527=EDGE_LOOP('',(#2151));
#528=EDGE_LOOP('',(#2152));
#529=EDGE_LOOP('',(#2153));
#530=EDGE_LOOP('',(#2154,#2155,#2156,#2157));
#531=EDGE_LOOP('',(#2158,#2159,#2160,#2161,#2162));
#532=EDGE_LOOP('',(#2163,#2164,#2165,#2166,#2167));
#533=EDGE_LOOP('',(#2168,#2169,#2170,#2171));
#534=EDGE_LOOP('',(#2172,#2173,#2174,#2175));
#535=EDGE_LOOP('',(#2176,#2177,#2178,#2179,#2180));
#536=EDGE_LOOP('',(#2181,#2182,#2183,#2184,#2185));
#537=EDGE_LOOP('',(#2186,#2187,#2188,#2189));
#538=EDGE_LOOP('',(#2190,#2191,#2192,#2193));
#539=EDGE_LOOP('',(#2194,#2195,#2196,#2197,#2198));
#540=EDGE_LOOP('',(#2199,#2200,#2201,#2202,#2203));
#541=EDGE_LOOP('',(#2204,#2205,#2206,#2207));
#542=EDGE_LOOP('',(#2208,#2209,#2210,#2211));
#543=EDGE_LOOP('',(#2212,#2213,#2214,#2215,#2216));
#544=EDGE_LOOP('',(#2217,#2218,#2219,#2220,#2221));
#545=EDGE_LOOP('',(#2222,#2223,#2224,#2225));
#546=EDGE_LOOP('',(#2226,#2227,#2228,#2229));
#547=EDGE_LOOP('',(#2230,#2231,#2232,#2233));
#548=EDGE_LOOP('',(#2234,#2235,#2236,#2237));
#549=EDGE_LOOP('',(#2238,#2239,#2240,#2241));
#550=EDGE_LOOP('',(#2242,#2243,#2244,#2245));
#551=EDGE_LOOP('',(#2246,#2247,#2248,#2249));
#552=EDGE_LOOP('',(#2250,#2251,#2252,#2253));
#553=EDGE_LOOP('',(#2254,#2255,#2256,#2257));
#554=EDGE_LOOP('',(#2258,#2259,#2260,#2261));
#555=EDGE_LOOP('',(#2262,#2263,#2264,#2265));
#556=EDGE_LOOP('',(#2266,#2267,#2268,#2269));
#557=EDGE_LOOP('',(#2270,#2271,#2272,#2273));
#558=EDGE_LOOP('',(#2274,#2275,#2276,#2277));
#559=EDGE_LOOP('',(#2278,#2279,#2280,#2281));
#560=EDGE_LOOP('',(#2282,#2283,#2284,#2285));
#561=EDGE_LOOP('',(#2286,#2287,#2288,#2289));
#562=EDGE_LOOP('',(#2290,#2291,#2292,#2293));
#563=EDGE_LOOP('',(#2294));
#564=EDGE_LOOP('',(#2295));
#565=EDGE_LOOP('',(#2296));
#566=EDGE_LOOP('',(#2297,#2298,#2299,#2300));
#567=EDGE_LOOP('',(#2301));
#568=EDGE_LOOP('',(#2302));
#569=EDGE_LOOP('',(#2303));
#570=EDGE_LOOP('',(#2304,#2305,#2306,#2307));
#571=EDGE_LOOP('',(#2308));
#572=EDGE_LOOP('',(#2309));
#573=EDGE_LOOP('',(#2310));
#574=EDGE_LOOP('',(#2311,#2312,#2313,#2314));
#575=EDGE_LOOP('',(#2315));
#576=EDGE_LOOP('',(#2316));
#577=EDGE_LOOP('',(#2317,#2318,#2319,#2320));
#578=EDGE_LOOP('',(#2321));
#579=EDGE_LOOP('',(#2322));
#580=EDGE_LOOP('',(#2323));
#581=EDGE_LOOP('',(#2324,#2325,#2326,#2327));
#582=EDGE_LOOP('',(#2328));
#583=EDGE_LOOP('',(#2329));
#584=EDGE_LOOP('',(#2330));
#585=EDGE_LOOP('',(#2331,#2332,#2333,#2334));
#586=EDGE_LOOP('',(#2335));
#587=EDGE_LOOP('',(#2336));
#588=EDGE_LOOP('',(#2337));
#589=EDGE_LOOP('',(#2338,#2339,#2340,#2341));
#590=EDGE_LOOP('',(#2342));
#591=EDGE_LOOP('',(#2343));
#592=EDGE_LOOP('',(#2344));
#593=EDGE_LOOP('',(#2345,#2346,#2347,#2348));
#594=EDGE_LOOP('',(#2349,#2350,#2351,#2352));
#595=EDGE_LOOP('',(#2353,#2354,#2355,#2356));
#596=EDGE_LOOP('',(#2357,#2358,#2359,#2360));
#597=EDGE_LOOP('',(#2361,#2362,#2363,#2364));
#598=EDGE_LOOP('',(#2365,#2366,#2367,#2368));
#599=EDGE_LOOP('',(#2369,#2370,#2371,#2372));
#600=EDGE_LOOP('',(#2373,#2374,#2375,#2376));
#601=EDGE_LOOP('',(#2377,#2378,#2379,#2380));
#602=EDGE_LOOP('',(#2381,#2382,#2383,#2384));
#603=EDGE_LOOP('',(#2385,#2386,#2387,#2388));
#604=EDGE_LOOP('',(#2389,#2390,#2391,#2392));
#605=EDGE_LOOP('',(#2393,#2394,#2395,#2396));
#606=EDGE_LOOP('',(#2397,#2398,#2399,#2400,#2401,#2402,#2403,#2404));
#607=EDGE_LOOP('',(#2405,#2406,#2407,#2408));
#608=EDGE_LOOP('',(#2409));
#609=EDGE_LOOP('',(#2410,#2411,#2412,#2413));
#610=EDGE_LOOP('',(#2414));
#611=EDGE_LOOP('',(#2415,#2416,#2417,#2418,#2419));
#612=EDGE_LOOP('',(#2420,#2421,#2422,#2423));
#613=EDGE_LOOP('',(#2424));
#614=EDGE_LOOP('',(#2425,#2426,#2427,#2428));
#615=EDGE_LOOP('',(#2429));
#616=EDGE_LOOP('',(#2430,#2431,#2432,#2433,#2434,#2435));
#617=EDGE_LOOP('',(#2436,#2437,#2438,#2439,#2440,#2441));
#618=EDGE_LOOP('',(#2442,#2443,#2444,#2445));
#619=EDGE_LOOP('',(#2446,#2447,#2448,#2449,#2450));
#620=EDGE_LOOP('',(#2451,#2452,#2453,#2454,#2455,#2456,#2457,#2458));
#621=EDGE_LOOP('',(#2459,#2460,#2461,#2462));
#622=EDGE_LOOP('',(#2463,#2464,#2465,#2466));
#623=EDGE_LOOP('',(#2467,#2468,#2469,#2470,#2471,#2472,#2473,#2474));
#624=EDGE_LOOP('',(#2475,#2476,#2477,#2478,#2479));
#625=EDGE_LOOP('',(#2480,#2481,#2482,#2483));
#626=EDGE_LOOP('',(#2484,#2485,#2486,#2487,#2488));
#627=EDGE_LOOP('',(#2489,#2490,#2491,#2492,#2493));
#628=EDGE_LOOP('',(#2494));
#629=EDGE_LOOP('',(#2495,#2496,#2497,#2498,#2499,#2500,#2501,#2502,#2503,
#2504,#2505,#2506));
#630=LINE('',#3790,#869);
#631=LINE('',#3792,#870);
#632=LINE('',#3794,#871);
#633=LINE('',#3796,#872);
#634=LINE('',#3797,#873);
#635=LINE('',#3800,#874);
#636=LINE('',#3802,#875);
#637=LINE('',#3803,#876);
#638=LINE('',#3807,#877);
#639=LINE('',#3809,#878);
#640=LINE('',#3810,#879);
#641=LINE('',#3811,#880);
#642=LINE('',#3813,#881);
#643=LINE('',#3816,#882);
#644=LINE('',#3818,#883);
#645=LINE('',#3819,#884);
#646=LINE('',#3822,#885);
#647=LINE('',#3824,#886);
#648=LINE('',#3825,#887);
#649=LINE('',#3828,#888);
#650=LINE('',#3830,#889);
#651=LINE('',#3831,#890);
#652=LINE('',#3837,#891);
#653=LINE('',#3864,#892);
#654=LINE('',#3873,#893);
#655=LINE('',#3883,#894);
#656=LINE('',#3889,#895);
#657=LINE('',#3941,#896);
#658=LINE('',#3948,#897);
#659=LINE('',#3951,#898);
#660=LINE('',#3975,#899);
#661=LINE('',#3983,#900);
#662=LINE('',#3992,#901);
#663=LINE('',#3998,#902);
#664=LINE('',#4050,#903);
#665=LINE('',#4057,#904);
#666=LINE('',#4060,#905);
#667=LINE('',#4088,#906);
#668=LINE('',#4100,#907);
#669=LINE('',#4110,#908);
#670=LINE('',#4114,#909);
#671=LINE('',#4166,#910);
#672=LINE('',#4173,#911);
#673=LINE('',#4176,#912);
#674=LINE('',#4204,#913);
#675=LINE('',#4216,#914);
#676=LINE('',#4226,#915);
#677=LINE('',#4230,#916);
#678=LINE('',#4282,#917);
#679=LINE('',#4289,#918);
#680=LINE('',#4292,#919);
#681=LINE('',#4303,#920);
#682=LINE('',#4319,#921);
#683=LINE('',#4335,#922);
#684=LINE('',#4351,#923);
#685=LINE('',#4360,#924);
#686=LINE('',#4361,#925);
#687=LINE('',#4364,#926);
#688=LINE('',#4365,#927);
#689=LINE('',#4368,#928);
#690=LINE('',#4369,#929);
#691=LINE('',#4373,#930);
#692=LINE('',#4374,#931);
#693=LINE('',#4375,#932);
#694=LINE('',#4378,#933);
#695=LINE('',#4380,#934);
#696=LINE('',#4381,#935);
#697=LINE('',#4384,#936);
#698=LINE('',#4386,#937);
#699=LINE('',#4388,#938);
#700=LINE('',#4390,#939);
#701=LINE('',#4392,#940);
#702=LINE('',#4394,#941);
#703=LINE('',#4395,#942);
#704=LINE('',#4415,#943);
#705=LINE('',#4417,#944);
#706=LINE('',#4418,#945);
#707=LINE('',#4422,#946);
#708=LINE('',#4423,#947);
#709=LINE('',#4424,#948);
#710=LINE('',#4428,#949);
#711=LINE('',#4429,#950);
#712=LINE('',#4430,#951);
#713=LINE('',#4434,#952);
#714=LINE('',#4435,#953);
#715=LINE('',#4436,#954);
#716=LINE('',#4438,#955);
#717=LINE('',#4441,#956);
#718=LINE('',#4442,#957);
#719=LINE('',#4445,#958);
#720=LINE('',#4447,#959);
#721=LINE('',#4448,#960);
#722=LINE('',#4450,#961);
#723=LINE('',#4451,#962);
#724=LINE('',#4455,#963);
#725=LINE('',#4456,#964);
#726=LINE('',#4457,#965);
#727=LINE('',#4459,#966);
#728=LINE('',#4461,#967);
#729=LINE('',#4463,#968);
#730=LINE('',#4465,#969);
#731=LINE('',#4466,#970);
#732=LINE('',#4469,#971);
#733=LINE('',#4471,#972);
#734=LINE('',#4473,#973);
#735=LINE('',#4474,#974);
#736=LINE('',#4478,#975);
#737=LINE('',#4480,#976);
#738=LINE('',#4482,#977);
#739=LINE('',#4483,#978);
#740=LINE('',#4488,#979);
#741=LINE('',#4493,#980);
#742=LINE('',#4494,#981);
#743=LINE('',#4495,#982);
#744=LINE('',#4500,#983);
#745=LINE('',#4505,#984);
#746=LINE('',#4506,#985);
#747=LINE('',#4507,#986);
#748=LINE('',#4512,#987);
#749=LINE('',#4517,#988);
#750=LINE('',#4518,#989);
#751=LINE('',#4519,#990);
#752=LINE('',#4525,#991);
#753=LINE('',#4528,#992);
#754=LINE('',#4531,#993);
#755=LINE('',#4532,#994);
#756=LINE('',#4535,#995);
#757=LINE('',#4539,#996);
#758=LINE('',#4540,#997);
#759=LINE('',#4542,#998);
#760=LINE('',#4544,#999);
#761=LINE('',#4545,#1000);
#762=LINE('',#4547,#1001);
#763=LINE('',#4549,#1002);
#764=LINE('',#4550,#1003);
#765=LINE('',#4566,#1004);
#766=LINE('',#4570,#1005);
#767=LINE('',#4578,#1006);
#768=LINE('',#4585,#1007);
#769=LINE('',#4595,#1008);
#770=LINE('',#4596,#1009);
#771=LINE('',#4598,#1010);
#772=LINE('',#4601,#1011);
#773=LINE('',#4605,#1012);
#774=LINE('',#4609,#1013);
#775=LINE('',#4613,#1014);
#776=LINE('',#4629,#1015);
#777=LINE('',#4631,#1016);
#778=LINE('',#4632,#1017);
#779=LINE('',#4634,#1018);
#780=LINE('',#4635,#1019);
#781=LINE('',#4638,#1020);
#782=LINE('',#4640,#1021);
#783=LINE('',#4642,#1022);
#784=LINE('',#4645,#1023);
#785=LINE('',#4647,#1024);
#786=LINE('',#4648,#1025);
#787=LINE('',#4650,#1026);
#788=LINE('',#4651,#1027);
#789=LINE('',#4654,#1028);
#790=LINE('',#4656,#1029);
#791=LINE('',#4658,#1030);
#792=LINE('',#4662,#1031);
#793=LINE('',#4667,#1032);
#794=LINE('',#4670,#1033);
#795=LINE('',#4675,#1034);
#796=LINE('',#4678,#1035);
#797=LINE('',#4683,#1036);
#798=LINE('',#4686,#1037);
#799=LINE('',#4691,#1038);
#800=LINE('',#4694,#1039);
#801=LINE('',#4699,#1040);
#802=LINE('',#4702,#1041);
#803=LINE('',#4707,#1042);
#804=LINE('',#4710,#1043);
#805=LINE('',#4715,#1044);
#806=LINE('',#4718,#1045);
#807=LINE('',#4723,#1046);
#808=LINE('',#4728,#1047);
#809=LINE('',#4736,#1048);
#810=LINE('',#4744,#1049);
#811=LINE('',#4752,#1050);
#812=LINE('',#4759,#1051);
#813=LINE('',#4767,#1052);
#814=LINE('',#4775,#1053);
#815=LINE('',#4783,#1054);
#816=LINE('',#4790,#1055);
#817=LINE('',#4791,#1056);
#818=LINE('',#4792,#1057);
#819=LINE('',#4796,#1058);
#820=LINE('',#4799,#1059);
#821=LINE('',#4800,#1060);
#822=LINE('',#4804,#1061);
#823=LINE('',#4807,#1062);
#824=LINE('',#4808,#1063);
#825=LINE('',#4812,#1064);
#826=LINE('',#4815,#1065);
#827=LINE('',#4816,#1066);
#828=LINE('',#4821,#1067);
#829=LINE('',#4823,#1068);
#830=LINE('',#4824,#1069);
#831=LINE('',#4827,#1070);
#832=LINE('',#4828,#1071);
#833=LINE('',#4831,#1072);
#834=LINE('',#4832,#1073);
#835=LINE('',#4834,#1074);
#836=LINE('',#4840,#1075);
#837=LINE('',#4847,#1076);
#838=LINE('',#4853,#1077);
#839=LINE('',#4855,#1078);
#840=LINE('',#4857,#1079);
#841=LINE('',#4859,#1080);
#842=LINE('',#4860,#1081);
#843=LINE('',#4863,#1082);
#844=LINE('',#4865,#1083);
#845=LINE('',#4866,#1084);
#846=LINE('',#4870,#1085);
#847=LINE('',#4871,#1086);
#848=LINE('',#4872,#1087);
#849=LINE('',#4875,#1088);
#850=LINE('',#4877,#1089);
#851=LINE('',#4878,#1090);
#852=LINE('',#4880,#1091);
#853=LINE('',#4881,#1092);
#854=LINE('',#4884,#1093);
#855=LINE('',#4886,#1094);
#856=LINE('',#4887,#1095);
#857=LINE('',#4889,#1096);
#858=LINE('',#4892,#1097);
#859=LINE('',#4893,#1098);
#860=LINE('',#4896,#1099);
#861=LINE('',#4897,#1100);
#862=LINE('',#4899,#1101);
#863=LINE('',#4902,#1102);
#864=LINE('',#4904,#1103);
#865=LINE('',#4905,#1104);
#866=LINE('',#4907,#1105);
#867=LINE('',#4909,#1106);
#868=LINE('',#4911,#1107);
#869=VECTOR('',#3023,10.);
#870=VECTOR('',#3024,10.);
#871=VECTOR('',#3025,10.);
#872=VECTOR('',#3026,10.);
#873=VECTOR('',#3027,10.);
#874=VECTOR('',#3030,10.);
#875=VECTOR('',#3031,10.);
#876=VECTOR('',#3032,10.);
#877=VECTOR('',#3035,10.);
#878=VECTOR('',#3036,10.);
#879=VECTOR('',#3037,10.);
#880=VECTOR('',#3038,10.);
#881=VECTOR('',#3041,10.);
#882=VECTOR('',#3044,10.);
#883=VECTOR('',#3045,10.);
#884=VECTOR('',#3046,10.);
#885=VECTOR('',#3049,10.);
#886=VECTOR('',#3050,10.);
#887=VECTOR('',#3051,10.);
#888=VECTOR('',#3054,10.);
#889=VECTOR('',#3055,10.);
#890=VECTOR('',#3056,10.);
#891=VECTOR('',#3063,6.);
#892=VECTOR('',#3064,10.);
#893=VECTOR('',#3065,10.);
#894=VECTOR('',#3068,10.);
#895=VECTOR('',#3073,10.);
#896=VECTOR('',#3078,10.);
#897=VECTOR('',#3085,10.);
#898=VECTOR('',#3088,2.875);
#899=VECTOR('',#3091,10.);
#900=VECTOR('',#3092,10.);
#901=VECTOR('',#3095,10.);
#902=VECTOR('',#3100,10.);
#903=VECTOR('',#3105,10.);
#904=VECTOR('',#3112,10.);
#905=VECTOR('',#3115,2.875);
#906=VECTOR('',#3118,10.);
#907=VECTOR('',#3119,10.);
#908=VECTOR('',#3122,10.);
#909=VECTOR('',#3125,10.);
#910=VECTOR('',#3130,10.);
#911=VECTOR('',#3137,10.);
#912=VECTOR('',#3140,2.87500000000001);
#913=VECTOR('',#3143,10.);
#914=VECTOR('',#3144,10.);
#915=VECTOR('',#3147,10.);
#916=VECTOR('',#3150,10.);
#917=VECTOR('',#3155,10.);
#918=VECTOR('',#3162,10.);
#919=VECTOR('',#3165,2.87500000000001);
#920=VECTOR('',#3170,10.);
#921=VECTOR('',#3173,10.);
#922=VECTOR('',#3176,10.);
#923=VECTOR('',#3179,10.);
#924=VECTOR('',#3182,10.);
#925=VECTOR('',#3183,10.);
#926=VECTOR('',#3186,10.);
#927=VECTOR('',#3187,10.);
#928=VECTOR('',#3190,10.);
#929=VECTOR('',#3191,10.);
#930=VECTOR('',#3194,10.);
#931=VECTOR('',#3195,10.);
#932=VECTOR('',#3196,10.);
#933=VECTOR('',#3199,10.);
#934=VECTOR('',#3200,10.);
#935=VECTOR('',#3201,10.);
#936=VECTOR('',#3204,10.);
#937=VECTOR('',#3205,10.);
#938=VECTOR('',#3206,10.);
#939=VECTOR('',#3207,10.);
#940=VECTOR('',#3208,10.);
#941=VECTOR('',#3209,10.);
#942=VECTOR('',#3210,10.);
#943=VECTOR('',#3229,10.);
#944=VECTOR('',#3230,10.);
#945=VECTOR('',#3231,10.);
#946=VECTOR('',#3234,10.);
#947=VECTOR('',#3235,10.);
#948=VECTOR('',#3236,10.);
#949=VECTOR('',#3239,10.);
#950=VECTOR('',#3240,10.);
#951=VECTOR('',#3241,10.);
#952=VECTOR('',#3244,10.);
#953=VECTOR('',#3245,10.);
#954=VECTOR('',#3246,10.);
#955=VECTOR('',#3249,10.);
#956=VECTOR('',#3252,10.);
#957=VECTOR('',#3253,10.);
#958=VECTOR('',#3256,10.);
#959=VECTOR('',#3257,10.);
#960=VECTOR('',#3258,10.);
#961=VECTOR('',#3261,10.);
#962=VECTOR('',#3262,10.);
#963=VECTOR('',#3265,10.);
#964=VECTOR('',#3266,10.);
#965=VECTOR('',#3267,10.);
#966=VECTOR('',#3270,10.);
#967=VECTOR('',#3273,10.);
#968=VECTOR('',#3274,10.);
#969=VECTOR('',#3275,10.);
#970=VECTOR('',#3276,10.);
#971=VECTOR('',#3277,10.);
#972=VECTOR('',#3278,10.);
#973=VECTOR('',#3279,10.);
#974=VECTOR('',#3280,10.);
#975=VECTOR('',#3283,10.);
#976=VECTOR('',#3284,10.);
#977=VECTOR('',#3285,10.);
#978=VECTOR('',#3286,10.);
#979=VECTOR('',#3291,10.);
#980=VECTOR('',#3296,10.);
#981=VECTOR('',#3297,10.);
#982=VECTOR('',#3298,10.);
#983=VECTOR('',#3303,10.);
#984=VECTOR('',#3308,10.);
#985=VECTOR('',#3309,10.);
#986=VECTOR('',#3310,10.);
#987=VECTOR('',#3315,10.);
#988=VECTOR('',#3320,10.);
#989=VECTOR('',#3321,10.);
#990=VECTOR('',#3322,10.);
#991=VECTOR('',#3331,10.);
#992=VECTOR('',#3334,10.);
#993=VECTOR('',#3337,10.);
#994=VECTOR('',#3338,10.);
#995=VECTOR('',#3341,10.);
#996=VECTOR('',#3346,10.);
#997=VECTOR('',#3347,10.);
#998=VECTOR('',#3348,10.);
#999=VECTOR('',#3349,10.);
#1000=VECTOR('',#3350,10.);
#1001=VECTOR('',#3351,10.);
#1002=VECTOR('',#3352,10.);
#1003=VECTOR('',#3353,10.);
#1004=VECTOR('',#3372,10.);
#1005=VECTOR('',#3375,10.);
#1006=VECTOR('',#3382,10.);
#1007=VECTOR('',#3389,10.);
#1008=VECTOR('',#3400,10.);
#1009=VECTOR('',#3401,10.);
#1010=VECTOR('',#3404,10.);
#1011=VECTOR('',#3405,10.);
#1012=VECTOR('',#3408,10.);
#1013=VECTOR('',#3411,10.);
#1014=VECTOR('',#3414,10.);
#1015=VECTOR('',#3437,1.49999999999999);
#1016=VECTOR('',#3440,10.);
#1017=VECTOR('',#3441,10.);
#1018=VECTOR('',#3444,10.);
#1019=VECTOR('',#3445,10.);
#1020=VECTOR('',#3450,1.5);
#1021=VECTOR('',#3453,10.);
#1022=VECTOR('',#3456,10.);
#1023=VECTOR('',#3461,1.49999999999999);
#1024=VECTOR('',#3464,10.);
#1025=VECTOR('',#3465,10.);
#1026=VECTOR('',#3468,10.);
#1027=VECTOR('',#3469,10.);
#1028=VECTOR('',#3474,1.5);
#1029=VECTOR('',#3477,10.);
#1030=VECTOR('',#3480,10.);
#1031=VECTOR('',#3485,4.);
#1032=VECTOR('',#3492,3.00000000000001);
#1033=VECTOR('',#3495,4.);
#1034=VECTOR('',#3502,3.00000000000001);
#1035=VECTOR('',#3505,4.);
#1036=VECTOR('',#3512,3.00000000000001);
#1037=VECTOR('',#3515,4.);
#1038=VECTOR('',#3522,3.00000000000001);
#1039=VECTOR('',#3525,3.5);
#1040=VECTOR('',#3532,2.5);
#1041=VECTOR('',#3535,3.5);
#1042=VECTOR('',#3542,2.5);
#1043=VECTOR('',#3545,3.5);
#1044=VECTOR('',#3552,2.5);
#1045=VECTOR('',#3555,3.5);
#1046=VECTOR('',#3562,2.5);
#1047=VECTOR('',#3567,2.10000000000001);
#1048=VECTOR('',#3578,2.10000000000001);
#1049=VECTOR('',#3589,2.10000000000001);
#1050=VECTOR('',#3600,2.10000000000001);
#1051=VECTOR('',#3609,1.6);
#1052=VECTOR('',#3620,1.6);
#1053=VECTOR('',#3631,1.6);
#1054=VECTOR('',#3642,1.6);
#1055=VECTOR('',#3651,10.);
#1056=VECTOR('',#3652,10.);
#1057=VECTOR('',#3653,10.);
#1058=VECTOR('',#3658,10.);
#1059=VECTOR('',#3661,10.);
#1060=VECTOR('',#3662,10.);
#1061=VECTOR('',#3667,10.);
#1062=VECTOR('',#3670,10.);
#1063=VECTOR('',#3671,10.);
#1064=VECTOR('',#3676,10.);
#1065=VECTOR('',#3679,10.);
#1066=VECTOR('',#3680,10.);
#1067=VECTOR('',#3687,10.);
#1068=VECTOR('',#3688,10.);
#1069=VECTOR('',#3689,10.);
#1070=VECTOR('',#3692,10.);
#1071=VECTOR('',#3693,10.);
#1072=VECTOR('',#3696,10.);
#1073=VECTOR('',#3697,10.);
#1074=VECTOR('',#3700,10.);
#1075=VECTOR('',#3707,1.6);
#1076=VECTOR('',#3716,1.6);
#1077=VECTOR('',#3723,10.);
#1078=VECTOR('',#3724,10.);
#1079=VECTOR('',#3725,10.);
#1080=VECTOR('',#3726,10.);
#1081=VECTOR('',#3727,10.);
#1082=VECTOR('',#3730,10.);
#1083=VECTOR('',#3731,10.);
#1084=VECTOR('',#3732,10.);
#1085=VECTOR('',#3735,10.);
#1086=VECTOR('',#3736,10.);
#1087=VECTOR('',#3737,10.);
#1088=VECTOR('',#3740,10.);
#1089=VECTOR('',#3741,10.);
#1090=VECTOR('',#3742,10.);
#1091=VECTOR('',#3745,10.);
#1092=VECTOR('',#3746,10.);
#1093=VECTOR('',#3749,10.);
#1094=VECTOR('',#3750,10.);
#1095=VECTOR('',#3751,10.);
#1096=VECTOR('',#3754,10.);
#1097=VECTOR('',#3757,10.);
#1098=VECTOR('',#3758,10.);
#1099=VECTOR('',#3761,10.);
#1100=VECTOR('',#3762,10.);
#1101=VECTOR('',#3765,10.);
#1102=VECTOR('',#3768,10.);
#1103=VECTOR('',#3769,10.);
#1104=VECTOR('',#3770,10.);
#1105=VECTOR('',#3773,10.);
#1106=VECTOR('',#3776,10.);
#1107=VECTOR('',#3779,10.);
#1108=VERTEX_POINT('',#3788);
#1109=VERTEX_POINT('',#3789);
#1110=VERTEX_POINT('',#3791);
#1111=VERTEX_POINT('',#3793);
#1112=VERTEX_POINT('',#3795);
#1113=VERTEX_POINT('',#3799);
#1114=VERTEX_POINT('',#3801);
#1115=VERTEX_POINT('',#3805);
#1116=VERTEX_POINT('',#3806);
#1117=VERTEX_POINT('',#3808);
#1118=VERTEX_POINT('',#3815);
#1119=VERTEX_POINT('',#3817);
#1120=VERTEX_POINT('',#3821);
#1121=VERTEX_POINT('',#3823);
#1122=VERTEX_POINT('',#3827);
#1123=VERTEX_POINT('',#3829);
#1124=VERTEX_POINT('',#3832);
#1125=VERTEX_POINT('',#3835);
#1126=VERTEX_POINT('',#3862);
#1127=VERTEX_POINT('',#3863);
#1128=VERTEX_POINT('',#3865);
#1129=VERTEX_POINT('',#3872);
#1130=VERTEX_POINT('',#3881);
#1131=VERTEX_POINT('',#3882);
#1132=VERTEX_POINT('',#3884);
#1133=VERTEX_POINT('',#3886);
#1134=VERTEX_POINT('',#3888);
#1135=VERTEX_POINT('',#3940);
#1136=VERTEX_POINT('',#3942);
#1137=VERTEX_POINT('',#3944);
#1138=VERTEX_POINT('',#3946);
#1139=VERTEX_POINT('',#3950);
#1140=VERTEX_POINT('',#3973);
#1141=VERTEX_POINT('',#3974);
#1142=VERTEX_POINT('',#3976);
#1143=VERTEX_POINT('',#3982);
#1144=VERTEX_POINT('',#3990);
#1145=VERTEX_POINT('',#3991);
#1146=VERTEX_POINT('',#3993);
#1147=VERTEX_POINT('',#3995);
#1148=VERTEX_POINT('',#3997);
#1149=VERTEX_POINT('',#4049);
#1150=VERTEX_POINT('',#4051);
#1151=VERTEX_POINT('',#4053);
#1152=VERTEX_POINT('',#4055);
#1153=VERTEX_POINT('',#4059);
#1154=VERTEX_POINT('',#4086);
#1155=VERTEX_POINT('',#4087);
#1156=VERTEX_POINT('',#4089);
#1157=VERTEX_POINT('',#4094);
#1158=VERTEX_POINT('',#4099);
#1159=VERTEX_POINT('',#4108);
#1160=VERTEX_POINT('',#4109);
#1161=VERTEX_POINT('',#4111);
#1162=VERTEX_POINT('',#4113);
#1163=VERTEX_POINT('',#4165);
#1164=VERTEX_POINT('',#4167);
#1165=VERTEX_POINT('',#4169);
#1166=VERTEX_POINT('',#4171);
#1167=VERTEX_POINT('',#4175);
#1168=VERTEX_POINT('',#4202);
#1169=VERTEX_POINT('',#4203);
#1170=VERTEX_POINT('',#4205);
#1171=VERTEX_POINT('',#4210);
#1172=VERTEX_POINT('',#4215);
#1173=VERTEX_POINT('',#4224);
#1174=VERTEX_POINT('',#4225);
#1175=VERTEX_POINT('',#4227);
#1176=VERTEX_POINT('',#4229);
#1177=VERTEX_POINT('',#4281);
#1178=VERTEX_POINT('',#4283);
#1179=VERTEX_POINT('',#4285);
#1180=VERTEX_POINT('',#4287);
#1181=VERTEX_POINT('',#4291);
#1182=VERTEX_POINT('',#4295);
#1183=VERTEX_POINT('',#4302);
#1184=VERTEX_POINT('',#4311);
#1185=VERTEX_POINT('',#4318);
#1186=VERTEX_POINT('',#4327);
#1187=VERTEX_POINT('',#4334);
#1188=VERTEX_POINT('',#4343);
#1189=VERTEX_POINT('',#4350);
#1190=VERTEX_POINT('',#4359);
#1191=VERTEX_POINT('',#4363);
#1192=VERTEX_POINT('',#4367);
#1193=VERTEX_POINT('',#4371);
#1194=VERTEX_POINT('',#4372);
#1195=VERTEX_POINT('',#4377);
#1196=VERTEX_POINT('',#4379);
#1197=VERTEX_POINT('',#4383);
#1198=VERTEX_POINT('',#4385);
#1199=VERTEX_POINT('',#4387);
#1200=VERTEX_POINT('',#4389);
#1201=VERTEX_POINT('',#4391);
#1202=VERTEX_POINT('',#4393);
#1203=VERTEX_POINT('',#4396);
#1204=VERTEX_POINT('',#4398);
#1205=VERTEX_POINT('',#4400);
#1206=VERTEX_POINT('',#4402);
#1207=VERTEX_POINT('',#4404);
#1208=VERTEX_POINT('',#4406);
#1209=VERTEX_POINT('',#4408);
#1210=VERTEX_POINT('',#4410);
#1211=VERTEX_POINT('',#4413);
#1212=VERTEX_POINT('',#4414);
#1213=VERTEX_POINT('',#4416);
#1214=VERTEX_POINT('',#4420);
#1215=VERTEX_POINT('',#4421);
#1216=VERTEX_POINT('',#4426);
#1217=VERTEX_POINT('',#4427);
#1218=VERTEX_POINT('',#4432);
#1219=VERTEX_POINT('',#4433);
#1220=VERTEX_POINT('',#4440);
#1221=VERTEX_POINT('',#4444);
#1222=VERTEX_POINT('',#4446);
#1223=VERTEX_POINT('',#4453);
#1224=VERTEX_POINT('',#4454);
#1225=VERTEX_POINT('',#4462);
#1226=VERTEX_POINT('',#4464);
#1227=VERTEX_POINT('',#4467);
#1228=VERTEX_POINT('',#4468);
#1229=VERTEX_POINT('',#4470);
#1230=VERTEX_POINT('',#4472);
#1231=VERTEX_POINT('',#4476);
#1232=VERTEX_POINT('',#4477);
#1233=VERTEX_POINT('',#4479);
#1234=VERTEX_POINT('',#4481);
#1235=VERTEX_POINT('',#4485);
#1236=VERTEX_POINT('',#4487);
#1237=VERTEX_POINT('',#4491);
#1238=VERTEX_POINT('',#4492);
#1239=VERTEX_POINT('',#4497);
#1240=VERTEX_POINT('',#4499);
#1241=VERTEX_POINT('',#4503);
#1242=VERTEX_POINT('',#4504);
#1243=VERTEX_POINT('',#4509);
#1244=VERTEX_POINT('',#4511);
#1245=VERTEX_POINT('',#4515);
#1246=VERTEX_POINT('',#4516);
#1247=VERTEX_POINT('',#4524);
#1248=VERTEX_POINT('',#4526);
#1249=VERTEX_POINT('',#4530);
#1250=VERTEX_POINT('',#4534);
#1251=VERTEX_POINT('',#4538);
#1252=VERTEX_POINT('',#4541);
#1253=VERTEX_POINT('',#4543);
#1254=VERTEX_POINT('',#4546);
#1255=VERTEX_POINT('',#4548);
#1256=VERTEX_POINT('',#4553);
#1257=VERTEX_POINT('',#4555);
#1258=VERTEX_POINT('',#4558);
#1259=VERTEX_POINT('',#4560);
#1260=VERTEX_POINT('',#4563);
#1261=VERTEX_POINT('',#4565);
#1262=VERTEX_POINT('',#4567);
#1263=VERTEX_POINT('',#4569);
#1264=VERTEX_POINT('',#4571);
#1265=VERTEX_POINT('',#4573);
#1266=VERTEX_POINT('',#4575);
#1267=VERTEX_POINT('',#4577);
#1268=VERTEX_POINT('',#4579);
#1269=VERTEX_POINT('',#4581);
#1270=VERTEX_POINT('',#4583);
#1271=VERTEX_POINT('',#4586);
#1272=VERTEX_POINT('',#4588);
#1273=VERTEX_POINT('',#4590);
#1274=VERTEX_POINT('',#4592);
#1275=VERTEX_POINT('',#4599);
#1276=VERTEX_POINT('',#4600);
#1277=VERTEX_POINT('',#4602);
#1278=VERTEX_POINT('',#4604);
#1279=VERTEX_POINT('',#4606);
#1280=VERTEX_POINT('',#4608);
#1281=VERTEX_POINT('',#4610);
#1282=VERTEX_POINT('',#4612);
#1283=VERTEX_POINT('',#4617);
#1284=VERTEX_POINT('',#4620);
#1285=VERTEX_POINT('',#4623);
#1286=VERTEX_POINT('',#4626);
#1287=VERTEX_POINT('',#4661);
#1288=VERTEX_POINT('',#4665);
#1289=VERTEX_POINT('',#4669);
#1290=VERTEX_POINT('',#4673);
#1291=VERTEX_POINT('',#4677);
#1292=VERTEX_POINT('',#4681);
#1293=VERTEX_POINT('',#4685);
#1294=VERTEX_POINT('',#4689);
#1295=VERTEX_POINT('',#4693);
#1296=VERTEX_POINT('',#4697);
#1297=VERTEX_POINT('',#4701);
#1298=VERTEX_POINT('',#4705);
#1299=VERTEX_POINT('',#4709);
#1300=VERTEX_POINT('',#4713);
#1301=VERTEX_POINT('',#4717);
#1302=VERTEX_POINT('',#4721);
#1303=VERTEX_POINT('',#4725);
#1304=VERTEX_POINT('',#4727);
#1305=VERTEX_POINT('',#4733);
#1306=VERTEX_POINT('',#4735);
#1307=VERTEX_POINT('',#4741);
#1308=VERTEX_POINT('',#4743);
#1309=VERTEX_POINT('',#4749);
#1310=VERTEX_POINT('',#4751);
#1311=VERTEX_POINT('',#4756);
#1312=VERTEX_POINT('',#4758);
#1313=VERTEX_POINT('',#4764);
#1314=VERTEX_POINT('',#4766);
#1315=VERTEX_POINT('',#4772);
#1316=VERTEX_POINT('',#4774);
#1317=VERTEX_POINT('',#4780);
#1318=VERTEX_POINT('',#4782);
#1319=VERTEX_POINT('',#4788);
#1320=VERTEX_POINT('',#4789);
#1321=VERTEX_POINT('',#4794);
#1322=VERTEX_POINT('',#4798);
#1323=VERTEX_POINT('',#4802);
#1324=VERTEX_POINT('',#4806);
#1325=VERTEX_POINT('',#4810);
#1326=VERTEX_POINT('',#4814);
#1327=VERTEX_POINT('',#4820);
#1328=VERTEX_POINT('',#4822);
#1329=VERTEX_POINT('',#4826);
#1330=VERTEX_POINT('',#4830);
#1331=VERTEX_POINT('',#4837);
#1332=VERTEX_POINT('',#4839);
#1333=VERTEX_POINT('',#4844);
#1334=VERTEX_POINT('',#4846);
#1335=VERTEX_POINT('',#4851);
#1336=VERTEX_POINT('',#4852);
#1337=VERTEX_POINT('',#4854);
#1338=VERTEX_POINT('',#4856);
#1339=VERTEX_POINT('',#4858);
#1340=VERTEX_POINT('',#4862);
#1341=VERTEX_POINT('',#4864);
#1342=VERTEX_POINT('',#4868);
#1343=VERTEX_POINT('',#4869);
#1344=VERTEX_POINT('',#4874);
#1345=VERTEX_POINT('',#4876);
#1346=VERTEX_POINT('',#4883);
#1347=VERTEX_POINT('',#4885);
#1348=VERTEX_POINT('',#4891);
#1349=VERTEX_POINT('',#4895);
#1350=VERTEX_POINT('',#4901);
#1351=VERTEX_POINT('',#4903);
#1352=EDGE_CURVE('',#1108,#1109,#630,.T.);
#1353=EDGE_CURVE('',#1110,#1108,#631,.T.);
#1354=EDGE_CURVE('',#1110,#1111,#632,.T.);
#1355=EDGE_CURVE('',#1111,#1112,#633,.T.);
#1356=EDGE_CURVE('',#1109,#1112,#634,.T.);
#1357=EDGE_CURVE('',#1111,#1113,#635,.T.);
#1358=EDGE_CURVE('',#1114,#1110,#636,.T.);
#1359=EDGE_CURVE('',#1113,#1114,#637,.T.);
#1360=EDGE_CURVE('',#1115,#1116,#638,.T.);
#1361=EDGE_CURVE('',#1117,#1115,#639,.T.);
#1362=EDGE_CURVE('',#1113,#1117,#640,.T.);
#1363=EDGE_CURVE('',#1114,#1116,#641,.T.);
#1364=EDGE_CURVE('',#1116,#1108,#642,.T.);
#1365=EDGE_CURVE('',#1115,#1118,#643,.T.);
#1366=EDGE_CURVE('',#1119,#1118,#644,.T.);
#1367=EDGE_CURVE('',#1119,#1117,#645,.T.);
#1368=EDGE_CURVE('',#1112,#1120,#646,.T.);
#1369=EDGE_CURVE('',#1120,#1121,#647,.T.);
#1370=EDGE_CURVE('',#1121,#1109,#648,.T.);
#1371=EDGE_CURVE('',#1122,#1119,#649,.T.);
#1372=EDGE_CURVE('',#1122,#1123,#650,.T.);
#1373=EDGE_CURVE('',#1120,#1123,#651,.T.);
#1374=EDGE_CURVE('',#1124,#1124,#160,.T.);
#1375=EDGE_CURVE('',#1125,#1125,#161,.T.);
#1376=EDGE_CURVE('',#1125,#1124,#652,.T.);
#1377=EDGE_CURVE('',#1126,#1127,#653,.T.);
#1378=EDGE_CURVE('',#1127,#1128,#31,.T.);
#1379=EDGE_CURVE('',#1128,#1129,#654,.T.);
#1380=EDGE_CURVE('',#1129,#1126,#32,.T.);
#1381=EDGE_CURVE('',#1130,#1131,#655,.T.);
#1382=EDGE_CURVE('',#1131,#1132,#162,.T.);
#1383=EDGE_CURVE('',#1132,#1133,#163,.T.);
#1384=EDGE_CURVE('',#1133,#1134,#656,.T.);
#1385=EDGE_CURVE('',#1134,#1130,#164,.T.);
#1386=EDGE_CURVE('',#1130,#1129,#33,.T.);
#1387=EDGE_CURVE('',#1128,#1131,#34,.T.);
#1388=EDGE_CURVE('',#1126,#1134,#35,.T.);
#1389=EDGE_CURVE('',#1133,#1127,#36,.T.);
#1390=EDGE_CURVE('',#1135,#1134,#657,.T.);
#1391=EDGE_CURVE('',#1135,#1136,#165,.T.);
#1392=EDGE_CURVE('',#1136,#1137,#166,.T.);
#1393=EDGE_CURVE('',#1137,#1138,#167,.T.);
#1394=EDGE_CURVE('',#1130,#1138,#658,.T.);
#1395=EDGE_CURVE('',#1132,#1139,#659,.T.);
#1396=EDGE_CURVE('',#1139,#1139,#168,.T.);
#1397=EDGE_CURVE('',#1140,#1141,#660,.T.);
#1398=EDGE_CURVE('',#1141,#1142,#37,.T.);
#1399=EDGE_CURVE('',#1142,#1143,#661,.T.);
#1400=EDGE_CURVE('',#1143,#1140,#38,.T.);
#1401=EDGE_CURVE('',#1144,#1145,#662,.T.);
#1402=EDGE_CURVE('',#1145,#1146,#169,.T.);
#1403=EDGE_CURVE('',#1146,#1147,#170,.T.);
#1404=EDGE_CURVE('',#1147,#1148,#663,.T.);
#1405=EDGE_CURVE('',#1148,#1144,#171,.T.);
#1406=EDGE_CURVE('',#1144,#1143,#39,.T.);
#1407=EDGE_CURVE('',#1142,#1145,#40,.T.);
#1408=EDGE_CURVE('',#1140,#1148,#41,.T.);
#1409=EDGE_CURVE('',#1147,#1141,#42,.T.);
#1410=EDGE_CURVE('',#1149,#1148,#664,.T.);
#1411=EDGE_CURVE('',#1149,#1150,#172,.T.);
#1412=EDGE_CURVE('',#1150,#1151,#173,.T.);
#1413=EDGE_CURVE('',#1151,#1152,#174,.T.);
#1414=EDGE_CURVE('',#1144,#1152,#665,.T.);
#1415=EDGE_CURVE('',#1146,#1153,#666,.T.);
#1416=EDGE_CURVE('',#1153,#1153,#175,.T.);
#1417=EDGE_CURVE('',#1154,#1155,#667,.T.);
#1418=EDGE_CURVE('',#1155,#1156,#43,.T.);
#1419=EDGE_CURVE('',#1156,#1157,#44,.T.);
#1420=EDGE_CURVE('',#1157,#1158,#668,.T.);
#1421=EDGE_CURVE('',#1158,#1154,#45,.T.);
#1422=EDGE_CURVE('',#1159,#1160,#669,.T.);
#1423=EDGE_CURVE('',#1160,#1161,#176,.T.);
#1424=EDGE_CURVE('',#1161,#1162,#670,.T.);
#1425=EDGE_CURVE('',#1162,#1159,#177,.T.);
#1426=EDGE_CURVE('',#1159,#1158,#46,.T.);
#1427=EDGE_CURVE('',#1157,#1160,#47,.T.);
#1428=EDGE_CURVE('',#1154,#1162,#48,.T.);
#1429=EDGE_CURVE('',#1161,#1155,#49,.T.);
#1430=EDGE_CURVE('',#1163,#1162,#671,.T.);
#1431=EDGE_CURVE('',#1163,#1164,#178,.T.);
#1432=EDGE_CURVE('',#1164,#1165,#179,.T.);
#1433=EDGE_CURVE('',#1165,#1166,#180,.T.);
#1434=EDGE_CURVE('',#1159,#1166,#672,.T.);
#1435=EDGE_CURVE('',#1156,#1167,#673,.T.);
#1436=EDGE_CURVE('',#1167,#1167,#181,.T.);
#1437=EDGE_CURVE('',#1168,#1169,#674,.T.);
#1438=EDGE_CURVE('',#1169,#1170,#50,.T.);
#1439=EDGE_CURVE('',#1170,#1171,#51,.T.);
#1440=EDGE_CURVE('',#1171,#1172,#675,.T.);
#1441=EDGE_CURVE('',#1172,#1168,#52,.T.);
#1442=EDGE_CURVE('',#1173,#1174,#676,.T.);
#1443=EDGE_CURVE('',#1174,#1175,#182,.T.);
#1444=EDGE_CURVE('',#1175,#1176,#677,.T.);
#1445=EDGE_CURVE('',#1176,#1173,#183,.T.);
#1446=EDGE_CURVE('',#1173,#1172,#53,.T.);
#1447=EDGE_CURVE('',#1171,#1174,#54,.T.);
#1448=EDGE_CURVE('',#1168,#1176,#55,.T.);
#1449=EDGE_CURVE('',#1175,#1169,#56,.T.);
#1450=EDGE_CURVE('',#1177,#1176,#678,.T.);
#1451=EDGE_CURVE('',#1177,#1178,#184,.T.);
#1452=EDGE_CURVE('',#1178,#1179,#185,.T.);
#1453=EDGE_CURVE('',#1179,#1180,#186,.T.);
#1454=EDGE_CURVE('',#1173,#1180,#679,.T.);
#1455=EDGE_CURVE('',#1170,#1181,#680,.T.);
#1456=EDGE_CURVE('',#1181,#1181,#187,.T.);
#1457=EDGE_CURVE('',#1180,#1182,#57,.T.);
#1458=EDGE_CURVE('',#1182,#1183,#681,.T.);
#1459=EDGE_CURVE('',#1183,#1177,#58,.T.);
#1460=EDGE_CURVE('',#1166,#1184,#59,.T.);
#1461=EDGE_CURVE('',#1184,#1185,#682,.T.);
#1462=EDGE_CURVE('',#1185,#1163,#60,.T.);
#1463=EDGE_CURVE('',#1138,#1186,#61,.T.);
#1464=EDGE_CURVE('',#1186,#1187,#683,.T.);
#1465=EDGE_CURVE('',#1187,#1135,#62,.T.);
#1466=EDGE_CURVE('',#1152,#1188,#63,.T.);
#1467=EDGE_CURVE('',#1188,#1189,#684,.T.);
#1468=EDGE_CURVE('',#1189,#1149,#64,.T.);
#1469=EDGE_CURVE('',#1118,#1190,#685,.T.);
#1470=EDGE_CURVE('',#1190,#1122,#686,.T.);
#1471=EDGE_CURVE('',#1191,#1120,#687,.T.);
#1472=EDGE_CURVE('',#1121,#1191,#688,.T.);
#1473=EDGE_CURVE('',#1123,#1192,#689,.T.);
#1474=EDGE_CURVE('',#1192,#1191,#690,.T.);
#1475=EDGE_CURVE('',#1193,#1194,#691,.T.);
#1476=EDGE_CURVE('',#1193,#1121,#692,.T.);
#1477=EDGE_CURVE('',#1191,#1194,#693,.T.);
#1478=EDGE_CURVE('',#1195,#1118,#694,.T.);
#1479=EDGE_CURVE('',#1196,#1195,#695,.T.);
#1480=EDGE_CURVE('',#1196,#1190,#696,.T.);
#1481=EDGE_CURVE('',#1193,#1197,#697,.T.);
#1482=EDGE_CURVE('',#1197,#1198,#698,.T.);
#1483=EDGE_CURVE('',#1198,#1199,#699,.T.);
#1484=EDGE_CURVE('',#1199,#1200,#700,.T.);
#1485=EDGE_CURVE('',#1200,#1201,#701,.T.);
#1486=EDGE_CURVE('',#1202,#1201,#702,.T.);
#1487=EDGE_CURVE('',#1195,#1202,#703,.T.);
#1488=EDGE_CURVE('',#1203,#1203,#188,.T.);
#1489=EDGE_CURVE('',#1204,#1204,#189,.T.);
#1490=EDGE_CURVE('',#1205,#1205,#190,.T.);
#1491=EDGE_CURVE('',#1206,#1206,#191,.T.);
#1492=EDGE_CURVE('',#1207,#1207,#192,.T.);
#1493=EDGE_CURVE('',#1208,#1208,#193,.T.);
#1494=EDGE_CURVE('',#1209,#1209,#194,.T.);
#1495=EDGE_CURVE('',#1210,#1210,#195,.T.);
#1496=EDGE_CURVE('',#1211,#1212,#704,.T.);
#1497=EDGE_CURVE('',#1213,#1211,#705,.T.);
#1498=EDGE_CURVE('',#1212,#1213,#706,.T.);
#1499=EDGE_CURVE('',#1214,#1215,#707,.T.);
#1500=EDGE_CURVE('',#1215,#1213,#708,.T.);
#1501=EDGE_CURVE('',#1211,#1214,#709,.T.);
#1502=EDGE_CURVE('',#1216,#1217,#710,.T.);
#1503=EDGE_CURVE('',#1217,#1196,#711,.T.);
#1504=EDGE_CURVE('',#1195,#1216,#712,.T.);
#1505=EDGE_CURVE('',#1218,#1219,#713,.T.);
#1506=EDGE_CURVE('',#1202,#1218,#714,.T.);
#1507=EDGE_CURVE('',#1219,#1202,#715,.T.);
#1508=EDGE_CURVE('',#1218,#1216,#716,.T.);
#1509=EDGE_CURVE('',#1201,#1220,#717,.T.);
#1510=EDGE_CURVE('',#1220,#1219,#718,.T.);
#1511=EDGE_CURVE('',#1221,#1218,#719,.T.);
#1512=EDGE_CURVE('',#1219,#1222,#720,.T.);
#1513=EDGE_CURVE('',#1222,#1221,#721,.T.);
#1514=EDGE_CURVE('',#1222,#1212,#722,.T.);
#1515=EDGE_CURVE('',#1213,#1221,#723,.T.);
#1516=EDGE_CURVE('',#1223,#1224,#724,.T.);
#1517=EDGE_CURVE('',#1224,#1211,#725,.T.);
#1518=EDGE_CURVE('',#1212,#1223,#726,.T.);
#1519=EDGE_CURVE('',#1215,#1217,#727,.T.);
#1520=EDGE_CURVE('',#1192,#1214,#728,.T.);
#1521=EDGE_CURVE('',#1224,#1225,#729,.T.);
#1522=EDGE_CURVE('',#1225,#1226,#730,.T.);
#1523=EDGE_CURVE('',#1226,#1194,#731,.T.);
#1524=EDGE_CURVE('',#1227,#1228,#732,.T.);
#1525=EDGE_CURVE('',#1228,#1229,#733,.T.);
#1526=EDGE_CURVE('',#1229,#1230,#734,.T.);
#1527=EDGE_CURVE('',#1230,#1227,#735,.T.);
#1528=EDGE_CURVE('',#1231,#1232,#736,.T.);
#1529=EDGE_CURVE('',#1232,#1233,#737,.T.);
#1530=EDGE_CURVE('',#1233,#1234,#738,.T.);
#1531=EDGE_CURVE('',#1234,#1231,#739,.T.);
#1532=EDGE_CURVE('',#1231,#1235,#196,.T.);
#1533=EDGE_CURVE('',#1235,#1236,#740,.T.);
#1534=EDGE_CURVE('',#1236,#1232,#197,.T.);
#1535=EDGE_CURVE('',#1237,#1238,#741,.T.);
#1536=EDGE_CURVE('',#1238,#1236,#742,.T.);
#1537=EDGE_CURVE('',#1235,#1237,#743,.T.);
#1538=EDGE_CURVE('',#1237,#1239,#198,.T.);
#1539=EDGE_CURVE('',#1239,#1240,#744,.T.);
#1540=EDGE_CURVE('',#1240,#1238,#199,.T.);
#1541=EDGE_CURVE('',#1241,#1242,#745,.T.);
#1542=EDGE_CURVE('',#1242,#1240,#746,.T.);
#1543=EDGE_CURVE('',#1239,#1241,#747,.T.);
#1544=EDGE_CURVE('',#1241,#1243,#200,.T.);
#1545=EDGE_CURVE('',#1243,#1244,#748,.T.);
#1546=EDGE_CURVE('',#1244,#1242,#201,.T.);
#1547=EDGE_CURVE('',#1245,#1246,#749,.T.);
#1548=EDGE_CURVE('',#1246,#1244,#750,.T.);
#1549=EDGE_CURVE('',#1243,#1245,#751,.T.);
#1550=EDGE_CURVE('',#1245,#1234,#202,.T.);
#1551=EDGE_CURVE('',#1233,#1246,#203,.T.);
#1552=EDGE_CURVE('',#1237,#1247,#752,.T.);
#1553=EDGE_CURVE('',#1247,#1248,#204,.T.);
#1554=EDGE_CURVE('',#1248,#1239,#753,.T.);
#1555=EDGE_CURVE('',#1249,#1235,#754,.T.);
#1556=EDGE_CURVE('',#1247,#1249,#755,.T.);
#1557=EDGE_CURVE('',#1231,#1250,#756,.T.);
#1558=EDGE_CURVE('',#1250,#1249,#205,.T.);
#1559=EDGE_CURVE('',#1186,#1251,#757,.T.);
#1560=EDGE_CURVE('',#1250,#1251,#758,.T.);
#1561=EDGE_CURVE('',#1252,#1234,#759,.T.);
#1562=EDGE_CURVE('',#1253,#1252,#760,.T.);
#1563=EDGE_CURVE('',#1189,#1253,#761,.T.);
#1564=EDGE_CURVE('',#1188,#1254,#762,.T.);
#1565=EDGE_CURVE('',#1255,#1254,#763,.T.);
#1566=EDGE_CURVE('',#1187,#1255,#764,.T.);
#1567=EDGE_CURVE('',#1256,#1251,#206,.T.);
#1568=EDGE_CURVE('',#1256,#1257,#207,.T.);
#1569=EDGE_CURVE('',#1255,#1257,#208,.T.);
#1570=EDGE_CURVE('',#1258,#1254,#209,.T.);
#1571=EDGE_CURVE('',#1258,#1259,#210,.T.);
#1572=EDGE_CURVE('',#1253,#1259,#211,.T.);
#1573=EDGE_CURVE('',#1260,#1252,#212,.T.);
#1574=EDGE_CURVE('',#1260,#1261,#765,.T.);
#1575=EDGE_CURVE('',#1262,#1261,#213,.T.);
#1576=EDGE_CURVE('',#1262,#1263,#766,.T.);
#1577=EDGE_CURVE('',#1264,#1263,#214,.T.);
#1578=EDGE_CURVE('',#1264,#1265,#215,.T.);
#1579=EDGE_CURVE('',#1266,#1265,#216,.T.);
#1580=EDGE_CURVE('',#1266,#1267,#767,.T.);
#1581=EDGE_CURVE('',#1268,#1267,#217,.T.);
#1582=EDGE_CURVE('',#1268,#1269,#218,.T.);
#1583=EDGE_CURVE('',#1270,#1269,#219,.T.);
#1584=EDGE_CURVE('',#1270,#1248,#768,.T.);
#1585=EDGE_CURVE('',#1271,#1271,#220,.T.);
#1586=EDGE_CURVE('',#1272,#1272,#221,.T.);
#1587=EDGE_CURVE('',#1273,#1273,#222,.T.);
#1588=EDGE_CURVE('',#1274,#1274,#223,.T.);
#1589=EDGE_CURVE('',#1241,#1262,#769,.T.);
#1590=EDGE_CURVE('',#1261,#1243,#770,.T.);
#1591=EDGE_CURVE('',#1245,#1260,#771,.T.);
#1592=EDGE_CURVE('',#1275,#1276,#772,.T.);
#1593=EDGE_CURVE('',#1276,#1277,#224,.T.);
#1594=EDGE_CURVE('',#1277,#1278,#773,.T.);
#1595=EDGE_CURVE('',#1278,#1279,#225,.T.);
#1596=EDGE_CURVE('',#1279,#1280,#774,.T.);
#1597=EDGE_CURVE('',#1280,#1281,#226,.T.);
#1598=EDGE_CURVE('',#1281,#1282,#775,.T.);
#1599=EDGE_CURVE('',#1282,#1275,#227,.T.);
#1600=EDGE_CURVE('',#1283,#1283,#228,.T.);
#1601=EDGE_CURVE('',#1284,#1284,#229,.T.);
#1602=EDGE_CURVE('',#1285,#1285,#230,.T.);
#1603=EDGE_CURVE('',#1286,#1286,#231,.T.);
#1604=EDGE_CURVE('',#1285,#1271,#776,.T.);
#1605=EDGE_CURVE('',#1265,#1164,#777,.T.);
#1606=EDGE_CURVE('',#1185,#1266,#778,.T.);
#1607=EDGE_CURVE('',#1184,#1263,#779,.T.);
#1608=EDGE_CURVE('',#1264,#1165,#780,.T.);
#1609=EDGE_CURVE('',#1284,#1272,#781,.T.);
#1610=EDGE_CURVE('',#1259,#1150,#782,.T.);
#1611=EDGE_CURVE('',#1258,#1151,#783,.T.);
#1612=EDGE_CURVE('',#1283,#1273,#784,.T.);
#1613=EDGE_CURVE('',#1269,#1178,#785,.T.);
#1614=EDGE_CURVE('',#1183,#1270,#786,.T.);
#1615=EDGE_CURVE('',#1182,#1267,#787,.T.);
#1616=EDGE_CURVE('',#1268,#1179,#788,.T.);
#1617=EDGE_CURVE('',#1286,#1274,#789,.T.);
#1618=EDGE_CURVE('',#1257,#1136,#790,.T.);
#1619=EDGE_CURVE('',#1256,#1137,#791,.T.);
#1620=EDGE_CURVE('',#1210,#1287,#792,.T.);
#1621=EDGE_CURVE('',#1287,#1287,#232,.T.);
#1622=EDGE_CURVE('',#1288,#1288,#233,.T.);
#1623=EDGE_CURVE('',#1288,#1287,#793,.T.);
#1624=EDGE_CURVE('',#1203,#1289,#794,.T.);
#1625=EDGE_CURVE('',#1289,#1289,#234,.T.);
#1626=EDGE_CURVE('',#1290,#1290,#235,.T.);
#1627=EDGE_CURVE('',#1290,#1289,#795,.T.);
#1628=EDGE_CURVE('',#1209,#1291,#796,.T.);
#1629=EDGE_CURVE('',#1291,#1291,#236,.T.);
#1630=EDGE_CURVE('',#1292,#1292,#237,.T.);
#1631=EDGE_CURVE('',#1292,#1291,#797,.T.);
#1632=EDGE_CURVE('',#1204,#1293,#798,.T.);
#1633=EDGE_CURVE('',#1293,#1293,#238,.T.);
#1634=EDGE_CURVE('',#1294,#1294,#239,.T.);
#1635=EDGE_CURVE('',#1294,#1293,#799,.T.);
#1636=EDGE_CURVE('',#1208,#1295,#800,.T.);
#1637=EDGE_CURVE('',#1295,#1295,#240,.T.);
#1638=EDGE_CURVE('',#1296,#1296,#241,.T.);
#1639=EDGE_CURVE('',#1296,#1295,#801,.T.);
#1640=EDGE_CURVE('',#1205,#1297,#802,.T.);
#1641=EDGE_CURVE('',#1297,#1297,#242,.T.);
#1642=EDGE_CURVE('',#1298,#1298,#243,.T.);
#1643=EDGE_CURVE('',#1298,#1297,#803,.T.);
#1644=EDGE_CURVE('',#1207,#1299,#804,.T.);
#1645=EDGE_CURVE('',#1299,#1299,#244,.T.);
#1646=EDGE_CURVE('',#1300,#1300,#245,.T.);
#1647=EDGE_CURVE('',#1300,#1299,#805,.T.);
#1648=EDGE_CURVE('',#1206,#1301,#806,.T.);
#1649=EDGE_CURVE('',#1301,#1301,#246,.T.);
#1650=EDGE_CURVE('',#1302,#1302,#247,.T.);
#1651=EDGE_CURVE('',#1302,#1301,#807,.T.);
#1652=EDGE_CURVE('',#1303,#1303,#248,.T.);
#1653=EDGE_CURVE('',#1303,#1304,#808,.T.);
#1654=EDGE_CURVE('',#1304,#1304,#249,.T.);
#1655=EDGE_CURVE('',#1305,#1305,#250,.T.);
#1656=EDGE_CURVE('',#1305,#1306,#809,.T.);
#1657=EDGE_CURVE('',#1306,#1306,#251,.T.);
#1658=EDGE_CURVE('',#1307,#1307,#252,.T.);
#1659=EDGE_CURVE('',#1307,#1308,#810,.T.);
#1660=EDGE_CURVE('',#1308,#1308,#253,.T.);
#1661=EDGE_CURVE('',#1309,#1309,#254,.T.);
#1662=EDGE_CURVE('',#1309,#1310,#811,.T.);
#1663=EDGE_CURVE('',#1310,#1310,#255,.T.);
#1664=EDGE_CURVE('',#1311,#1311,#256,.T.);
#1665=EDGE_CURVE('',#1311,#1312,#812,.T.);
#1666=EDGE_CURVE('',#1312,#1312,#257,.T.);
#1667=EDGE_CURVE('',#1313,#1313,#258,.T.);
#1668=EDGE_CURVE('',#1313,#1314,#813,.T.);
#1669=EDGE_CURVE('',#1314,#1314,#259,.T.);
#1670=EDGE_CURVE('',#1315,#1315,#260,.T.);
#1671=EDGE_CURVE('',#1315,#1316,#814,.T.);
#1672=EDGE_CURVE('',#1316,#1316,#261,.T.);
#1673=EDGE_CURVE('',#1317,#1317,#262,.T.);
#1674=EDGE_CURVE('',#1317,#1318,#815,.T.);
#1675=EDGE_CURVE('',#1318,#1318,#263,.T.);
#1676=EDGE_CURVE('',#1319,#1320,#816,.T.);
#1677=EDGE_CURVE('',#1319,#1280,#817,.T.);
#1678=EDGE_CURVE('',#1320,#1279,#818,.T.);
#1679=EDGE_CURVE('',#1320,#1321,#264,.T.);
#1680=EDGE_CURVE('',#1321,#1278,#819,.T.);
#1681=EDGE_CURVE('',#1321,#1322,#820,.T.);
#1682=EDGE_CURVE('',#1322,#1277,#821,.T.);
#1683=EDGE_CURVE('',#1322,#1323,#265,.T.);
#1684=EDGE_CURVE('',#1323,#1276,#822,.T.);
#1685=EDGE_CURVE('',#1323,#1324,#823,.T.);
#1686=EDGE_CURVE('',#1324,#1275,#824,.T.);
#1687=EDGE_CURVE('',#1324,#1325,#266,.T.);
#1688=EDGE_CURVE('',#1325,#1282,#825,.T.);
#1689=EDGE_CURVE('',#1325,#1326,#826,.T.);
#1690=EDGE_CURVE('',#1326,#1281,#827,.T.);
#1691=EDGE_CURVE('',#1326,#1319,#267,.T.);
#1692=EDGE_CURVE('',#1227,#1327,#828,.T.);
#1693=EDGE_CURVE('',#1327,#1328,#829,.T.);
#1694=EDGE_CURVE('',#1228,#1328,#830,.T.);
#1695=EDGE_CURVE('',#1230,#1329,#831,.T.);
#1696=EDGE_CURVE('',#1329,#1327,#832,.T.);
#1697=EDGE_CURVE('',#1229,#1330,#833,.T.);
#1698=EDGE_CURVE('',#1330,#1329,#834,.T.);
#1699=EDGE_CURVE('',#1328,#1330,#835,.T.);
#1700=EDGE_CURVE('',#1331,#1331,#268,.T.);
#1701=EDGE_CURVE('',#1331,#1332,#836,.T.);
#1702=EDGE_CURVE('',#1332,#1332,#269,.T.);
#1703=EDGE_CURVE('',#1333,#1333,#270,.T.);
#1704=EDGE_CURVE('',#1333,#1334,#837,.T.);
#1705=EDGE_CURVE('',#1334,#1334,#271,.T.);
#1706=EDGE_CURVE('',#1335,#1336,#838,.T.);
#1707=EDGE_CURVE('',#1337,#1335,#839,.T.);
#1708=EDGE_CURVE('',#1337,#1338,#840,.T.);
#1709=EDGE_CURVE('',#1339,#1338,#841,.T.);
#1710=EDGE_CURVE('',#1336,#1339,#842,.T.);
#1711=EDGE_CURVE('',#1340,#1338,#843,.T.);
#1712=EDGE_CURVE('',#1341,#1337,#844,.T.);
#1713=EDGE_CURVE('',#1340,#1341,#845,.T.);
#1714=EDGE_CURVE('',#1342,#1343,#846,.T.);
#1715=EDGE_CURVE('',#1226,#1343,#847,.T.);
#1716=EDGE_CURVE('',#1342,#1225,#848,.T.);
#1717=EDGE_CURVE('',#1344,#1223,#849,.T.);
#1718=EDGE_CURVE('',#1345,#1344,#850,.T.);
#1719=EDGE_CURVE('',#1342,#1345,#851,.T.);
#1720=EDGE_CURVE('',#1220,#1341,#852,.T.);
#1721=EDGE_CURVE('',#1222,#1335,#853,.T.);
#1722=EDGE_CURVE('',#1339,#1346,#854,.T.);
#1723=EDGE_CURVE('',#1346,#1347,#855,.T.);
#1724=EDGE_CURVE('',#1336,#1347,#856,.T.);
#1725=EDGE_CURVE('',#1197,#1343,#857,.T.);
#1726=EDGE_CURVE('',#1347,#1348,#858,.T.);
#1727=EDGE_CURVE('',#1348,#1344,#859,.T.);
#1728=EDGE_CURVE('',#1349,#1348,#860,.T.);
#1729=EDGE_CURVE('',#1345,#1349,#861,.T.);
#1730=EDGE_CURVE('',#1349,#1346,#862,.T.);
#1731=EDGE_CURVE('',#1338,#1350,#863,.T.);
#1732=EDGE_CURVE('',#1350,#1351,#864,.T.);
#1733=EDGE_CURVE('',#1351,#1342,#865,.T.);
#1734=EDGE_CURVE('',#1198,#1351,#866,.T.);
#1735=EDGE_CURVE('',#1199,#1350,#867,.T.);
#1736=EDGE_CURVE('',#1200,#1340,#868,.T.);
#1737=ORIENTED_EDGE('',*,*,#1352,.F.);
#1738=ORIENTED_EDGE('',*,*,#1353,.F.);
#1739=ORIENTED_EDGE('',*,*,#1354,.T.);
#1740=ORIENTED_EDGE('',*,*,#1355,.T.);
#1741=ORIENTED_EDGE('',*,*,#1356,.F.);
#1742=ORIENTED_EDGE('',*,*,#1357,.F.);
#1743=ORIENTED_EDGE('',*,*,#1354,.F.);
#1744=ORIENTED_EDGE('',*,*,#1358,.F.);
#1745=ORIENTED_EDGE('',*,*,#1359,.F.);
#1746=ORIENTED_EDGE('',*,*,#1360,.F.);
#1747=ORIENTED_EDGE('',*,*,#1361,.F.);
#1748=ORIENTED_EDGE('',*,*,#1362,.F.);
#1749=ORIENTED_EDGE('',*,*,#1359,.T.);
#1750=ORIENTED_EDGE('',*,*,#1363,.T.);
#1751=ORIENTED_EDGE('',*,*,#1364,.F.);
#1752=ORIENTED_EDGE('',*,*,#1363,.F.);
#1753=ORIENTED_EDGE('',*,*,#1358,.T.);
#1754=ORIENTED_EDGE('',*,*,#1353,.T.);
#1755=ORIENTED_EDGE('',*,*,#1361,.T.);
#1756=ORIENTED_EDGE('',*,*,#1365,.T.);
#1757=ORIENTED_EDGE('',*,*,#1366,.F.);
#1758=ORIENTED_EDGE('',*,*,#1367,.T.);
#1759=ORIENTED_EDGE('',*,*,#1356,.T.);
#1760=ORIENTED_EDGE('',*,*,#1368,.T.);
#1761=ORIENTED_EDGE('',*,*,#1369,.T.);
#1762=ORIENTED_EDGE('',*,*,#1370,.T.);
#1763=ORIENTED_EDGE('',*,*,#1367,.F.);
#1764=ORIENTED_EDGE('',*,*,#1371,.F.);
#1765=ORIENTED_EDGE('',*,*,#1372,.T.);
#1766=ORIENTED_EDGE('',*,*,#1373,.F.);
#1767=ORIENTED_EDGE('',*,*,#1368,.F.);
#1768=ORIENTED_EDGE('',*,*,#1355,.F.);
#1769=ORIENTED_EDGE('',*,*,#1357,.T.);
#1770=ORIENTED_EDGE('',*,*,#1362,.T.);
#1771=ORIENTED_EDGE('',*,*,#1374,.T.);
#1772=ORIENTED_EDGE('',*,*,#1375,.F.);
#1773=ORIENTED_EDGE('',*,*,#1376,.T.);
#1774=ORIENTED_EDGE('',*,*,#1374,.F.);
#1775=ORIENTED_EDGE('',*,*,#1376,.F.);
#1776=ORIENTED_EDGE('',*,*,#1377,.T.);
#1777=ORIENTED_EDGE('',*,*,#1378,.T.);
#1778=ORIENTED_EDGE('',*,*,#1379,.T.);
#1779=ORIENTED_EDGE('',*,*,#1380,.T.);
#1780=ORIENTED_EDGE('',*,*,#1381,.T.);
#1781=ORIENTED_EDGE('',*,*,#1382,.T.);
#1782=ORIENTED_EDGE('',*,*,#1383,.T.);
#1783=ORIENTED_EDGE('',*,*,#1384,.T.);
#1784=ORIENTED_EDGE('',*,*,#1385,.T.);
#1785=ORIENTED_EDGE('',*,*,#1381,.F.);
#1786=ORIENTED_EDGE('',*,*,#1386,.T.);
#1787=ORIENTED_EDGE('',*,*,#1379,.F.);
#1788=ORIENTED_EDGE('',*,*,#1387,.T.);
#1789=ORIENTED_EDGE('',*,*,#1377,.F.);
#1790=ORIENTED_EDGE('',*,*,#1388,.T.);
#1791=ORIENTED_EDGE('',*,*,#1384,.F.);
#1792=ORIENTED_EDGE('',*,*,#1389,.T.);
#1793=ORIENTED_EDGE('',*,*,#1385,.F.);
#1794=ORIENTED_EDGE('',*,*,#1390,.F.);
#1795=ORIENTED_EDGE('',*,*,#1391,.T.);
#1796=ORIENTED_EDGE('',*,*,#1392,.T.);
#1797=ORIENTED_EDGE('',*,*,#1393,.T.);
#1798=ORIENTED_EDGE('',*,*,#1394,.F.);
#1799=ORIENTED_EDGE('',*,*,#1382,.F.);
#1800=ORIENTED_EDGE('',*,*,#1387,.F.);
#1801=ORIENTED_EDGE('',*,*,#1378,.F.);
#1802=ORIENTED_EDGE('',*,*,#1389,.F.);
#1803=ORIENTED_EDGE('',*,*,#1383,.F.);
#1804=ORIENTED_EDGE('',*,*,#1395,.T.);
#1805=ORIENTED_EDGE('',*,*,#1396,.T.);
#1806=ORIENTED_EDGE('',*,*,#1395,.F.);
#1807=ORIENTED_EDGE('',*,*,#1397,.T.);
#1808=ORIENTED_EDGE('',*,*,#1398,.T.);
#1809=ORIENTED_EDGE('',*,*,#1399,.T.);
#1810=ORIENTED_EDGE('',*,*,#1400,.T.);
#1811=ORIENTED_EDGE('',*,*,#1401,.T.);
#1812=ORIENTED_EDGE('',*,*,#1402,.T.);
#1813=ORIENTED_EDGE('',*,*,#1403,.T.);
#1814=ORIENTED_EDGE('',*,*,#1404,.T.);
#1815=ORIENTED_EDGE('',*,*,#1405,.T.);
#1816=ORIENTED_EDGE('',*,*,#1401,.F.);
#1817=ORIENTED_EDGE('',*,*,#1406,.T.);
#1818=ORIENTED_EDGE('',*,*,#1399,.F.);
#1819=ORIENTED_EDGE('',*,*,#1407,.T.);
#1820=ORIENTED_EDGE('',*,*,#1397,.F.);
#1821=ORIENTED_EDGE('',*,*,#1408,.T.);
#1822=ORIENTED_EDGE('',*,*,#1404,.F.);
#1823=ORIENTED_EDGE('',*,*,#1409,.T.);
#1824=ORIENTED_EDGE('',*,*,#1405,.F.);
#1825=ORIENTED_EDGE('',*,*,#1410,.F.);
#1826=ORIENTED_EDGE('',*,*,#1411,.T.);
#1827=ORIENTED_EDGE('',*,*,#1412,.T.);
#1828=ORIENTED_EDGE('',*,*,#1413,.T.);
#1829=ORIENTED_EDGE('',*,*,#1414,.F.);
#1830=ORIENTED_EDGE('',*,*,#1402,.F.);
#1831=ORIENTED_EDGE('',*,*,#1407,.F.);
#1832=ORIENTED_EDGE('',*,*,#1398,.F.);
#1833=ORIENTED_EDGE('',*,*,#1409,.F.);
#1834=ORIENTED_EDGE('',*,*,#1403,.F.);
#1835=ORIENTED_EDGE('',*,*,#1415,.T.);
#1836=ORIENTED_EDGE('',*,*,#1416,.T.);
#1837=ORIENTED_EDGE('',*,*,#1415,.F.);
#1838=ORIENTED_EDGE('',*,*,#1417,.T.);
#1839=ORIENTED_EDGE('',*,*,#1418,.T.);
#1840=ORIENTED_EDGE('',*,*,#1419,.T.);
#1841=ORIENTED_EDGE('',*,*,#1420,.T.);
#1842=ORIENTED_EDGE('',*,*,#1421,.T.);
#1843=ORIENTED_EDGE('',*,*,#1422,.T.);
#1844=ORIENTED_EDGE('',*,*,#1423,.T.);
#1845=ORIENTED_EDGE('',*,*,#1424,.T.);
#1846=ORIENTED_EDGE('',*,*,#1425,.T.);
#1847=ORIENTED_EDGE('',*,*,#1422,.F.);
#1848=ORIENTED_EDGE('',*,*,#1426,.T.);
#1849=ORIENTED_EDGE('',*,*,#1420,.F.);
#1850=ORIENTED_EDGE('',*,*,#1427,.T.);
#1851=ORIENTED_EDGE('',*,*,#1417,.F.);
#1852=ORIENTED_EDGE('',*,*,#1428,.T.);
#1853=ORIENTED_EDGE('',*,*,#1424,.F.);
#1854=ORIENTED_EDGE('',*,*,#1429,.T.);
#1855=ORIENTED_EDGE('',*,*,#1425,.F.);
#1856=ORIENTED_EDGE('',*,*,#1430,.F.);
#1857=ORIENTED_EDGE('',*,*,#1431,.T.);
#1858=ORIENTED_EDGE('',*,*,#1432,.T.);
#1859=ORIENTED_EDGE('',*,*,#1433,.T.);
#1860=ORIENTED_EDGE('',*,*,#1434,.F.);
#1861=ORIENTED_EDGE('',*,*,#1423,.F.);
#1862=ORIENTED_EDGE('',*,*,#1427,.F.);
#1863=ORIENTED_EDGE('',*,*,#1419,.F.);
#1864=ORIENTED_EDGE('',*,*,#1435,.T.);
#1865=ORIENTED_EDGE('',*,*,#1436,.T.);
#1866=ORIENTED_EDGE('',*,*,#1435,.F.);
#1867=ORIENTED_EDGE('',*,*,#1418,.F.);
#1868=ORIENTED_EDGE('',*,*,#1429,.F.);
#1869=ORIENTED_EDGE('',*,*,#1437,.T.);
#1870=ORIENTED_EDGE('',*,*,#1438,.T.);
#1871=ORIENTED_EDGE('',*,*,#1439,.T.);
#1872=ORIENTED_EDGE('',*,*,#1440,.T.);
#1873=ORIENTED_EDGE('',*,*,#1441,.T.);
#1874=ORIENTED_EDGE('',*,*,#1442,.T.);
#1875=ORIENTED_EDGE('',*,*,#1443,.T.);
#1876=ORIENTED_EDGE('',*,*,#1444,.T.);
#1877=ORIENTED_EDGE('',*,*,#1445,.T.);
#1878=ORIENTED_EDGE('',*,*,#1442,.F.);
#1879=ORIENTED_EDGE('',*,*,#1446,.T.);
#1880=ORIENTED_EDGE('',*,*,#1440,.F.);
#1881=ORIENTED_EDGE('',*,*,#1447,.T.);
#1882=ORIENTED_EDGE('',*,*,#1437,.F.);
#1883=ORIENTED_EDGE('',*,*,#1448,.T.);
#1884=ORIENTED_EDGE('',*,*,#1444,.F.);
#1885=ORIENTED_EDGE('',*,*,#1449,.T.);
#1886=ORIENTED_EDGE('',*,*,#1445,.F.);
#1887=ORIENTED_EDGE('',*,*,#1450,.F.);
#1888=ORIENTED_EDGE('',*,*,#1451,.T.);
#1889=ORIENTED_EDGE('',*,*,#1452,.T.);
#1890=ORIENTED_EDGE('',*,*,#1453,.T.);
#1891=ORIENTED_EDGE('',*,*,#1454,.F.);
#1892=ORIENTED_EDGE('',*,*,#1443,.F.);
#1893=ORIENTED_EDGE('',*,*,#1447,.F.);
#1894=ORIENTED_EDGE('',*,*,#1439,.F.);
#1895=ORIENTED_EDGE('',*,*,#1455,.T.);
#1896=ORIENTED_EDGE('',*,*,#1456,.T.);
#1897=ORIENTED_EDGE('',*,*,#1455,.F.);
#1898=ORIENTED_EDGE('',*,*,#1438,.F.);
#1899=ORIENTED_EDGE('',*,*,#1449,.F.);
#1900=ORIENTED_EDGE('',*,*,#1446,.F.);
#1901=ORIENTED_EDGE('',*,*,#1454,.T.);
#1902=ORIENTED_EDGE('',*,*,#1457,.T.);
#1903=ORIENTED_EDGE('',*,*,#1458,.T.);
#1904=ORIENTED_EDGE('',*,*,#1459,.T.);
#1905=ORIENTED_EDGE('',*,*,#1450,.T.);
#1906=ORIENTED_EDGE('',*,*,#1448,.F.);
#1907=ORIENTED_EDGE('',*,*,#1441,.F.);
#1908=ORIENTED_EDGE('',*,*,#1426,.F.);
#1909=ORIENTED_EDGE('',*,*,#1434,.T.);
#1910=ORIENTED_EDGE('',*,*,#1460,.T.);
#1911=ORIENTED_EDGE('',*,*,#1461,.T.);
#1912=ORIENTED_EDGE('',*,*,#1462,.T.);
#1913=ORIENTED_EDGE('',*,*,#1430,.T.);
#1914=ORIENTED_EDGE('',*,*,#1428,.F.);
#1915=ORIENTED_EDGE('',*,*,#1421,.F.);
#1916=ORIENTED_EDGE('',*,*,#1386,.F.);
#1917=ORIENTED_EDGE('',*,*,#1394,.T.);
#1918=ORIENTED_EDGE('',*,*,#1463,.T.);
#1919=ORIENTED_EDGE('',*,*,#1464,.T.);
#1920=ORIENTED_EDGE('',*,*,#1465,.T.);
#1921=ORIENTED_EDGE('',*,*,#1390,.T.);
#1922=ORIENTED_EDGE('',*,*,#1388,.F.);
#1923=ORIENTED_EDGE('',*,*,#1380,.F.);
#1924=ORIENTED_EDGE('',*,*,#1406,.F.);
#1925=ORIENTED_EDGE('',*,*,#1414,.T.);
#1926=ORIENTED_EDGE('',*,*,#1466,.T.);
#1927=ORIENTED_EDGE('',*,*,#1467,.T.);
#1928=ORIENTED_EDGE('',*,*,#1468,.T.);
#1929=ORIENTED_EDGE('',*,*,#1410,.T.);
#1930=ORIENTED_EDGE('',*,*,#1408,.F.);
#1931=ORIENTED_EDGE('',*,*,#1400,.F.);
#1932=ORIENTED_EDGE('',*,*,#1469,.T.);
#1933=ORIENTED_EDGE('',*,*,#1470,.T.);
#1934=ORIENTED_EDGE('',*,*,#1371,.T.);
#1935=ORIENTED_EDGE('',*,*,#1366,.T.);
#1936=ORIENTED_EDGE('',*,*,#1369,.F.);
#1937=ORIENTED_EDGE('',*,*,#1471,.F.);
#1938=ORIENTED_EDGE('',*,*,#1472,.F.);
#1939=ORIENTED_EDGE('',*,*,#1473,.T.);
#1940=ORIENTED_EDGE('',*,*,#1474,.T.);
#1941=ORIENTED_EDGE('',*,*,#1471,.T.);
#1942=ORIENTED_EDGE('',*,*,#1373,.T.);
#1943=ORIENTED_EDGE('',*,*,#1475,.F.);
#1944=ORIENTED_EDGE('',*,*,#1476,.T.);
#1945=ORIENTED_EDGE('',*,*,#1472,.T.);
#1946=ORIENTED_EDGE('',*,*,#1477,.T.);
#1947=ORIENTED_EDGE('',*,*,#1469,.F.);
#1948=ORIENTED_EDGE('',*,*,#1478,.F.);
#1949=ORIENTED_EDGE('',*,*,#1479,.F.);
#1950=ORIENTED_EDGE('',*,*,#1480,.T.);
#1951=ORIENTED_EDGE('',*,*,#1352,.T.);
#1952=ORIENTED_EDGE('',*,*,#1370,.F.);
#1953=ORIENTED_EDGE('',*,*,#1476,.F.);
#1954=ORIENTED_EDGE('',*,*,#1481,.T.);
#1955=ORIENTED_EDGE('',*,*,#1482,.T.);
#1956=ORIENTED_EDGE('',*,*,#1483,.T.);
#1957=ORIENTED_EDGE('',*,*,#1484,.T.);
#1958=ORIENTED_EDGE('',*,*,#1485,.T.);
#1959=ORIENTED_EDGE('',*,*,#1486,.F.);
#1960=ORIENTED_EDGE('',*,*,#1487,.F.);
#1961=ORIENTED_EDGE('',*,*,#1478,.T.);
#1962=ORIENTED_EDGE('',*,*,#1365,.F.);
#1963=ORIENTED_EDGE('',*,*,#1360,.T.);
#1964=ORIENTED_EDGE('',*,*,#1364,.T.);
#1965=ORIENTED_EDGE('',*,*,#1488,.F.);
#1966=ORIENTED_EDGE('',*,*,#1489,.F.);
#1967=ORIENTED_EDGE('',*,*,#1490,.F.);
#1968=ORIENTED_EDGE('',*,*,#1491,.F.);
#1969=ORIENTED_EDGE('',*,*,#1492,.F.);
#1970=ORIENTED_EDGE('',*,*,#1493,.F.);
#1971=ORIENTED_EDGE('',*,*,#1494,.F.);
#1972=ORIENTED_EDGE('',*,*,#1495,.F.);
#1973=ORIENTED_EDGE('',*,*,#1496,.F.);
#1974=ORIENTED_EDGE('',*,*,#1497,.F.);
#1975=ORIENTED_EDGE('',*,*,#1498,.F.);
#1976=ORIENTED_EDGE('',*,*,#1499,.T.);
#1977=ORIENTED_EDGE('',*,*,#1500,.T.);
#1978=ORIENTED_EDGE('',*,*,#1497,.T.);
#1979=ORIENTED_EDGE('',*,*,#1501,.T.);
#1980=ORIENTED_EDGE('',*,*,#1502,.T.);
#1981=ORIENTED_EDGE('',*,*,#1503,.T.);
#1982=ORIENTED_EDGE('',*,*,#1479,.T.);
#1983=ORIENTED_EDGE('',*,*,#1504,.T.);
#1984=ORIENTED_EDGE('',*,*,#1505,.F.);
#1985=ORIENTED_EDGE('',*,*,#1506,.F.);
#1986=ORIENTED_EDGE('',*,*,#1507,.F.);
#1987=ORIENTED_EDGE('',*,*,#1487,.T.);
#1988=ORIENTED_EDGE('',*,*,#1506,.T.);
#1989=ORIENTED_EDGE('',*,*,#1508,.T.);
#1990=ORIENTED_EDGE('',*,*,#1504,.F.);
#1991=ORIENTED_EDGE('',*,*,#1509,.T.);
#1992=ORIENTED_EDGE('',*,*,#1510,.T.);
#1993=ORIENTED_EDGE('',*,*,#1507,.T.);
#1994=ORIENTED_EDGE('',*,*,#1486,.T.);
#1995=ORIENTED_EDGE('',*,*,#1511,.T.);
#1996=ORIENTED_EDGE('',*,*,#1505,.T.);
#1997=ORIENTED_EDGE('',*,*,#1512,.T.);
#1998=ORIENTED_EDGE('',*,*,#1513,.T.);
#1999=ORIENTED_EDGE('',*,*,#1514,.T.);
#2000=ORIENTED_EDGE('',*,*,#1498,.T.);
#2001=ORIENTED_EDGE('',*,*,#1515,.T.);
#2002=ORIENTED_EDGE('',*,*,#1513,.F.);
#2003=ORIENTED_EDGE('',*,*,#1516,.T.);
#2004=ORIENTED_EDGE('',*,*,#1517,.T.);
#2005=ORIENTED_EDGE('',*,*,#1496,.T.);
#2006=ORIENTED_EDGE('',*,*,#1518,.T.);
#2007=ORIENTED_EDGE('',*,*,#1502,.F.);
#2008=ORIENTED_EDGE('',*,*,#1508,.F.);
#2009=ORIENTED_EDGE('',*,*,#1511,.F.);
#2010=ORIENTED_EDGE('',*,*,#1515,.F.);
#2011=ORIENTED_EDGE('',*,*,#1500,.F.);
#2012=ORIENTED_EDGE('',*,*,#1519,.T.);
#2013=ORIENTED_EDGE('',*,*,#1474,.F.);
#2014=ORIENTED_EDGE('',*,*,#1520,.T.);
#2015=ORIENTED_EDGE('',*,*,#1501,.F.);
#2016=ORIENTED_EDGE('',*,*,#1517,.F.);
#2017=ORIENTED_EDGE('',*,*,#1521,.T.);
#2018=ORIENTED_EDGE('',*,*,#1522,.T.);
#2019=ORIENTED_EDGE('',*,*,#1523,.T.);
#2020=ORIENTED_EDGE('',*,*,#1477,.F.);
#2021=ORIENTED_EDGE('',*,*,#1524,.T.);
#2022=ORIENTED_EDGE('',*,*,#1525,.T.);
#2023=ORIENTED_EDGE('',*,*,#1526,.T.);
#2024=ORIENTED_EDGE('',*,*,#1527,.T.);
#2025=ORIENTED_EDGE('',*,*,#1528,.T.);
#2026=ORIENTED_EDGE('',*,*,#1529,.T.);
#2027=ORIENTED_EDGE('',*,*,#1530,.T.);
#2028=ORIENTED_EDGE('',*,*,#1531,.T.);
#2029=ORIENTED_EDGE('',*,*,#1528,.F.);
#2030=ORIENTED_EDGE('',*,*,#1532,.T.);
#2031=ORIENTED_EDGE('',*,*,#1533,.T.);
#2032=ORIENTED_EDGE('',*,*,#1534,.T.);
#2033=ORIENTED_EDGE('',*,*,#1535,.T.);
#2034=ORIENTED_EDGE('',*,*,#1536,.T.);
#2035=ORIENTED_EDGE('',*,*,#1533,.F.);
#2036=ORIENTED_EDGE('',*,*,#1537,.T.);
#2037=ORIENTED_EDGE('',*,*,#1535,.F.);
#2038=ORIENTED_EDGE('',*,*,#1538,.T.);
#2039=ORIENTED_EDGE('',*,*,#1539,.T.);
#2040=ORIENTED_EDGE('',*,*,#1540,.T.);
#2041=ORIENTED_EDGE('',*,*,#1541,.T.);
#2042=ORIENTED_EDGE('',*,*,#1542,.T.);
#2043=ORIENTED_EDGE('',*,*,#1539,.F.);
#2044=ORIENTED_EDGE('',*,*,#1543,.T.);
#2045=ORIENTED_EDGE('',*,*,#1541,.F.);
#2046=ORIENTED_EDGE('',*,*,#1544,.T.);
#2047=ORIENTED_EDGE('',*,*,#1545,.T.);
#2048=ORIENTED_EDGE('',*,*,#1546,.T.);
#2049=ORIENTED_EDGE('',*,*,#1547,.T.);
#2050=ORIENTED_EDGE('',*,*,#1548,.T.);
#2051=ORIENTED_EDGE('',*,*,#1545,.F.);
#2052=ORIENTED_EDGE('',*,*,#1549,.T.);
#2053=ORIENTED_EDGE('',*,*,#1547,.F.);
#2054=ORIENTED_EDGE('',*,*,#1550,.T.);
#2055=ORIENTED_EDGE('',*,*,#1530,.F.);
#2056=ORIENTED_EDGE('',*,*,#1551,.T.);
#2057=ORIENTED_EDGE('',*,*,#1538,.F.);
#2058=ORIENTED_EDGE('',*,*,#1552,.T.);
#2059=ORIENTED_EDGE('',*,*,#1553,.T.);
#2060=ORIENTED_EDGE('',*,*,#1554,.T.);
#2061=ORIENTED_EDGE('',*,*,#1537,.F.);
#2062=ORIENTED_EDGE('',*,*,#1555,.F.);
#2063=ORIENTED_EDGE('',*,*,#1556,.F.);
#2064=ORIENTED_EDGE('',*,*,#1552,.F.);
#2065=ORIENTED_EDGE('',*,*,#1532,.F.);
#2066=ORIENTED_EDGE('',*,*,#1557,.T.);
#2067=ORIENTED_EDGE('',*,*,#1558,.T.);
#2068=ORIENTED_EDGE('',*,*,#1555,.T.);
#2069=ORIENTED_EDGE('',*,*,#1559,.T.);
#2070=ORIENTED_EDGE('',*,*,#1560,.F.);
#2071=ORIENTED_EDGE('',*,*,#1557,.F.);
#2072=ORIENTED_EDGE('',*,*,#1531,.F.);
#2073=ORIENTED_EDGE('',*,*,#1561,.F.);
#2074=ORIENTED_EDGE('',*,*,#1562,.F.);
#2075=ORIENTED_EDGE('',*,*,#1563,.F.);
#2076=ORIENTED_EDGE('',*,*,#1467,.F.);
#2077=ORIENTED_EDGE('',*,*,#1564,.T.);
#2078=ORIENTED_EDGE('',*,*,#1565,.F.);
#2079=ORIENTED_EDGE('',*,*,#1566,.F.);
#2080=ORIENTED_EDGE('',*,*,#1464,.F.);
#2081=ORIENTED_EDGE('',*,*,#1375,.T.);
#2082=ORIENTED_EDGE('',*,*,#1529,.F.);
#2083=ORIENTED_EDGE('',*,*,#1534,.F.);
#2084=ORIENTED_EDGE('',*,*,#1536,.F.);
#2085=ORIENTED_EDGE('',*,*,#1540,.F.);
#2086=ORIENTED_EDGE('',*,*,#1542,.F.);
#2087=ORIENTED_EDGE('',*,*,#1546,.F.);
#2088=ORIENTED_EDGE('',*,*,#1548,.F.);
#2089=ORIENTED_EDGE('',*,*,#1551,.F.);
#2090=ORIENTED_EDGE('',*,*,#1553,.F.);
#2091=ORIENTED_EDGE('',*,*,#1556,.T.);
#2092=ORIENTED_EDGE('',*,*,#1558,.F.);
#2093=ORIENTED_EDGE('',*,*,#1560,.T.);
#2094=ORIENTED_EDGE('',*,*,#1567,.F.);
#2095=ORIENTED_EDGE('',*,*,#1568,.T.);
#2096=ORIENTED_EDGE('',*,*,#1569,.F.);
#2097=ORIENTED_EDGE('',*,*,#1565,.T.);
#2098=ORIENTED_EDGE('',*,*,#1570,.F.);
#2099=ORIENTED_EDGE('',*,*,#1571,.T.);
#2100=ORIENTED_EDGE('',*,*,#1572,.F.);
#2101=ORIENTED_EDGE('',*,*,#1562,.T.);
#2102=ORIENTED_EDGE('',*,*,#1573,.F.);
#2103=ORIENTED_EDGE('',*,*,#1574,.T.);
#2104=ORIENTED_EDGE('',*,*,#1575,.F.);
#2105=ORIENTED_EDGE('',*,*,#1576,.T.);
#2106=ORIENTED_EDGE('',*,*,#1577,.F.);
#2107=ORIENTED_EDGE('',*,*,#1578,.T.);
#2108=ORIENTED_EDGE('',*,*,#1579,.F.);
#2109=ORIENTED_EDGE('',*,*,#1580,.T.);
#2110=ORIENTED_EDGE('',*,*,#1581,.F.);
#2111=ORIENTED_EDGE('',*,*,#1582,.T.);
#2112=ORIENTED_EDGE('',*,*,#1583,.F.);
#2113=ORIENTED_EDGE('',*,*,#1584,.T.);
#2114=ORIENTED_EDGE('',*,*,#1585,.T.);
#2115=ORIENTED_EDGE('',*,*,#1586,.T.);
#2116=ORIENTED_EDGE('',*,*,#1587,.T.);
#2117=ORIENTED_EDGE('',*,*,#1588,.T.);
#2118=ORIENTED_EDGE('',*,*,#1372,.F.);
#2119=ORIENTED_EDGE('',*,*,#1470,.F.);
#2120=ORIENTED_EDGE('',*,*,#1480,.F.);
#2121=ORIENTED_EDGE('',*,*,#1503,.F.);
#2122=ORIENTED_EDGE('',*,*,#1519,.F.);
#2123=ORIENTED_EDGE('',*,*,#1499,.F.);
#2124=ORIENTED_EDGE('',*,*,#1520,.F.);
#2125=ORIENTED_EDGE('',*,*,#1473,.F.);
#2126=ORIENTED_EDGE('',*,*,#1544,.F.);
#2127=ORIENTED_EDGE('',*,*,#1589,.T.);
#2128=ORIENTED_EDGE('',*,*,#1575,.T.);
#2129=ORIENTED_EDGE('',*,*,#1590,.T.);
#2130=ORIENTED_EDGE('',*,*,#1549,.F.);
#2131=ORIENTED_EDGE('',*,*,#1590,.F.);
#2132=ORIENTED_EDGE('',*,*,#1574,.F.);
#2133=ORIENTED_EDGE('',*,*,#1591,.F.);
#2134=ORIENTED_EDGE('',*,*,#1592,.T.);
#2135=ORIENTED_EDGE('',*,*,#1593,.T.);
#2136=ORIENTED_EDGE('',*,*,#1594,.T.);
#2137=ORIENTED_EDGE('',*,*,#1595,.T.);
#2138=ORIENTED_EDGE('',*,*,#1596,.T.);
#2139=ORIENTED_EDGE('',*,*,#1597,.T.);
#2140=ORIENTED_EDGE('',*,*,#1598,.T.);
#2141=ORIENTED_EDGE('',*,*,#1599,.T.);
#2142=ORIENTED_EDGE('',*,*,#1550,.F.);
#2143=ORIENTED_EDGE('',*,*,#1591,.T.);
#2144=ORIENTED_EDGE('',*,*,#1573,.T.);
#2145=ORIENTED_EDGE('',*,*,#1561,.T.);
#2146=ORIENTED_EDGE('',*,*,#1456,.F.);
#2147=ORIENTED_EDGE('',*,*,#1600,.F.);
#2148=ORIENTED_EDGE('',*,*,#1416,.F.);
#2149=ORIENTED_EDGE('',*,*,#1601,.F.);
#2150=ORIENTED_EDGE('',*,*,#1436,.F.);
#2151=ORIENTED_EDGE('',*,*,#1602,.F.);
#2152=ORIENTED_EDGE('',*,*,#1396,.F.);
#2153=ORIENTED_EDGE('',*,*,#1603,.F.);
#2154=ORIENTED_EDGE('',*,*,#1602,.T.);
#2155=ORIENTED_EDGE('',*,*,#1604,.T.);
#2156=ORIENTED_EDGE('',*,*,#1585,.F.);
#2157=ORIENTED_EDGE('',*,*,#1604,.F.);
#2158=ORIENTED_EDGE('',*,*,#1579,.T.);
#2159=ORIENTED_EDGE('',*,*,#1605,.T.);
#2160=ORIENTED_EDGE('',*,*,#1431,.F.);
#2161=ORIENTED_EDGE('',*,*,#1462,.F.);
#2162=ORIENTED_EDGE('',*,*,#1606,.T.);
#2163=ORIENTED_EDGE('',*,*,#1577,.T.);
#2164=ORIENTED_EDGE('',*,*,#1607,.F.);
#2165=ORIENTED_EDGE('',*,*,#1460,.F.);
#2166=ORIENTED_EDGE('',*,*,#1433,.F.);
#2167=ORIENTED_EDGE('',*,*,#1608,.F.);
#2168=ORIENTED_EDGE('',*,*,#1578,.F.);
#2169=ORIENTED_EDGE('',*,*,#1608,.T.);
#2170=ORIENTED_EDGE('',*,*,#1432,.F.);
#2171=ORIENTED_EDGE('',*,*,#1605,.F.);
#2172=ORIENTED_EDGE('',*,*,#1601,.T.);
#2173=ORIENTED_EDGE('',*,*,#1609,.T.);
#2174=ORIENTED_EDGE('',*,*,#1586,.F.);
#2175=ORIENTED_EDGE('',*,*,#1609,.F.);
#2176=ORIENTED_EDGE('',*,*,#1572,.T.);
#2177=ORIENTED_EDGE('',*,*,#1610,.T.);
#2178=ORIENTED_EDGE('',*,*,#1411,.F.);
#2179=ORIENTED_EDGE('',*,*,#1468,.F.);
#2180=ORIENTED_EDGE('',*,*,#1563,.T.);
#2181=ORIENTED_EDGE('',*,*,#1570,.T.);
#2182=ORIENTED_EDGE('',*,*,#1564,.F.);
#2183=ORIENTED_EDGE('',*,*,#1466,.F.);
#2184=ORIENTED_EDGE('',*,*,#1413,.F.);
#2185=ORIENTED_EDGE('',*,*,#1611,.F.);
#2186=ORIENTED_EDGE('',*,*,#1571,.F.);
#2187=ORIENTED_EDGE('',*,*,#1611,.T.);
#2188=ORIENTED_EDGE('',*,*,#1412,.F.);
#2189=ORIENTED_EDGE('',*,*,#1610,.F.);
#2190=ORIENTED_EDGE('',*,*,#1600,.T.);
#2191=ORIENTED_EDGE('',*,*,#1612,.T.);
#2192=ORIENTED_EDGE('',*,*,#1587,.F.);
#2193=ORIENTED_EDGE('',*,*,#1612,.F.);
#2194=ORIENTED_EDGE('',*,*,#1583,.T.);
#2195=ORIENTED_EDGE('',*,*,#1613,.T.);
#2196=ORIENTED_EDGE('',*,*,#1451,.F.);
#2197=ORIENTED_EDGE('',*,*,#1459,.F.);
#2198=ORIENTED_EDGE('',*,*,#1614,.T.);
#2199=ORIENTED_EDGE('',*,*,#1581,.T.);
#2200=ORIENTED_EDGE('',*,*,#1615,.F.);
#2201=ORIENTED_EDGE('',*,*,#1457,.F.);
#2202=ORIENTED_EDGE('',*,*,#1453,.F.);
#2203=ORIENTED_EDGE('',*,*,#1616,.F.);
#2204=ORIENTED_EDGE('',*,*,#1582,.F.);
#2205=ORIENTED_EDGE('',*,*,#1616,.T.);
#2206=ORIENTED_EDGE('',*,*,#1452,.F.);
#2207=ORIENTED_EDGE('',*,*,#1613,.F.);
#2208=ORIENTED_EDGE('',*,*,#1603,.T.);
#2209=ORIENTED_EDGE('',*,*,#1617,.T.);
#2210=ORIENTED_EDGE('',*,*,#1588,.F.);
#2211=ORIENTED_EDGE('',*,*,#1617,.F.);
#2212=ORIENTED_EDGE('',*,*,#1569,.T.);
#2213=ORIENTED_EDGE('',*,*,#1618,.T.);
#2214=ORIENTED_EDGE('',*,*,#1391,.F.);
#2215=ORIENTED_EDGE('',*,*,#1465,.F.);
#2216=ORIENTED_EDGE('',*,*,#1566,.T.);
#2217=ORIENTED_EDGE('',*,*,#1567,.T.);
#2218=ORIENTED_EDGE('',*,*,#1559,.F.);
#2219=ORIENTED_EDGE('',*,*,#1463,.F.);
#2220=ORIENTED_EDGE('',*,*,#1393,.F.);
#2221=ORIENTED_EDGE('',*,*,#1619,.F.);
#2222=ORIENTED_EDGE('',*,*,#1568,.F.);
#2223=ORIENTED_EDGE('',*,*,#1619,.T.);
#2224=ORIENTED_EDGE('',*,*,#1392,.F.);
#2225=ORIENTED_EDGE('',*,*,#1618,.F.);
#2226=ORIENTED_EDGE('',*,*,#1495,.T.);
#2227=ORIENTED_EDGE('',*,*,#1620,.T.);
#2228=ORIENTED_EDGE('',*,*,#1621,.T.);
#2229=ORIENTED_EDGE('',*,*,#1620,.F.);
#2230=ORIENTED_EDGE('',*,*,#1622,.F.);
#2231=ORIENTED_EDGE('',*,*,#1623,.T.);
#2232=ORIENTED_EDGE('',*,*,#1621,.F.);
#2233=ORIENTED_EDGE('',*,*,#1623,.F.);
#2234=ORIENTED_EDGE('',*,*,#1488,.T.);
#2235=ORIENTED_EDGE('',*,*,#1624,.T.);
#2236=ORIENTED_EDGE('',*,*,#1625,.T.);
#2237=ORIENTED_EDGE('',*,*,#1624,.F.);
#2238=ORIENTED_EDGE('',*,*,#1626,.F.);
#2239=ORIENTED_EDGE('',*,*,#1627,.T.);
#2240=ORIENTED_EDGE('',*,*,#1625,.F.);
#2241=ORIENTED_EDGE('',*,*,#1627,.F.);
#2242=ORIENTED_EDGE('',*,*,#1494,.T.);
#2243=ORIENTED_EDGE('',*,*,#1628,.T.);
#2244=ORIENTED_EDGE('',*,*,#1629,.T.);
#2245=ORIENTED_EDGE('',*,*,#1628,.F.);
#2246=ORIENTED_EDGE('',*,*,#1630,.F.);
#2247=ORIENTED_EDGE('',*,*,#1631,.T.);
#2248=ORIENTED_EDGE('',*,*,#1629,.F.);
#2249=ORIENTED_EDGE('',*,*,#1631,.F.);
#2250=ORIENTED_EDGE('',*,*,#1489,.T.);
#2251=ORIENTED_EDGE('',*,*,#1632,.T.);
#2252=ORIENTED_EDGE('',*,*,#1633,.T.);
#2253=ORIENTED_EDGE('',*,*,#1632,.F.);
#2254=ORIENTED_EDGE('',*,*,#1634,.F.);
#2255=ORIENTED_EDGE('',*,*,#1635,.T.);
#2256=ORIENTED_EDGE('',*,*,#1633,.F.);
#2257=ORIENTED_EDGE('',*,*,#1635,.F.);
#2258=ORIENTED_EDGE('',*,*,#1493,.T.);
#2259=ORIENTED_EDGE('',*,*,#1636,.T.);
#2260=ORIENTED_EDGE('',*,*,#1637,.T.);
#2261=ORIENTED_EDGE('',*,*,#1636,.F.);
#2262=ORIENTED_EDGE('',*,*,#1638,.F.);
#2263=ORIENTED_EDGE('',*,*,#1639,.T.);
#2264=ORIENTED_EDGE('',*,*,#1637,.F.);
#2265=ORIENTED_EDGE('',*,*,#1639,.F.);
#2266=ORIENTED_EDGE('',*,*,#1490,.T.);
#2267=ORIENTED_EDGE('',*,*,#1640,.T.);
#2268=ORIENTED_EDGE('',*,*,#1641,.T.);
#2269=ORIENTED_EDGE('',*,*,#1640,.F.);
#2270=ORIENTED_EDGE('',*,*,#1642,.F.);
#2271=ORIENTED_EDGE('',*,*,#1643,.T.);
#2272=ORIENTED_EDGE('',*,*,#1641,.F.);
#2273=ORIENTED_EDGE('',*,*,#1643,.F.);
#2274=ORIENTED_EDGE('',*,*,#1492,.T.);
#2275=ORIENTED_EDGE('',*,*,#1644,.T.);
#2276=ORIENTED_EDGE('',*,*,#1645,.T.);
#2277=ORIENTED_EDGE('',*,*,#1644,.F.);
#2278=ORIENTED_EDGE('',*,*,#1646,.F.);
#2279=ORIENTED_EDGE('',*,*,#1647,.T.);
#2280=ORIENTED_EDGE('',*,*,#1645,.F.);
#2281=ORIENTED_EDGE('',*,*,#1647,.F.);
#2282=ORIENTED_EDGE('',*,*,#1491,.T.);
#2283=ORIENTED_EDGE('',*,*,#1648,.T.);
#2284=ORIENTED_EDGE('',*,*,#1649,.T.);
#2285=ORIENTED_EDGE('',*,*,#1648,.F.);
#2286=ORIENTED_EDGE('',*,*,#1650,.F.);
#2287=ORIENTED_EDGE('',*,*,#1651,.T.);
#2288=ORIENTED_EDGE('',*,*,#1649,.F.);
#2289=ORIENTED_EDGE('',*,*,#1651,.F.);
#2290=ORIENTED_EDGE('',*,*,#1652,.F.);
#2291=ORIENTED_EDGE('',*,*,#1653,.T.);
#2292=ORIENTED_EDGE('',*,*,#1654,.F.);
#2293=ORIENTED_EDGE('',*,*,#1653,.F.);
#2294=ORIENTED_EDGE('',*,*,#1626,.T.);
#2295=ORIENTED_EDGE('',*,*,#1652,.T.);
#2296=ORIENTED_EDGE('',*,*,#1654,.T.);
#2297=ORIENTED_EDGE('',*,*,#1655,.F.);
#2298=ORIENTED_EDGE('',*,*,#1656,.T.);
#2299=ORIENTED_EDGE('',*,*,#1657,.F.);
#2300=ORIENTED_EDGE('',*,*,#1656,.F.);
#2301=ORIENTED_EDGE('',*,*,#1630,.T.);
#2302=ORIENTED_EDGE('',*,*,#1655,.T.);
#2303=ORIENTED_EDGE('',*,*,#1657,.T.);
#2304=ORIENTED_EDGE('',*,*,#1658,.F.);
#2305=ORIENTED_EDGE('',*,*,#1659,.T.);
#2306=ORIENTED_EDGE('',*,*,#1660,.F.);
#2307=ORIENTED_EDGE('',*,*,#1659,.F.);
#2308=ORIENTED_EDGE('',*,*,#1622,.T.);
#2309=ORIENTED_EDGE('',*,*,#1658,.T.);
#2310=ORIENTED_EDGE('',*,*,#1660,.T.);
#2311=ORIENTED_EDGE('',*,*,#1661,.F.);
#2312=ORIENTED_EDGE('',*,*,#1662,.T.);
#2313=ORIENTED_EDGE('',*,*,#1663,.F.);
#2314=ORIENTED_EDGE('',*,*,#1662,.F.);
#2315=ORIENTED_EDGE('',*,*,#1634,.T.);
#2316=ORIENTED_EDGE('',*,*,#1661,.T.);
#2317=ORIENTED_EDGE('',*,*,#1664,.F.);
#2318=ORIENTED_EDGE('',*,*,#1665,.T.);
#2319=ORIENTED_EDGE('',*,*,#1666,.F.);
#2320=ORIENTED_EDGE('',*,*,#1665,.F.);
#2321=ORIENTED_EDGE('',*,*,#1638,.T.);
#2322=ORIENTED_EDGE('',*,*,#1664,.T.);
#2323=ORIENTED_EDGE('',*,*,#1663,.T.);
#2324=ORIENTED_EDGE('',*,*,#1667,.F.);
#2325=ORIENTED_EDGE('',*,*,#1668,.T.);
#2326=ORIENTED_EDGE('',*,*,#1669,.F.);
#2327=ORIENTED_EDGE('',*,*,#1668,.F.);
#2328=ORIENTED_EDGE('',*,*,#1642,.T.);
#2329=ORIENTED_EDGE('',*,*,#1667,.T.);
#2330=ORIENTED_EDGE('',*,*,#1666,.T.);
#2331=ORIENTED_EDGE('',*,*,#1670,.F.);
#2332=ORIENTED_EDGE('',*,*,#1671,.T.);
#2333=ORIENTED_EDGE('',*,*,#1672,.F.);
#2334=ORIENTED_EDGE('',*,*,#1671,.F.);
#2335=ORIENTED_EDGE('',*,*,#1646,.T.);
#2336=ORIENTED_EDGE('',*,*,#1670,.T.);
#2337=ORIENTED_EDGE('',*,*,#1669,.T.);
#2338=ORIENTED_EDGE('',*,*,#1673,.F.);
#2339=ORIENTED_EDGE('',*,*,#1674,.T.);
#2340=ORIENTED_EDGE('',*,*,#1675,.F.);
#2341=ORIENTED_EDGE('',*,*,#1674,.F.);
#2342=ORIENTED_EDGE('',*,*,#1650,.T.);
#2343=ORIENTED_EDGE('',*,*,#1673,.T.);
#2344=ORIENTED_EDGE('',*,*,#1672,.T.);
#2345=ORIENTED_EDGE('',*,*,#1676,.F.);
#2346=ORIENTED_EDGE('',*,*,#1677,.T.);
#2347=ORIENTED_EDGE('',*,*,#1596,.F.);
#2348=ORIENTED_EDGE('',*,*,#1678,.F.);
#2349=ORIENTED_EDGE('',*,*,#1679,.F.);
#2350=ORIENTED_EDGE('',*,*,#1678,.T.);
#2351=ORIENTED_EDGE('',*,*,#1595,.F.);
#2352=ORIENTED_EDGE('',*,*,#1680,.F.);
#2353=ORIENTED_EDGE('',*,*,#1681,.F.);
#2354=ORIENTED_EDGE('',*,*,#1680,.T.);
#2355=ORIENTED_EDGE('',*,*,#1594,.F.);
#2356=ORIENTED_EDGE('',*,*,#1682,.F.);
#2357=ORIENTED_EDGE('',*,*,#1683,.F.);
#2358=ORIENTED_EDGE('',*,*,#1682,.T.);
#2359=ORIENTED_EDGE('',*,*,#1593,.F.);
#2360=ORIENTED_EDGE('',*,*,#1684,.F.);
#2361=ORIENTED_EDGE('',*,*,#1685,.F.);
#2362=ORIENTED_EDGE('',*,*,#1684,.T.);
#2363=ORIENTED_EDGE('',*,*,#1592,.F.);
#2364=ORIENTED_EDGE('',*,*,#1686,.F.);
#2365=ORIENTED_EDGE('',*,*,#1687,.F.);
#2366=ORIENTED_EDGE('',*,*,#1686,.T.);
#2367=ORIENTED_EDGE('',*,*,#1599,.F.);
#2368=ORIENTED_EDGE('',*,*,#1688,.F.);
#2369=ORIENTED_EDGE('',*,*,#1689,.F.);
#2370=ORIENTED_EDGE('',*,*,#1688,.T.);
#2371=ORIENTED_EDGE('',*,*,#1598,.F.);
#2372=ORIENTED_EDGE('',*,*,#1690,.F.);
#2373=ORIENTED_EDGE('',*,*,#1691,.F.);
#2374=ORIENTED_EDGE('',*,*,#1690,.T.);
#2375=ORIENTED_EDGE('',*,*,#1597,.F.);
#2376=ORIENTED_EDGE('',*,*,#1677,.F.);
#2377=ORIENTED_EDGE('',*,*,#1524,.F.);
#2378=ORIENTED_EDGE('',*,*,#1692,.T.);
#2379=ORIENTED_EDGE('',*,*,#1693,.T.);
#2380=ORIENTED_EDGE('',*,*,#1694,.F.);
#2381=ORIENTED_EDGE('',*,*,#1527,.F.);
#2382=ORIENTED_EDGE('',*,*,#1695,.T.);
#2383=ORIENTED_EDGE('',*,*,#1696,.T.);
#2384=ORIENTED_EDGE('',*,*,#1692,.F.);
#2385=ORIENTED_EDGE('',*,*,#1526,.F.);
#2386=ORIENTED_EDGE('',*,*,#1697,.T.);
#2387=ORIENTED_EDGE('',*,*,#1698,.T.);
#2388=ORIENTED_EDGE('',*,*,#1695,.F.);
#2389=ORIENTED_EDGE('',*,*,#1525,.F.);
#2390=ORIENTED_EDGE('',*,*,#1694,.T.);
#2391=ORIENTED_EDGE('',*,*,#1699,.T.);
#2392=ORIENTED_EDGE('',*,*,#1697,.F.);
#2393=ORIENTED_EDGE('',*,*,#1699,.F.);
#2394=ORIENTED_EDGE('',*,*,#1693,.F.);
#2395=ORIENTED_EDGE('',*,*,#1696,.F.);
#2396=ORIENTED_EDGE('',*,*,#1698,.F.);
#2397=ORIENTED_EDGE('',*,*,#1685,.T.);
#2398=ORIENTED_EDGE('',*,*,#1687,.T.);
#2399=ORIENTED_EDGE('',*,*,#1689,.T.);
#2400=ORIENTED_EDGE('',*,*,#1691,.T.);
#2401=ORIENTED_EDGE('',*,*,#1676,.T.);
#2402=ORIENTED_EDGE('',*,*,#1679,.T.);
#2403=ORIENTED_EDGE('',*,*,#1681,.T.);
#2404=ORIENTED_EDGE('',*,*,#1683,.T.);
#2405=ORIENTED_EDGE('',*,*,#1700,.F.);
#2406=ORIENTED_EDGE('',*,*,#1701,.T.);
#2407=ORIENTED_EDGE('',*,*,#1702,.T.);
#2408=ORIENTED_EDGE('',*,*,#1701,.F.);
#2409=ORIENTED_EDGE('',*,*,#1702,.F.);
#2410=ORIENTED_EDGE('',*,*,#1703,.F.);
#2411=ORIENTED_EDGE('',*,*,#1704,.T.);
#2412=ORIENTED_EDGE('',*,*,#1705,.T.);
#2413=ORIENTED_EDGE('',*,*,#1704,.F.);
#2414=ORIENTED_EDGE('',*,*,#1705,.F.);
#2415=ORIENTED_EDGE('',*,*,#1706,.F.);
#2416=ORIENTED_EDGE('',*,*,#1707,.F.);
#2417=ORIENTED_EDGE('',*,*,#1708,.T.);
#2418=ORIENTED_EDGE('',*,*,#1709,.F.);
#2419=ORIENTED_EDGE('',*,*,#1710,.F.);
#2420=ORIENTED_EDGE('',*,*,#1711,.T.);
#2421=ORIENTED_EDGE('',*,*,#1708,.F.);
#2422=ORIENTED_EDGE('',*,*,#1712,.F.);
#2423=ORIENTED_EDGE('',*,*,#1713,.F.);
#2424=ORIENTED_EDGE('',*,*,#1700,.T.);
#2425=ORIENTED_EDGE('',*,*,#1714,.T.);
#2426=ORIENTED_EDGE('',*,*,#1715,.F.);
#2427=ORIENTED_EDGE('',*,*,#1522,.F.);
#2428=ORIENTED_EDGE('',*,*,#1716,.F.);
#2429=ORIENTED_EDGE('',*,*,#1703,.T.);
#2430=ORIENTED_EDGE('',*,*,#1717,.F.);
#2431=ORIENTED_EDGE('',*,*,#1718,.F.);
#2432=ORIENTED_EDGE('',*,*,#1719,.F.);
#2433=ORIENTED_EDGE('',*,*,#1716,.T.);
#2434=ORIENTED_EDGE('',*,*,#1521,.F.);
#2435=ORIENTED_EDGE('',*,*,#1516,.F.);
#2436=ORIENTED_EDGE('',*,*,#1510,.F.);
#2437=ORIENTED_EDGE('',*,*,#1720,.T.);
#2438=ORIENTED_EDGE('',*,*,#1712,.T.);
#2439=ORIENTED_EDGE('',*,*,#1707,.T.);
#2440=ORIENTED_EDGE('',*,*,#1721,.F.);
#2441=ORIENTED_EDGE('',*,*,#1512,.F.);
#2442=ORIENTED_EDGE('',*,*,#1710,.T.);
#2443=ORIENTED_EDGE('',*,*,#1722,.T.);
#2444=ORIENTED_EDGE('',*,*,#1723,.T.);
#2445=ORIENTED_EDGE('',*,*,#1724,.F.);
#2446=ORIENTED_EDGE('',*,*,#1475,.T.);
#2447=ORIENTED_EDGE('',*,*,#1523,.F.);
#2448=ORIENTED_EDGE('',*,*,#1715,.T.);
#2449=ORIENTED_EDGE('',*,*,#1725,.F.);
#2450=ORIENTED_EDGE('',*,*,#1481,.F.);
#2451=ORIENTED_EDGE('',*,*,#1514,.F.);
#2452=ORIENTED_EDGE('',*,*,#1721,.T.);
#2453=ORIENTED_EDGE('',*,*,#1706,.T.);
#2454=ORIENTED_EDGE('',*,*,#1724,.T.);
#2455=ORIENTED_EDGE('',*,*,#1726,.T.);
#2456=ORIENTED_EDGE('',*,*,#1727,.T.);
#2457=ORIENTED_EDGE('',*,*,#1717,.T.);
#2458=ORIENTED_EDGE('',*,*,#1518,.F.);
#2459=ORIENTED_EDGE('',*,*,#1718,.T.);
#2460=ORIENTED_EDGE('',*,*,#1727,.F.);
#2461=ORIENTED_EDGE('',*,*,#1728,.F.);
#2462=ORIENTED_EDGE('',*,*,#1729,.F.);
#2463=ORIENTED_EDGE('',*,*,#1730,.F.);
#2464=ORIENTED_EDGE('',*,*,#1728,.T.);
#2465=ORIENTED_EDGE('',*,*,#1726,.F.);
#2466=ORIENTED_EDGE('',*,*,#1723,.F.);
#2467=ORIENTED_EDGE('',*,*,#1709,.T.);
#2468=ORIENTED_EDGE('',*,*,#1731,.T.);
#2469=ORIENTED_EDGE('',*,*,#1732,.T.);
#2470=ORIENTED_EDGE('',*,*,#1733,.T.);
#2471=ORIENTED_EDGE('',*,*,#1719,.T.);
#2472=ORIENTED_EDGE('',*,*,#1729,.T.);
#2473=ORIENTED_EDGE('',*,*,#1730,.T.);
#2474=ORIENTED_EDGE('',*,*,#1722,.F.);
#2475=ORIENTED_EDGE('',*,*,#1482,.F.);
#2476=ORIENTED_EDGE('',*,*,#1725,.T.);
#2477=ORIENTED_EDGE('',*,*,#1714,.F.);
#2478=ORIENTED_EDGE('',*,*,#1733,.F.);
#2479=ORIENTED_EDGE('',*,*,#1734,.F.);
#2480=ORIENTED_EDGE('',*,*,#1483,.F.);
#2481=ORIENTED_EDGE('',*,*,#1734,.T.);
#2482=ORIENTED_EDGE('',*,*,#1732,.F.);
#2483=ORIENTED_EDGE('',*,*,#1735,.F.);
#2484=ORIENTED_EDGE('',*,*,#1484,.F.);
#2485=ORIENTED_EDGE('',*,*,#1735,.T.);
#2486=ORIENTED_EDGE('',*,*,#1731,.F.);
#2487=ORIENTED_EDGE('',*,*,#1711,.F.);
#2488=ORIENTED_EDGE('',*,*,#1736,.F.);
#2489=ORIENTED_EDGE('',*,*,#1713,.T.);
#2490=ORIENTED_EDGE('',*,*,#1720,.F.);
#2491=ORIENTED_EDGE('',*,*,#1509,.F.);
#2492=ORIENTED_EDGE('',*,*,#1485,.F.);
#2493=ORIENTED_EDGE('',*,*,#1736,.T.);
#2494=ORIENTED_EDGE('',*,*,#1675,.T.);
#2495=ORIENTED_EDGE('',*,*,#1615,.T.);
#2496=ORIENTED_EDGE('',*,*,#1580,.F.);
#2497=ORIENTED_EDGE('',*,*,#1606,.F.);
#2498=ORIENTED_EDGE('',*,*,#1461,.F.);
#2499=ORIENTED_EDGE('',*,*,#1607,.T.);
#2500=ORIENTED_EDGE('',*,*,#1576,.F.);
#2501=ORIENTED_EDGE('',*,*,#1589,.F.);
#2502=ORIENTED_EDGE('',*,*,#1543,.F.);
#2503=ORIENTED_EDGE('',*,*,#1554,.F.);
#2504=ORIENTED_EDGE('',*,*,#1584,.F.);
#2505=ORIENTED_EDGE('',*,*,#1614,.F.);
#2506=ORIENTED_EDGE('',*,*,#1458,.F.);
#2507=PLANE('',#2756);
#2508=PLANE('',#2757);
#2509=PLANE('',#2758);
#2510=PLANE('',#2759);
#2511=PLANE('',#2760);
#2512=PLANE('',#2761);
#2513=PLANE('',#2762);
#2514=PLANE('',#2770);
#2515=PLANE('',#2780);
#2516=PLANE('',#2789);
#2517=PLANE('',#2798);
#2518=PLANE('',#2808);
#2519=PLANE('',#2809);
#2520=PLANE('',#2810);
#2521=PLANE('',#2811);
#2522=PLANE('',#2812);
#2523=PLANE('',#2813);
#2524=PLANE('',#2822);
#2525=PLANE('',#2823);
#2526=PLANE('',#2824);
#2527=PLANE('',#2825);
#2528=PLANE('',#2826);
#2529=PLANE('',#2827);
#2530=PLANE('',#2828);
#2531=PLANE('',#2829);
#2532=PLANE('',#2830);
#2533=PLANE('',#2831);
#2534=PLANE('',#2832);
#2535=PLANE('',#2833);
#2536=PLANE('',#2837);
#2537=PLANE('',#2841);
#2538=PLANE('',#2845);
#2539=PLANE('',#2851);
#2540=PLANE('',#2854);
#2541=PLANE('',#2855);
#2542=PLANE('',#2856);
#2543=PLANE('',#2876);
#2544=PLANE('',#2882);
#2545=PLANE('',#2884);
#2546=PLANE('',#2886);
#2547=PLANE('',#2888);
#2548=PLANE('',#2941);
#2549=PLANE('',#2942);
#2550=PLANE('',#2946);
#2551=PLANE('',#2947);
#2552=PLANE('',#2951);
#2553=PLANE('',#2952);
#2554=PLANE('',#2956);
#2555=PLANE('',#2960);
#2556=PLANE('',#2961);
#2557=PLANE('',#2965);
#2558=PLANE('',#2966);
#2559=PLANE('',#2970);
#2560=PLANE('',#2971);
#2561=PLANE('',#2975);
#2562=PLANE('',#2976);
#2563=PLANE('',#2977);
#2564=PLANE('',#2980);
#2565=PLANE('',#2983);
#2566=PLANE('',#2986);
#2567=PLANE('',#2989);
#2568=PLANE('',#2990);
#2569=PLANE('',#2991);
#2570=PLANE('',#2992);
#2571=PLANE('',#2993);
#2572=PLANE('',#2997);
#2573=PLANE('',#3001);
#2574=PLANE('',#3002);
#2575=PLANE('',#3003);
#2576=PLANE('',#3004);
#2577=PLANE('',#3005);
#2578=PLANE('',#3006);
#2579=PLANE('',#3007);
#2580=PLANE('',#3008);
#2581=PLANE('',#3009);
#2582=PLANE('',#3010);
#2583=PLANE('',#3011);
#2584=PLANE('',#3012);
#2585=PLANE('',#3013);
#2586=PLANE('',#3014);
#2587=PLANE('',#3015);
#2588=PLANE('',#3016);
#2589=PLANE('',#3017);
#2590=PLANE('',#3018);
#2591=ADVANCED_FACE('',(#272),#2507,.F.);
#2592=ADVANCED_FACE('',(#273),#2508,.F.);
#2593=ADVANCED_FACE('',(#274),#2509,.F.);
#2594=ADVANCED_FACE('',(#275),#2510,.F.);
#2595=ADVANCED_FACE('',(#276),#2511,.T.);
#2596=ADVANCED_FACE('',(#277),#2512,.T.);
#2597=ADVANCED_FACE('',(#278,#128),#2513,.F.);
#2598=ADVANCED_FACE('',(#279),#77,.F.);
#2599=ADVANCED_FACE('',(#280),#65,.T.);
#2600=ADVANCED_FACE('',(#281),#15,.F.);
#2601=ADVANCED_FACE('',(#282),#66,.T.);
#2602=ADVANCED_FACE('',(#283),#67,.T.);
#2603=ADVANCED_FACE('',(#284),#2514,.F.);
#2604=ADVANCED_FACE('',(#285),#78,.F.);
#2605=ADVANCED_FACE('',(#286),#68,.T.);
#2606=ADVANCED_FACE('',(#287),#16,.F.);
#2607=ADVANCED_FACE('',(#288),#69,.T.);
#2608=ADVANCED_FACE('',(#289),#70,.T.);
#2609=ADVANCED_FACE('',(#290),#2515,.F.);
#2610=ADVANCED_FACE('',(#291),#79,.F.);
#2611=ADVANCED_FACE('',(#292),#71,.T.);
#2612=ADVANCED_FACE('',(#293),#17,.F.);
#2613=ADVANCED_FACE('',(#294),#72,.T.);
#2614=ADVANCED_FACE('',(#295),#73,.T.);
#2615=ADVANCED_FACE('',(#296),#2516,.F.);
#2616=ADVANCED_FACE('',(#297),#80,.F.);
#2617=ADVANCED_FACE('',(#298),#74,.T.);
#2618=ADVANCED_FACE('',(#299),#18,.F.);
#2619=ADVANCED_FACE('',(#300),#75,.T.);
#2620=ADVANCED_FACE('',(#301),#76,.T.);
#2621=ADVANCED_FACE('',(#302),#2517,.F.);
#2622=ADVANCED_FACE('',(#303),#81,.F.);
#2623=ADVANCED_FACE('',(#304),#82,.F.);
#2624=ADVANCED_FACE('',(#305),#83,.F.);
#2625=ADVANCED_FACE('',(#306),#84,.F.);
#2626=ADVANCED_FACE('',(#307),#85,.F.);
#2627=ADVANCED_FACE('',(#308),#2518,.T.);
#2628=ADVANCED_FACE('',(#309),#2519,.T.);
#2629=ADVANCED_FACE('',(#310),#2520,.T.);
#2630=ADVANCED_FACE('',(#311),#2521,.T.);
#2631=ADVANCED_FACE('',(#312),#2522,.F.);
#2632=ADVANCED_FACE('',(#313,#129,#130,#131,#132,#133,#134,#135,#136),#2523,
 .F.);
#2633=ADVANCED_FACE('',(#314),#2524,.T.);
#2634=ADVANCED_FACE('',(#315),#2525,.T.);
#2635=ADVANCED_FACE('',(#316),#2526,.T.);
#2636=ADVANCED_FACE('',(#317),#2527,.T.);
#2637=ADVANCED_FACE('',(#318),#2528,.T.);
#2638=ADVANCED_FACE('',(#319),#2529,.T.);
#2639=ADVANCED_FACE('',(#320),#2530,.T.);
#2640=ADVANCED_FACE('',(#321),#2531,.T.);
#2641=ADVANCED_FACE('',(#322),#2532,.T.);
#2642=ADVANCED_FACE('',(#323),#2533,.F.);
#2643=ADVANCED_FACE('',(#324,#137),#2534,.F.);
#2644=ADVANCED_FACE('',(#325),#2535,.T.);
#2645=ADVANCED_FACE('',(#326),#19,.T.);
#2646=ADVANCED_FACE('',(#327),#2536,.T.);
#2647=ADVANCED_FACE('',(#328),#20,.T.);
#2648=ADVANCED_FACE('',(#329),#2537,.T.);
#2649=ADVANCED_FACE('',(#330),#21,.T.);
#2650=ADVANCED_FACE('',(#331),#2538,.T.);
#2651=ADVANCED_FACE('',(#332),#22,.T.);
#2652=ADVANCED_FACE('',(#333),#86,.T.);
#2653=ADVANCED_FACE('',(#334),#2539,.T.);
#2654=ADVANCED_FACE('',(#335),#87,.T.);
#2655=ADVANCED_FACE('',(#336,#138),#2540,.T.);
#2656=ADVANCED_FACE('',(#337),#2541,.T.);
#2657=ADVANCED_FACE('',(#338,#139,#140,#141,#142,#143),#2542,.F.);
#2658=ADVANCED_FACE('',(#339),#88,.T.);
#2659=ADVANCED_FACE('',(#340,#144),#2543,.T.);
#2660=ADVANCED_FACE('',(#341),#89,.T.);
#2661=ADVANCED_FACE('',(#342,#145),#2544,.T.);
#2662=ADVANCED_FACE('',(#343,#146),#2545,.T.);
#2663=ADVANCED_FACE('',(#344,#147),#2546,.T.);
#2664=ADVANCED_FACE('',(#345,#148),#2547,.T.);
#2665=ADVANCED_FACE('',(#346),#90,.F.);
#2666=ADVANCED_FACE('',(#347),#91,.F.);
#2667=ADVANCED_FACE('',(#348),#92,.F.);
#2668=ADVANCED_FACE('',(#349),#93,.T.);
#2669=ADVANCED_FACE('',(#350),#94,.F.);
#2670=ADVANCED_FACE('',(#351),#95,.F.);
#2671=ADVANCED_FACE('',(#352),#96,.F.);
#2672=ADVANCED_FACE('',(#353),#97,.T.);
#2673=ADVANCED_FACE('',(#354),#98,.F.);
#2674=ADVANCED_FACE('',(#355),#99,.F.);
#2675=ADVANCED_FACE('',(#356),#100,.F.);
#2676=ADVANCED_FACE('',(#357),#101,.T.);
#2677=ADVANCED_FACE('',(#358),#102,.F.);
#2678=ADVANCED_FACE('',(#359),#103,.F.);
#2679=ADVANCED_FACE('',(#360),#104,.F.);
#2680=ADVANCED_FACE('',(#361),#105,.T.);
#2681=ADVANCED_FACE('',(#362),#23,.T.);
#2682=ADVANCED_FACE('',(#363),#106,.T.);
#2683=ADVANCED_FACE('',(#364),#24,.T.);
#2684=ADVANCED_FACE('',(#365),#107,.T.);
#2685=ADVANCED_FACE('',(#366),#25,.T.);
#2686=ADVANCED_FACE('',(#367),#108,.T.);
#2687=ADVANCED_FACE('',(#368),#26,.T.);
#2688=ADVANCED_FACE('',(#369),#109,.T.);
#2689=ADVANCED_FACE('',(#370),#27,.T.);
#2690=ADVANCED_FACE('',(#371),#110,.T.);
#2691=ADVANCED_FACE('',(#372),#28,.T.);
#2692=ADVANCED_FACE('',(#373),#111,.T.);
#2693=ADVANCED_FACE('',(#374),#29,.T.);
#2694=ADVANCED_FACE('',(#375),#112,.T.);
#2695=ADVANCED_FACE('',(#376),#30,.T.);
#2696=ADVANCED_FACE('',(#377),#113,.T.);
#2697=ADVANCED_FACE('',(#378),#114,.F.);
#2698=ADVANCED_FACE('',(#379,#149),#2548,.T.);
#2699=ADVANCED_FACE('',(#380),#2549,.F.);
#2700=ADVANCED_FACE('',(#381),#115,.F.);
#2701=ADVANCED_FACE('',(#382,#150),#2550,.T.);
#2702=ADVANCED_FACE('',(#383),#2551,.F.);
#2703=ADVANCED_FACE('',(#384),#116,.F.);
#2704=ADVANCED_FACE('',(#385,#151),#2552,.T.);
#2705=ADVANCED_FACE('',(#386),#2553,.F.);
#2706=ADVANCED_FACE('',(#387),#117,.F.);
#2707=ADVANCED_FACE('',(#388,#152),#2554,.T.);
#2708=ADVANCED_FACE('',(#389),#118,.F.);
#2709=ADVANCED_FACE('',(#390,#153),#2555,.T.);
#2710=ADVANCED_FACE('',(#391),#2556,.F.);
#2711=ADVANCED_FACE('',(#392),#119,.F.);
#2712=ADVANCED_FACE('',(#393,#154),#2557,.T.);
#2713=ADVANCED_FACE('',(#394),#2558,.F.);
#2714=ADVANCED_FACE('',(#395),#120,.F.);
#2715=ADVANCED_FACE('',(#396,#155),#2559,.T.);
#2716=ADVANCED_FACE('',(#397),#2560,.F.);
#2717=ADVANCED_FACE('',(#398),#121,.F.);
#2718=ADVANCED_FACE('',(#399,#156),#2561,.T.);
#2719=ADVANCED_FACE('',(#400),#2562,.F.);
#2720=ADVANCED_FACE('',(#401),#2563,.F.);
#2721=ADVANCED_FACE('',(#402),#122,.F.);
#2722=ADVANCED_FACE('',(#403),#2564,.F.);
#2723=ADVANCED_FACE('',(#404),#123,.F.);
#2724=ADVANCED_FACE('',(#405),#2565,.F.);
#2725=ADVANCED_FACE('',(#406),#124,.F.);
#2726=ADVANCED_FACE('',(#407),#2566,.F.);
#2727=ADVANCED_FACE('',(#408),#125,.F.);
#2728=ADVANCED_FACE('',(#409),#2567,.F.);
#2729=ADVANCED_FACE('',(#410),#2568,.F.);
#2730=ADVANCED_FACE('',(#411),#2569,.F.);
#2731=ADVANCED_FACE('',(#412),#2570,.F.);
#2732=ADVANCED_FACE('',(#413,#157),#2571,.F.);
#2733=ADVANCED_FACE('',(#414),#126,.F.);
#2734=ADVANCED_FACE('',(#415),#2572,.T.);
#2735=ADVANCED_FACE('',(#416),#127,.F.);
#2736=ADVANCED_FACE('',(#417),#2573,.T.);
#2737=ADVANCED_FACE('',(#418),#2574,.F.);
#2738=ADVANCED_FACE('',(#419,#158),#2575,.F.);
#2739=ADVANCED_FACE('',(#420,#159),#2576,.F.);
#2740=ADVANCED_FACE('',(#421),#2577,.F.);
#2741=ADVANCED_FACE('',(#422),#2578,.T.);
#2742=ADVANCED_FACE('',(#423),#2579,.T.);
#2743=ADVANCED_FACE('',(#424),#2580,.T.);
#2744=ADVANCED_FACE('',(#425),#2581,.T.);
#2745=ADVANCED_FACE('',(#426),#2582,.T.);
#2746=ADVANCED_FACE('',(#427),#2583,.T.);
#2747=ADVANCED_FACE('',(#428),#2584,.F.);
#2748=ADVANCED_FACE('',(#429),#2585,.T.);
#2749=ADVANCED_FACE('',(#430),#2586,.T.);
#2750=ADVANCED_FACE('',(#431),#2587,.T.);
#2751=ADVANCED_FACE('',(#432),#2588,.T.);
#2752=ADVANCED_FACE('',(#433),#2589,.F.);
#2753=ADVANCED_FACE('',(#434),#2590,.T.);
#2754=CLOSED_SHELL('',(#2591,#2592,#2593,#2594,#2595,#2596,#2597,#2598,
#2599,#2600,#2601,#2602,#2603,#2604,#2605,#2606,#2607,#2608,#2609,#2610,
#2611,#2612,#2613,#2614,#2615,#2616,#2617,#2618,#2619,#2620,#2621,#2622,
#2623,#2624,#2625,#2626,#2627,#2628,#2629,#2630,#2631,#2632,#2633,#2634,
#2635,#2636,#2637,#2638,#2639,#2640,#2641,#2642,#2643,#2644,#2645,#2646,
#2647,#2648,#2649,#2650,#2651,#2652,#2653,#2654,#2655,#2656,#2657,#2658,
#2659,#2660,#2661,#2662,#2663,#2664,#2665,#2666,#2667,#2668,#2669,#2670,
#2671,#2672,#2673,#2674,#2675,#2676,#2677,#2678,#2679,#2680,#2681,#2682,
#2683,#2684,#2685,#2686,#2687,#2688,#2689,#2690,#2691,#2692,#2693,#2694,
#2695,#2696,#2697,#2698,#2699,#2700,#2701,#2702,#2703,#2704,#2705,#2706,
#2707,#2708,#2709,#2710,#2711,#2712,#2713,#2714,#2715,#2716,#2717,#2718,
#2719,#2720,#2721,#2722,#2723,#2724,#2725,#2726,#2727,#2728,#2729,#2730,
#2731,#2732,#2733,#2734,#2735,#2736,#2737,#2738,#2739,#2740,#2741,#2742,
#2743,#2744,#2745,#2746,#2747,#2748,#2749,#2750,#2751,#2752,#2753));
#2755=AXIS2_PLACEMENT_3D('',#3786,#3019,#3020);
#2756=AXIS2_PLACEMENT_3D('',#3787,#3021,#3022);
#2757=AXIS2_PLACEMENT_3D('',#3798,#3028,#3029);
#2758=AXIS2_PLACEMENT_3D('',#3804,#3033,#3034);
#2759=AXIS2_PLACEMENT_3D('',#3812,#3039,#3040);
#2760=AXIS2_PLACEMENT_3D('',#3814,#3042,#3043);
#2761=AXIS2_PLACEMENT_3D('',#3820,#3047,#3048);
#2762=AXIS2_PLACEMENT_3D('',#3826,#3052,#3053);
#2763=AXIS2_PLACEMENT_3D('',#3833,#3057,#3058);
#2764=AXIS2_PLACEMENT_3D('',#3834,#3059,#3060);
#2765=AXIS2_PLACEMENT_3D('',#3836,#3061,#3062);
#2766=AXIS2_PLACEMENT_3D('',#3880,#3066,#3067);
#2767=AXIS2_PLACEMENT_3D('',#3885,#3069,#3070);
#2768=AXIS2_PLACEMENT_3D('',#3887,#3071,#3072);
#2769=AXIS2_PLACEMENT_3D('',#3890,#3074,#3075);
#2770=AXIS2_PLACEMENT_3D('',#3939,#3076,#3077);
#2771=AXIS2_PLACEMENT_3D('',#3943,#3079,#3080);
#2772=AXIS2_PLACEMENT_3D('',#3945,#3081,#3082);
#2773=AXIS2_PLACEMENT_3D('',#3947,#3083,#3084);
#2774=AXIS2_PLACEMENT_3D('',#3949,#3086,#3087);
#2775=AXIS2_PLACEMENT_3D('',#3952,#3089,#3090);
#2776=AXIS2_PLACEMENT_3D('',#3989,#3093,#3094);
#2777=AXIS2_PLACEMENT_3D('',#3994,#3096,#3097);
#2778=AXIS2_PLACEMENT_3D('',#3996,#3098,#3099);
#2779=AXIS2_PLACEMENT_3D('',#3999,#3101,#3102);
#2780=AXIS2_PLACEMENT_3D('',#4048,#3103,#3104);
#2781=AXIS2_PLACEMENT_3D('',#4052,#3106,#3107);
#2782=AXIS2_PLACEMENT_3D('',#4054,#3108,#3109);
#2783=AXIS2_PLACEMENT_3D('',#4056,#3110,#3111);
#2784=AXIS2_PLACEMENT_3D('',#4058,#3113,#3114);
#2785=AXIS2_PLACEMENT_3D('',#4061,#3116,#3117);
#2786=AXIS2_PLACEMENT_3D('',#4107,#3120,#3121);
#2787=AXIS2_PLACEMENT_3D('',#4112,#3123,#3124);
#2788=AXIS2_PLACEMENT_3D('',#4115,#3126,#3127);
#2789=AXIS2_PLACEMENT_3D('',#4164,#3128,#3129);
#2790=AXIS2_PLACEMENT_3D('',#4168,#3131,#3132);
#2791=AXIS2_PLACEMENT_3D('',#4170,#3133,#3134);
#2792=AXIS2_PLACEMENT_3D('',#4172,#3135,#3136);
#2793=AXIS2_PLACEMENT_3D('',#4174,#3138,#3139);
#2794=AXIS2_PLACEMENT_3D('',#4177,#3141,#3142);
#2795=AXIS2_PLACEMENT_3D('',#4223,#3145,#3146);
#2796=AXIS2_PLACEMENT_3D('',#4228,#3148,#3149);
#2797=AXIS2_PLACEMENT_3D('',#4231,#3151,#3152);
#2798=AXIS2_PLACEMENT_3D('',#4280,#3153,#3154);
#2799=AXIS2_PLACEMENT_3D('',#4284,#3156,#3157);
#2800=AXIS2_PLACEMENT_3D('',#4286,#3158,#3159);
#2801=AXIS2_PLACEMENT_3D('',#4288,#3160,#3161);
#2802=AXIS2_PLACEMENT_3D('',#4290,#3163,#3164);
#2803=AXIS2_PLACEMENT_3D('',#4293,#3166,#3167);
#2804=AXIS2_PLACEMENT_3D('',#4294,#3168,#3169);
#2805=AXIS2_PLACEMENT_3D('',#4310,#3171,#3172);
#2806=AXIS2_PLACEMENT_3D('',#4326,#3174,#3175);
#2807=AXIS2_PLACEMENT_3D('',#4342,#3177,#3178);
#2808=AXIS2_PLACEMENT_3D('',#4358,#3180,#3181);
#2809=AXIS2_PLACEMENT_3D('',#4362,#3184,#3185);
#2810=AXIS2_PLACEMENT_3D('',#4366,#3188,#3189);
#2811=AXIS2_PLACEMENT_3D('',#4370,#3192,#3193);
#2812=AXIS2_PLACEMENT_3D('',#4376,#3197,#3198);
#2813=AXIS2_PLACEMENT_3D('',#4382,#3202,#3203);
#2814=AXIS2_PLACEMENT_3D('',#4397,#3211,#3212);
#2815=AXIS2_PLACEMENT_3D('',#4399,#3213,#3214);
#2816=AXIS2_PLACEMENT_3D('',#4401,#3215,#3216);
#2817=AXIS2_PLACEMENT_3D('',#4403,#3217,#3218);
#2818=AXIS2_PLACEMENT_3D('',#4405,#3219,#3220);
#2819=AXIS2_PLACEMENT_3D('',#4407,#3221,#3222);
#2820=AXIS2_PLACEMENT_3D('',#4409,#3223,#3224);
#2821=AXIS2_PLACEMENT_3D('',#4411,#3225,#3226);
#2822=AXIS2_PLACEMENT_3D('',#4412,#3227,#3228);
#2823=AXIS2_PLACEMENT_3D('',#4419,#3232,#3233);
#2824=AXIS2_PLACEMENT_3D('',#4425,#3237,#3238);
#2825=AXIS2_PLACEMENT_3D('',#4431,#3242,#3243);
#2826=AXIS2_PLACEMENT_3D('',#4437,#3247,#3248);
#2827=AXIS2_PLACEMENT_3D('',#4439,#3250,#3251);
#2828=AXIS2_PLACEMENT_3D('',#4443,#3254,#3255);
#2829=AXIS2_PLACEMENT_3D('',#4449,#3259,#3260);
#2830=AXIS2_PLACEMENT_3D('',#4452,#3263,#3264);
#2831=AXIS2_PLACEMENT_3D('',#4458,#3268,#3269);
#2832=AXIS2_PLACEMENT_3D('',#4460,#3271,#3272);
#2833=AXIS2_PLACEMENT_3D('',#4475,#3281,#3282);
#2834=AXIS2_PLACEMENT_3D('',#4484,#3287,#3288);
#2835=AXIS2_PLACEMENT_3D('',#4486,#3289,#3290);
#2836=AXIS2_PLACEMENT_3D('',#4489,#3292,#3293);
#2837=AXIS2_PLACEMENT_3D('',#4490,#3294,#3295);
#2838=AXIS2_PLACEMENT_3D('',#4496,#3299,#3300);
#2839=AXIS2_PLACEMENT_3D('',#4498,#3301,#3302);
#2840=AXIS2_PLACEMENT_3D('',#4501,#3304,#3305);
#2841=AXIS2_PLACEMENT_3D('',#4502,#3306,#3307);
#2842=AXIS2_PLACEMENT_3D('',#4508,#3311,#3312);
#2843=AXIS2_PLACEMENT_3D('',#4510,#3313,#3314);
#2844=AXIS2_PLACEMENT_3D('',#4513,#3316,#3317);
#2845=AXIS2_PLACEMENT_3D('',#4514,#3318,#3319);
#2846=AXIS2_PLACEMENT_3D('',#4520,#3323,#3324);
#2847=AXIS2_PLACEMENT_3D('',#4521,#3325,#3326);
#2848=AXIS2_PLACEMENT_3D('',#4522,#3327,#3328);
#2849=AXIS2_PLACEMENT_3D('',#4523,#3329,#3330);
#2850=AXIS2_PLACEMENT_3D('',#4527,#3332,#3333);
#2851=AXIS2_PLACEMENT_3D('',#4529,#3335,#3336);
#2852=AXIS2_PLACEMENT_3D('',#4533,#3339,#3340);
#2853=AXIS2_PLACEMENT_3D('',#4536,#3342,#3343);
#2854=AXIS2_PLACEMENT_3D('',#4537,#3344,#3345);
#2855=AXIS2_PLACEMENT_3D('',#4551,#3354,#3355);
#2856=AXIS2_PLACEMENT_3D('',#4552,#3356,#3357);
#2857=AXIS2_PLACEMENT_3D('',#4554,#3358,#3359);
#2858=AXIS2_PLACEMENT_3D('',#4556,#3360,#3361);
#2859=AXIS2_PLACEMENT_3D('',#4557,#3362,#3363);
#2860=AXIS2_PLACEMENT_3D('',#4559,#3364,#3365);
#2861=AXIS2_PLACEMENT_3D('',#4561,#3366,#3367);
#2862=AXIS2_PLACEMENT_3D('',#4562,#3368,#3369);
#2863=AXIS2_PLACEMENT_3D('',#4564,#3370,#3371);
#2864=AXIS2_PLACEMENT_3D('',#4568,#3373,#3374);
#2865=AXIS2_PLACEMENT_3D('',#4572,#3376,#3377);
#2866=AXIS2_PLACEMENT_3D('',#4574,#3378,#3379);
#2867=AXIS2_PLACEMENT_3D('',#4576,#3380,#3381);
#2868=AXIS2_PLACEMENT_3D('',#4580,#3383,#3384);
#2869=AXIS2_PLACEMENT_3D('',#4582,#3385,#3386);
#2870=AXIS2_PLACEMENT_3D('',#4584,#3387,#3388);
#2871=AXIS2_PLACEMENT_3D('',#4587,#3390,#3391);
#2872=AXIS2_PLACEMENT_3D('',#4589,#3392,#3393);
#2873=AXIS2_PLACEMENT_3D('',#4591,#3394,#3395);
#2874=AXIS2_PLACEMENT_3D('',#4593,#3396,#3397);
#2875=AXIS2_PLACEMENT_3D('',#4594,#3398,#3399);
#2876=AXIS2_PLACEMENT_3D('',#4597,#3402,#3403);
#2877=AXIS2_PLACEMENT_3D('',#4603,#3406,#3407);
#2878=AXIS2_PLACEMENT_3D('',#4607,#3409,#3410);
#2879=AXIS2_PLACEMENT_3D('',#4611,#3412,#3413);
#2880=AXIS2_PLACEMENT_3D('',#4614,#3415,#3416);
#2881=AXIS2_PLACEMENT_3D('',#4615,#3417,#3418);
#2882=AXIS2_PLACEMENT_3D('',#4616,#3419,#3420);
#2883=AXIS2_PLACEMENT_3D('',#4618,#3421,#3422);
#2884=AXIS2_PLACEMENT_3D('',#4619,#3423,#3424);
#2885=AXIS2_PLACEMENT_3D('',#4621,#3425,#3426);
#2886=AXIS2_PLACEMENT_3D('',#4622,#3427,#3428);
#2887=AXIS2_PLACEMENT_3D('',#4624,#3429,#3430);
#2888=AXIS2_PLACEMENT_3D('',#4625,#3431,#3432);
#2889=AXIS2_PLACEMENT_3D('',#4627,#3433,#3434);
#2890=AXIS2_PLACEMENT_3D('',#4628,#3435,#3436);
#2891=AXIS2_PLACEMENT_3D('',#4630,#3438,#3439);
#2892=AXIS2_PLACEMENT_3D('',#4633,#3442,#3443);
#2893=AXIS2_PLACEMENT_3D('',#4636,#3446,#3447);
#2894=AXIS2_PLACEMENT_3D('',#4637,#3448,#3449);
#2895=AXIS2_PLACEMENT_3D('',#4639,#3451,#3452);
#2896=AXIS2_PLACEMENT_3D('',#4641,#3454,#3455);
#2897=AXIS2_PLACEMENT_3D('',#4643,#3457,#3458);
#2898=AXIS2_PLACEMENT_3D('',#4644,#3459,#3460);
#2899=AXIS2_PLACEMENT_3D('',#4646,#3462,#3463);
#2900=AXIS2_PLACEMENT_3D('',#4649,#3466,#3467);
#2901=AXIS2_PLACEMENT_3D('',#4652,#3470,#3471);
#2902=AXIS2_PLACEMENT_3D('',#4653,#3472,#3473);
#2903=AXIS2_PLACEMENT_3D('',#4655,#3475,#3476);
#2904=AXIS2_PLACEMENT_3D('',#4657,#3478,#3479);
#2905=AXIS2_PLACEMENT_3D('',#4659,#3481,#3482);
#2906=AXIS2_PLACEMENT_3D('',#4660,#3483,#3484);
#2907=AXIS2_PLACEMENT_3D('',#4663,#3486,#3487);
#2908=AXIS2_PLACEMENT_3D('',#4664,#3488,#3489);
#2909=AXIS2_PLACEMENT_3D('',#4666,#3490,#3491);
#2910=AXIS2_PLACEMENT_3D('',#4668,#3493,#3494);
#2911=AXIS2_PLACEMENT_3D('',#4671,#3496,#3497);
#2912=AXIS2_PLACEMENT_3D('',#4672,#3498,#3499);
#2913=AXIS2_PLACEMENT_3D('',#4674,#3500,#3501);
#2914=AXIS2_PLACEMENT_3D('',#4676,#3503,#3504);
#2915=AXIS2_PLACEMENT_3D('',#4679,#3506,#3507);
#2916=AXIS2_PLACEMENT_3D('',#4680,#3508,#3509);
#2917=AXIS2_PLACEMENT_3D('',#4682,#3510,#3511);
#2918=AXIS2_PLACEMENT_3D('',#4684,#3513,#3514);
#2919=AXIS2_PLACEMENT_3D('',#4687,#3516,#3517);
#2920=AXIS2_PLACEMENT_3D('',#4688,#3518,#3519);
#2921=AXIS2_PLACEMENT_3D('',#4690,#3520,#3521);
#2922=AXIS2_PLACEMENT_3D('',#4692,#3523,#3524);
#2923=AXIS2_PLACEMENT_3D('',#4695,#3526,#3527);
#2924=AXIS2_PLACEMENT_3D('',#4696,#3528,#3529);
#2925=AXIS2_PLACEMENT_3D('',#4698,#3530,#3531);
#2926=AXIS2_PLACEMENT_3D('',#4700,#3533,#3534);
#2927=AXIS2_PLACEMENT_3D('',#4703,#3536,#3537);
#2928=AXIS2_PLACEMENT_3D('',#4704,#3538,#3539);
#2929=AXIS2_PLACEMENT_3D('',#4706,#3540,#3541);
#2930=AXIS2_PLACEMENT_3D('',#4708,#3543,#3544);
#2931=AXIS2_PLACEMENT_3D('',#4711,#3546,#3547);
#2932=AXIS2_PLACEMENT_3D('',#4712,#3548,#3549);
#2933=AXIS2_PLACEMENT_3D('',#4714,#3550,#3551);
#2934=AXIS2_PLACEMENT_3D('',#4716,#3553,#3554);
#2935=AXIS2_PLACEMENT_3D('',#4719,#3556,#3557);
#2936=AXIS2_PLACEMENT_3D('',#4720,#3558,#3559);
#2937=AXIS2_PLACEMENT_3D('',#4722,#3560,#3561);
#2938=AXIS2_PLACEMENT_3D('',#4724,#3563,#3564);
#2939=AXIS2_PLACEMENT_3D('',#4726,#3565,#3566);
#2940=AXIS2_PLACEMENT_3D('',#4729,#3568,#3569);
#2941=AXIS2_PLACEMENT_3D('',#4730,#3570,#3571);
#2942=AXIS2_PLACEMENT_3D('',#4731,#3572,#3573);
#2943=AXIS2_PLACEMENT_3D('',#4732,#3574,#3575);
#2944=AXIS2_PLACEMENT_3D('',#4734,#3576,#3577);
#2945=AXIS2_PLACEMENT_3D('',#4737,#3579,#3580);
#2946=AXIS2_PLACEMENT_3D('',#4738,#3581,#3582);
#2947=AXIS2_PLACEMENT_3D('',#4739,#3583,#3584);
#2948=AXIS2_PLACEMENT_3D('',#4740,#3585,#3586);
#2949=AXIS2_PLACEMENT_3D('',#4742,#3587,#3588);
#2950=AXIS2_PLACEMENT_3D('',#4745,#3590,#3591);
#2951=AXIS2_PLACEMENT_3D('',#4746,#3592,#3593);
#2952=AXIS2_PLACEMENT_3D('',#4747,#3594,#3595);
#2953=AXIS2_PLACEMENT_3D('',#4748,#3596,#3597);
#2954=AXIS2_PLACEMENT_3D('',#4750,#3598,#3599);
#2955=AXIS2_PLACEMENT_3D('',#4753,#3601,#3602);
#2956=AXIS2_PLACEMENT_3D('',#4754,#3603,#3604);
#2957=AXIS2_PLACEMENT_3D('',#4755,#3605,#3606);
#2958=AXIS2_PLACEMENT_3D('',#4757,#3607,#3608);
#2959=AXIS2_PLACEMENT_3D('',#4760,#3610,#3611);
#2960=AXIS2_PLACEMENT_3D('',#4761,#3612,#3613);
#2961=AXIS2_PLACEMENT_3D('',#4762,#3614,#3615);
#2962=AXIS2_PLACEMENT_3D('',#4763,#3616,#3617);
#2963=AXIS2_PLACEMENT_3D('',#4765,#3618,#3619);
#2964=AXIS2_PLACEMENT_3D('',#4768,#3621,#3622);
#2965=AXIS2_PLACEMENT_3D('',#4769,#3623,#3624);
#2966=AXIS2_PLACEMENT_3D('',#4770,#3625,#3626);
#2967=AXIS2_PLACEMENT_3D('',#4771,#3627,#3628);
#2968=AXIS2_PLACEMENT_3D('',#4773,#3629,#3630);
#2969=AXIS2_PLACEMENT_3D('',#4776,#3632,#3633);
#2970=AXIS2_PLACEMENT_3D('',#4777,#3634,#3635);
#2971=AXIS2_PLACEMENT_3D('',#4778,#3636,#3637);
#2972=AXIS2_PLACEMENT_3D('',#4779,#3638,#3639);
#2973=AXIS2_PLACEMENT_3D('',#4781,#3640,#3641);
#2974=AXIS2_PLACEMENT_3D('',#4784,#3643,#3644);
#2975=AXIS2_PLACEMENT_3D('',#4785,#3645,#3646);
#2976=AXIS2_PLACEMENT_3D('',#4786,#3647,#3648);
#2977=AXIS2_PLACEMENT_3D('',#4787,#3649,#3650);
#2978=AXIS2_PLACEMENT_3D('',#4793,#3654,#3655);
#2979=AXIS2_PLACEMENT_3D('',#4795,#3656,#3657);
#2980=AXIS2_PLACEMENT_3D('',#4797,#3659,#3660);
#2981=AXIS2_PLACEMENT_3D('',#4801,#3663,#3664);
#2982=AXIS2_PLACEMENT_3D('',#4803,#3665,#3666);
#2983=AXIS2_PLACEMENT_3D('',#4805,#3668,#3669);
#2984=AXIS2_PLACEMENT_3D('',#4809,#3672,#3673);
#2985=AXIS2_PLACEMENT_3D('',#4811,#3674,#3675);
#2986=AXIS2_PLACEMENT_3D('',#4813,#3677,#3678);
#2987=AXIS2_PLACEMENT_3D('',#4817,#3681,#3682);
#2988=AXIS2_PLACEMENT_3D('',#4818,#3683,#3684);
#2989=AXIS2_PLACEMENT_3D('',#4819,#3685,#3686);
#2990=AXIS2_PLACEMENT_3D('',#4825,#3690,#3691);
#2991=AXIS2_PLACEMENT_3D('',#4829,#3694,#3695);
#2992=AXIS2_PLACEMENT_3D('',#4833,#3698,#3699);
#2993=AXIS2_PLACEMENT_3D('',#4835,#3701,#3702);
#2994=AXIS2_PLACEMENT_3D('',#4836,#3703,#3704);
#2995=AXIS2_PLACEMENT_3D('',#4838,#3705,#3706);
#2996=AXIS2_PLACEMENT_3D('',#4841,#3708,#3709);
#2997=AXIS2_PLACEMENT_3D('',#4842,#3710,#3711);
#2998=AXIS2_PLACEMENT_3D('',#4843,#3712,#3713);
#2999=AXIS2_PLACEMENT_3D('',#4845,#3714,#3715);
#3000=AXIS2_PLACEMENT_3D('',#4848,#3717,#3718);
#3001=AXIS2_PLACEMENT_3D('',#4849,#3719,#3720);
#3002=AXIS2_PLACEMENT_3D('',#4850,#3721,#3722);
#3003=AXIS2_PLACEMENT_3D('',#4861,#3728,#3729);
#3004=AXIS2_PLACEMENT_3D('',#4867,#3733,#3734);
#3005=AXIS2_PLACEMENT_3D('',#4873,#3738,#3739);
#3006=AXIS2_PLACEMENT_3D('',#4879,#3743,#3744);
#3007=AXIS2_PLACEMENT_3D('',#4882,#3747,#3748);
#3008=AXIS2_PLACEMENT_3D('',#4888,#3752,#3753);
#3009=AXIS2_PLACEMENT_3D('',#4890,#3755,#3756);
#3010=AXIS2_PLACEMENT_3D('',#4894,#3759,#3760);
#3011=AXIS2_PLACEMENT_3D('',#4898,#3763,#3764);
#3012=AXIS2_PLACEMENT_3D('',#4900,#3766,#3767);
#3013=AXIS2_PLACEMENT_3D('',#4906,#3771,#3772);
#3014=AXIS2_PLACEMENT_3D('',#4908,#3774,#3775);
#3015=AXIS2_PLACEMENT_3D('',#4910,#3777,#3778);
#3016=AXIS2_PLACEMENT_3D('',#4912,#3780,#3781);
#3017=AXIS2_PLACEMENT_3D('',#4913,#3782,#3783);
#3018=AXIS2_PLACEMENT_3D('',#4914,#3784,#3785);
#3019=DIRECTION('axis',(0.,0.,1.));
#3020=DIRECTION('refdir',(1.,0.,0.));
#3021=DIRECTION('center_axis',(0.,-1.,0.));
#3022=DIRECTION('ref_axis',(1.,0.,0.));
#3023=DIRECTION('',(-1.,0.,0.));
#3024=DIRECTION('',(0.,0.,1.));
#3025=DIRECTION('',(-1.,0.,0.));
#3026=DIRECTION('',(0.,0.,1.));
#3027=DIRECTION('',(-0.707106781186548,0.,0.707106781186547));
#3028=DIRECTION('center_axis',(0.,0.,-1.));
#3029=DIRECTION('ref_axis',(-1.,0.,0.));
#3030=DIRECTION('',(0.,1.,0.));
#3031=DIRECTION('',(0.,-1.,0.));
#3032=DIRECTION('',(1.,0.,0.));
#3033=DIRECTION('center_axis',(0.,1.,0.));
#3034=DIRECTION('ref_axis',(-1.,0.,0.));
#3035=DIRECTION('',(1.,0.,0.));
#3036=DIRECTION('',(0.707106781186548,0.,-0.707106781186547));
#3037=DIRECTION('',(0.,0.,1.));
#3038=DIRECTION('',(0.,0.,1.));
#3039=DIRECTION('center_axis',(1.,0.,0.));
#3040=DIRECTION('ref_axis',(0.,1.,0.));
#3041=DIRECTION('',(0.,-1.,0.));
#3042=DIRECTION('center_axis',(0.707106781186547,-6.61091561551063E-16,
0.707106781186548));
#3043=DIRECTION('ref_axis',(0.707106781186548,0.,-0.707106781186547));
#3044=DIRECTION('',(9.34924652315921E-16,1.,0.));
#3045=DIRECTION('',(0.577350269189626,0.577350269189626,-0.577350269189625));
#3046=DIRECTION('',(-9.34924652315921E-16,-1.,0.));
#3047=DIRECTION('center_axis',(0.707106781186547,-6.61091561551063E-16,
0.707106781186548));
#3048=DIRECTION('ref_axis',(0.707106781186548,0.,-0.707106781186547));
#3049=DIRECTION('',(-9.34924652315921E-16,-1.,0.));
#3050=DIRECTION('',(0.707106781186548,4.18691322315673E-15,-0.707106781186547));
#3051=DIRECTION('',(9.34924652315921E-16,1.,0.));
#3052=DIRECTION('center_axis',(-1.,9.34924652315921E-16,0.));
#3053=DIRECTION('ref_axis',(-9.34924652315921E-16,-1.,7.74559797549881E-18));
#3054=DIRECTION('',(0.,0.,-1.));
#3055=DIRECTION('',(-9.34924652315921E-16,-1.,0.));
#3056=DIRECTION('',(0.,0.,1.));
#3057=DIRECTION('center_axis',(-1.,9.34924652315921E-16,0.));
#3058=DIRECTION('ref_axis',(0.,-1.,0.));
#3059=DIRECTION('center_axis',(1.,0.,0.));
#3060=DIRECTION('ref_axis',(0.,-1.,0.));
#3061=DIRECTION('center_axis',(1.,1.11022302462516E-15,0.));
#3062=DIRECTION('ref_axis',(0.,-1.,0.));
#3063=DIRECTION('',(1.,0.,0.));
#3064=DIRECTION('',(-0.593561215928433,0.180987712857741,0.784173788608165));
#3065=DIRECTION('',(0.59356121592842,0.180987712857767,-0.784173788608169));
#3066=DIRECTION('center_axis',(0.,0.,-1.));
#3067=DIRECTION('ref_axis',(-1.,0.,0.));
#3068=DIRECTION('',(-0.576161080966819,-0.409924881873682,0.707106781186543));
#3069=DIRECTION('center_axis',(0.,0.,1.));
#3070=DIRECTION('ref_axis',(-1.,0.,0.));
#3071=DIRECTION('center_axis',(0.,0.,1.));
#3072=DIRECTION('ref_axis',(-1.,0.,0.));
#3073=DIRECTION('',(0.576161080966819,-0.409924881873682,-0.707106781186543));
#3074=DIRECTION('center_axis',(0.,0.,-1.));
#3075=DIRECTION('ref_axis',(-1.,0.,0.));
#3076=DIRECTION('center_axis',(0.,0.,1.));
#3077=DIRECTION('ref_axis',(-1.,0.,0.));
#3078=DIRECTION('',(-1.11022302462516E-15,1.,0.));
#3079=DIRECTION('center_axis',(0.,0.,1.));
#3080=DIRECTION('ref_axis',(1.,0.,0.));
#3081=DIRECTION('center_axis',(0.,0.,-1.));
#3082=DIRECTION('ref_axis',(-1.,0.,0.));
#3083=DIRECTION('center_axis',(0.,0.,1.));
#3084=DIRECTION('ref_axis',(-9.47390314346809E-15,-1.,0.));
#3085=DIRECTION('',(-1.11022302462516E-15,1.,0.));
#3086=DIRECTION('center_axis',(0.,0.,1.));
#3087=DIRECTION('ref_axis',(1.,0.,0.));
#3088=DIRECTION('',(0.,0.,1.));
#3089=DIRECTION('center_axis',(0.,0.,1.));
#3090=DIRECTION('ref_axis',(1.,0.,0.));
#3091=DIRECTION('',(-0.593561215928432,0.180987712857703,0.784173788608175));
#3092=DIRECTION('',(0.59356121592843,0.180987712857702,-0.784173788608177));
#3093=DIRECTION('center_axis',(0.,0.,-1.));
#3094=DIRECTION('ref_axis',(-1.,0.,0.));
#3095=DIRECTION('',(-0.576161080966825,-0.409924881873661,0.70710678118655));
#3096=DIRECTION('center_axis',(0.,0.,1.));
#3097=DIRECTION('ref_axis',(-1.,0.,0.));
#3098=DIRECTION('center_axis',(0.,0.,1.));
#3099=DIRECTION('ref_axis',(-1.,0.,0.));
#3100=DIRECTION('',(0.576161080966825,-0.409924881873661,-0.70710678118655));
#3101=DIRECTION('center_axis',(0.,0.,-1.));
#3102=DIRECTION('ref_axis',(-1.,0.,0.));
#3103=DIRECTION('center_axis',(0.,0.,1.));
#3104=DIRECTION('ref_axis',(-1.,0.,0.));
#3105=DIRECTION('',(-1.11022302462516E-15,1.,0.));
#3106=DIRECTION('center_axis',(0.,0.,1.));
#3107=DIRECTION('ref_axis',(1.,0.,0.));
#3108=DIRECTION('center_axis',(0.,0.,-1.));
#3109=DIRECTION('ref_axis',(-1.,0.,0.));
#3110=DIRECTION('center_axis',(0.,0.,1.));
#3111=DIRECTION('ref_axis',(0.0442323732675401,-0.999021269620983,0.));
#3112=DIRECTION('',(-1.11022302462516E-15,1.,0.));
#3113=DIRECTION('center_axis',(0.,0.,1.));
#3114=DIRECTION('ref_axis',(1.,0.,0.));
#3115=DIRECTION('',(0.,0.,1.));
#3116=DIRECTION('center_axis',(0.,0.,1.));
#3117=DIRECTION('ref_axis',(1.,0.,0.));
#3118=DIRECTION('',(0.593561215928419,-0.18098771285783,0.784173788608155));
#3119=DIRECTION('',(-0.593561215928419,-0.18098771285783,-0.784173788608156));
#3120=DIRECTION('center_axis',(0.,0.,-1.));
#3121=DIRECTION('ref_axis',(1.,0.,0.));
#3122=DIRECTION('',(0.57616108096678,0.409924881873715,0.707106781186556));
#3123=DIRECTION('center_axis',(0.,0.,1.));
#3124=DIRECTION('ref_axis',(1.,0.,0.));
#3125=DIRECTION('',(-0.57616108096678,0.409924881873715,-0.707106781186556));
#3126=DIRECTION('center_axis',(0.,0.,-1.));
#3127=DIRECTION('ref_axis',(1.,0.,0.));
#3128=DIRECTION('center_axis',(0.,0.,1.));
#3129=DIRECTION('ref_axis',(-1.,0.,0.));
#3130=DIRECTION('',(1.33226762955019E-15,-1.,0.));
#3131=DIRECTION('center_axis',(0.,0.,1.));
#3132=DIRECTION('ref_axis',(-1.,0.,0.));
#3133=DIRECTION('center_axis',(0.,0.,-1.));
#3134=DIRECTION('ref_axis',(-1.,0.,0.));
#3135=DIRECTION('center_axis',(0.,0.,1.));
#3136=DIRECTION('ref_axis',(0.,1.,0.));
#3137=DIRECTION('',(1.33226762955019E-15,-1.,0.));
#3138=DIRECTION('center_axis',(0.,0.,1.));
#3139=DIRECTION('ref_axis',(1.,0.,0.));
#3140=DIRECTION('',(0.,0.,1.));
#3141=DIRECTION('center_axis',(0.,0.,1.));
#3142=DIRECTION('ref_axis',(1.,0.,0.));
#3143=DIRECTION('',(0.593561215928429,-0.180987712857763,0.784173788608164));
#3144=DIRECTION('',(-0.593561215928435,-0.180987712857764,-0.784173788608159));
#3145=DIRECTION('center_axis',(0.,0.,-1.));
#3146=DIRECTION('ref_axis',(1.,0.,0.));
#3147=DIRECTION('',(0.576161080966813,0.409924881873703,0.707106781186536));
#3148=DIRECTION('center_axis',(0.,0.,1.));
#3149=DIRECTION('ref_axis',(1.,0.,0.));
#3150=DIRECTION('',(-0.576161080966813,0.409924881873703,-0.707106781186536));
#3151=DIRECTION('center_axis',(0.,0.,-1.));
#3152=DIRECTION('ref_axis',(1.,0.,0.));
#3153=DIRECTION('center_axis',(0.,0.,1.));
#3154=DIRECTION('ref_axis',(-1.,0.,0.));
#3155=DIRECTION('',(1.33226762955019E-15,-1.,0.));
#3156=DIRECTION('center_axis',(0.,0.,1.));
#3157=DIRECTION('ref_axis',(-1.,0.,0.));
#3158=DIRECTION('center_axis',(0.,0.,-1.));
#3159=DIRECTION('ref_axis',(-1.,0.,0.));
#3160=DIRECTION('center_axis',(0.,0.,1.));
#3161=DIRECTION('ref_axis',(-0.0442323732675423,0.999021269620983,0.));
#3162=DIRECTION('',(1.33226762955019E-15,-1.,0.));
#3163=DIRECTION('center_axis',(0.,0.,1.));
#3164=DIRECTION('ref_axis',(1.,0.,0.));
#3165=DIRECTION('',(0.,0.,1.));
#3166=DIRECTION('center_axis',(0.,0.,1.));
#3167=DIRECTION('ref_axis',(1.,0.,0.));
#3168=DIRECTION('center_axis',(1.33226762955019E-15,-1.,0.));
#3169=DIRECTION('ref_axis',(-0.707106781186553,0.,0.707106781186542));
#3170=DIRECTION('',(-1.33226762955019E-15,1.,0.));
#3171=DIRECTION('center_axis',(1.33226762955019E-15,-1.,0.));
#3172=DIRECTION('ref_axis',(-0.707106781186553,0.,0.707106781186542));
#3173=DIRECTION('',(-1.33226762955019E-15,1.,0.));
#3174=DIRECTION('center_axis',(-1.11022302462516E-15,1.,0.));
#3175=DIRECTION('ref_axis',(0.707106781186553,0.,0.707106781186542));
#3176=DIRECTION('',(1.11022302462516E-15,-1.,0.));
#3177=DIRECTION('center_axis',(-1.11022302462516E-15,1.,0.));
#3178=DIRECTION('ref_axis',(0.707106781186553,0.,0.707106781186542));
#3179=DIRECTION('',(1.11022302462516E-15,-1.,0.));
#3180=DIRECTION('center_axis',(0.707106781186548,-0.707106781186548,0.));
#3181=DIRECTION('ref_axis',(0.,0.,-1.));
#3182=DIRECTION('',(0.,0.,1.));
#3183=DIRECTION('',(-0.707106781186548,-0.707106781186548,0.));
#3184=DIRECTION('center_axis',(0.577350269189623,0.577350269189627,0.577350269189628));
#3185=DIRECTION('ref_axis',(0.70710678118655,0.,-0.707106781186545));
#3186=DIRECTION('',(-0.70710678118655,0.707106781186545,0.));
#3187=DIRECTION('',(0.,-0.707106781186548,0.707106781186547));
#3188=DIRECTION('center_axis',(0.707106781186545,0.70710678118655,0.));
#3189=DIRECTION('ref_axis',(0.,0.,-1.));
#3190=DIRECTION('',(0.70710678118655,-0.707106781186545,0.));
#3191=DIRECTION('',(0.,0.,-1.));
#3192=DIRECTION('center_axis',(-7.3027556217855E-17,0.707106781186547,0.707106781186548));
#3193=DIRECTION('ref_axis',(1.,0.,1.03276560430254E-16));
#3194=DIRECTION('',(2.09345661157837E-15,-0.707106781186548,0.707106781186547));
#3195=DIRECTION('',(-1.,-1.03276560430254E-16,0.));
#3196=DIRECTION('',(1.,1.03276560430254E-16,0.));
#3197=DIRECTION('center_axis',(8.40607623962609E-50,1.,0.));
#3198=DIRECTION('ref_axis',(-1.,8.40607623962609E-50,2.41196518889339E-17));
#3199=DIRECTION('',(-1.,8.40607623962609E-50,2.41196518889339E-17));
#3200=DIRECTION('',(0.,0.,-1.));
#3201=DIRECTION('',(-1.,8.40607623962609E-50,0.));
#3202=DIRECTION('center_axis',(0.,0.,-1.));
#3203=DIRECTION('ref_axis',(1.,0.,0.));
#3204=DIRECTION('',(-2.96059473233375E-15,1.,0.));
#3205=DIRECTION('',(1.,3.38999396832108E-16,0.));
#3206=DIRECTION('',(-1.23113840354473E-14,1.,0.));
#3207=DIRECTION('',(-1.,-6.77998793664218E-16,0.));
#3208=DIRECTION('',(2.96059473233375E-15,1.,0.));
#3209=DIRECTION('',(-1.,-5.92118946466751E-16,0.));
#3210=DIRECTION('',(1.86821126840662E-34,-1.,0.));
#3211=DIRECTION('center_axis',(0.,0.,1.));
#3212=DIRECTION('ref_axis',(-1.,0.,0.));
#3213=DIRECTION('center_axis',(0.,0.,1.));
#3214=DIRECTION('ref_axis',(-1.,0.,0.));
#3215=DIRECTION('center_axis',(0.,0.,1.));
#3216=DIRECTION('ref_axis',(-1.,0.,0.));
#3217=DIRECTION('center_axis',(0.,0.,1.));
#3218=DIRECTION('ref_axis',(-1.,0.,0.));
#3219=DIRECTION('center_axis',(0.,0.,1.));
#3220=DIRECTION('ref_axis',(-1.,0.,0.));
#3221=DIRECTION('center_axis',(0.,0.,1.));
#3222=DIRECTION('ref_axis',(-1.,0.,0.));
#3223=DIRECTION('center_axis',(0.,0.,1.));
#3224=DIRECTION('ref_axis',(-1.,0.,0.));
#3225=DIRECTION('center_axis',(0.,0.,1.));
#3226=DIRECTION('ref_axis',(-1.,0.,0.));
#3227=DIRECTION('center_axis',(-0.57735026918963,0.577350269189623,0.577350269189624));
#3228=DIRECTION('ref_axis',(0.707106781186544,0.,0.707106781186551));
#3229=DIRECTION('',(0.,0.707106781186548,-0.707106781186547));
#3230=DIRECTION('',(-0.707106781186543,-0.707106781186552,0.));
#3231=DIRECTION('',(0.707106781186544,0.,0.707106781186551));
#3232=DIRECTION('center_axis',(-0.707106781186552,0.707106781186543,0.));
#3233=DIRECTION('ref_axis',(0.,0.,1.));
#3234=DIRECTION('',(0.707106781186543,0.707106781186552,0.));
#3235=DIRECTION('',(0.,0.,-1.));
#3236=DIRECTION('',(0.,0.,1.));
#3237=DIRECTION('center_axis',(-0.707106781186552,-0.707106781186543,0.));
#3238=DIRECTION('ref_axis',(0.,0.,1.));
#3239=DIRECTION('',(0.,0.,1.));
#3240=DIRECTION('',(-0.707106781186543,0.707106781186552,0.));
#3241=DIRECTION('',(0.577350269189622,-0.577350269189628,0.577350269189627));
#3242=DIRECTION('center_axis',(-0.57735026918963,0.577350269189623,0.577350269189624));
#3243=DIRECTION('ref_axis',(0.707106781186544,0.,0.707106781186551));
#3244=DIRECTION('',(-0.707106781186543,-0.707106781186552,0.));
#3245=DIRECTION('',(0.707106781186544,0.,0.707106781186551));
#3246=DIRECTION('',(0.,0.707106781186548,-0.707106781186547));
#3247=DIRECTION('center_axis',(-0.707106781186551,-1.32102485657945E-34,
0.707106781186544));
#3248=DIRECTION('ref_axis',(0.707106781186544,0.,0.707106781186551));
#3249=DIRECTION('',(-1.86821126840662E-34,1.,0.));
#3250=DIRECTION('center_axis',(-4.18691322315674E-16,0.707106781186547,
0.707106781186548));
#3251=DIRECTION('ref_axis',(1.,0.,5.9211894646675E-16));
#3252=DIRECTION('',(-2.09345661157837E-15,-0.707106781186548,0.707106781186547));
#3253=DIRECTION('',(1.,5.92118946466751E-16,0.));
#3254=DIRECTION('center_axis',(-0.707106781186552,0.707106781186543,0.));
#3255=DIRECTION('ref_axis',(0.,0.,1.));
#3256=DIRECTION('',(0.,0.,-1.));
#3257=DIRECTION('',(0.,0.,1.));
#3258=DIRECTION('',(0.577350269189622,0.577350269189629,0.577350269189627));
#3259=DIRECTION('center_axis',(-0.707106781186551,-1.32102485657945E-34,
0.707106781186544));
#3260=DIRECTION('ref_axis',(0.707106781186544,0.,0.707106781186551));
#3261=DIRECTION('',(1.86821126840662E-34,-1.,0.));
#3262=DIRECTION('',(-1.86821126840662E-34,1.,0.));
#3263=DIRECTION('center_axis',(-7.30275562178549E-17,0.707106781186547,
0.707106781186548));
#3264=DIRECTION('ref_axis',(1.,0.,1.03276560430254E-16));
#3265=DIRECTION('',(0.,-0.707106781186548,0.707106781186547));
#3266=DIRECTION('',(1.,1.03276560430254E-16,0.));
#3267=DIRECTION('',(-1.,-1.03276560430254E-16,0.));
#3268=DIRECTION('center_axis',(1.,1.86821126840662E-34,0.));
#3269=DIRECTION('ref_axis',(-1.86821126840662E-34,1.,-7.74559797549879E-18));
#3270=DIRECTION('',(-1.86821126840662E-34,1.,0.));
#3271=DIRECTION('center_axis',(1.03276560430254E-16,-1.,0.));
#3272=DIRECTION('ref_axis',(1.,1.03276560430254E-16,-2.41196518889339E-17));
#3273=DIRECTION('',(1.,1.03276560430254E-16,0.));
#3274=DIRECTION('',(0.,0.,-1.));
#3275=DIRECTION('',(-1.,-5.9211894646675E-16,0.));
#3276=DIRECTION('',(0.,0.,-1.));
#3277=DIRECTION('',(-1.,-1.03276560430254E-16,0.));
#3278=DIRECTION('',(0.,0.,-1.));
#3279=DIRECTION('',(1.,1.03276560430254E-16,0.));
#3280=DIRECTION('',(0.,0.,1.));
#3281=DIRECTION('center_axis',(-0.707106781186562,-7.85046229341902E-16,
-0.707106781186533));
#3282=DIRECTION('ref_axis',(-0.707106781186533,0.,0.707106781186562));
#3283=DIRECTION('',(0.707106781186533,0.,-0.707106781186562));
#3284=DIRECTION('',(1.11022302462516E-15,-1.,0.));
#3285=DIRECTION('',(-0.707106781186533,0.,0.707106781186562));
#3286=DIRECTION('',(-1.11022302462516E-15,1.,0.));
#3287=DIRECTION('center_axis',(0.,0.,1.));
#3288=DIRECTION('ref_axis',(-0.707106781186547,0.707106781186547,0.));
#3289=DIRECTION('center_axis',(0.,0.,-1.));
#3290=DIRECTION('ref_axis',(-0.707106781186548,0.707106781186548,0.));
#3291=DIRECTION('',(0.,-0.70710678118654,-0.707106781186555));
#3292=DIRECTION('center_axis',(0.,0.,1.));
#3293=DIRECTION('ref_axis',(-0.707106781186548,0.707106781186548,0.));
#3294=DIRECTION('center_axis',(5.94399351221073E-50,0.707106781186549,-0.707106781186546));
#3295=DIRECTION('ref_axis',(-1.,0.,-8.40607623962612E-50));
#3296=DIRECTION('',(0.,-0.707106781186546,-0.707106781186549));
#3297=DIRECTION('',(-1.,8.40607623962609E-50,0.));
#3298=DIRECTION('',(1.,-8.40607623962609E-50,0.));
#3299=DIRECTION('center_axis',(0.,0.,1.));
#3300=DIRECTION('ref_axis',(0.707106781186541,0.707106781186554,0.));
#3301=DIRECTION('center_axis',(0.,0.,-1.));
#3302=DIRECTION('ref_axis',(0.707106781186541,0.707106781186554,0.));
#3303=DIRECTION('',(-0.70710678118654,0.,-0.707106781186555));
#3304=DIRECTION('center_axis',(0.,0.,1.));
#3305=DIRECTION('ref_axis',(0.707106781186541,0.707106781186554,0.));
#3306=DIRECTION('center_axis',(0.70710678118653,9.42055475210242E-16,-0.707106781186565));
#3307=DIRECTION('ref_axis',(-0.707106781186565,0.,-0.70710678118653));
#3308=DIRECTION('',(-0.707106781186565,0.,-0.70710678118653));
#3309=DIRECTION('',(-1.33226762955019E-15,1.,0.));
#3310=DIRECTION('',(1.33226762955019E-15,-1.,0.));
#3311=DIRECTION('center_axis',(0.,0.,1.));
#3312=DIRECTION('ref_axis',(0.707106781186554,-0.707106781186541,0.));
#3313=DIRECTION('center_axis',(0.,0.,-1.));
#3314=DIRECTION('ref_axis',(0.707106781186554,-0.707106781186541,0.));
#3315=DIRECTION('',(0.,0.707106781186549,-0.707106781186546));
#3316=DIRECTION('center_axis',(0.,0.,1.));
#3317=DIRECTION('ref_axis',(0.707106781186554,-0.707106781186541,0.));
#3318=DIRECTION('center_axis',(2.7912754821045E-16,-0.707106781186549,-0.707106781186546));
#3319=DIRECTION('ref_axis',(-1.,0.,-3.94745964311169E-16));
#3320=DIRECTION('',(0.,0.707106781186546,-0.707106781186549));
#3321=DIRECTION('',(1.,3.94745964311167E-16,0.));
#3322=DIRECTION('',(-1.,-3.94745964311167E-16,0.));
#3323=DIRECTION('center_axis',(0.,0.,1.));
#3324=DIRECTION('ref_axis',(-0.707106781186547,-0.707106781186547,0.));
#3325=DIRECTION('center_axis',(0.,0.,-1.));
#3326=DIRECTION('ref_axis',(-0.707106781186548,-0.707106781186548,0.));
#3327=DIRECTION('center_axis',(0.,0.,1.));
#3328=DIRECTION('ref_axis',(-0.707106781186548,-0.707106781186548,0.));
#3329=DIRECTION('center_axis',(0.,0.,-1.));
#3330=DIRECTION('ref_axis',(0.707106781186541,0.707106781186554,0.));
#3331=DIRECTION('',(0.,0.,1.));
#3332=DIRECTION('center_axis',(0.,0.,-1.));
#3333=DIRECTION('ref_axis',(0.707106781186541,0.707106781186554,0.));
#3334=DIRECTION('',(0.,0.,-1.));
#3335=DIRECTION('center_axis',(8.40607623962609E-50,1.,0.));
#3336=DIRECTION('ref_axis',(1.,-8.40607623962609E-50,-2.41196518889339E-17));
#3337=DIRECTION('',(0.,0.,-1.));
#3338=DIRECTION('',(-1.,8.40607623962609E-50,0.));
#3339=DIRECTION('center_axis',(0.,0.,-1.));
#3340=DIRECTION('ref_axis',(-0.707106781186548,0.707106781186548,0.));
#3341=DIRECTION('',(0.,0.,1.));
#3342=DIRECTION('center_axis',(0.,0.,-1.));
#3343=DIRECTION('ref_axis',(-0.707106781186548,0.707106781186548,0.));
#3344=DIRECTION('center_axis',(-1.,-1.11022302462516E-15,0.));
#3345=DIRECTION('ref_axis',(-1.11022302462516E-15,1.,-7.74559797549876E-18));
#3346=DIRECTION('',(0.,0.,1.));
#3347=DIRECTION('',(1.11022302462516E-15,-1.,0.));
#3348=DIRECTION('',(0.,0.,-1.));
#3349=DIRECTION('',(1.11022302462516E-15,-1.,0.));
#3350=DIRECTION('',(0.,0.,1.));
#3351=DIRECTION('',(0.,0.,1.));
#3352=DIRECTION('',(1.11022302462516E-15,-1.,0.));
#3353=DIRECTION('',(0.,0.,1.));
#3354=DIRECTION('center_axis',(0.,0.,-1.));
#3355=DIRECTION('ref_axis',(-1.,0.,0.));
#3356=DIRECTION('center_axis',(0.,0.,-1.));
#3357=DIRECTION('ref_axis',(-1.,0.,0.));
#3358=DIRECTION('center_axis',(0.,0.,1.));
#3359=DIRECTION('ref_axis',(-9.47390314346809E-15,-1.,0.));
#3360=DIRECTION('center_axis',(0.,0.,1.));
#3361=DIRECTION('ref_axis',(-1.,0.,0.));
#3362=DIRECTION('center_axis',(0.,0.,1.));
#3363=DIRECTION('ref_axis',(1.,0.,0.));
#3364=DIRECTION('center_axis',(0.,0.,1.));
#3365=DIRECTION('ref_axis',(0.0442323732675401,-0.999021269620983,0.));
#3366=DIRECTION('center_axis',(0.,0.,1.));
#3367=DIRECTION('ref_axis',(-1.,0.,0.));
#3368=DIRECTION('center_axis',(0.,0.,1.));
#3369=DIRECTION('ref_axis',(1.,0.,0.));
#3370=DIRECTION('center_axis',(0.,0.,-1.));
#3371=DIRECTION('ref_axis',(-0.707106781186548,-0.707106781186548,0.));
#3372=DIRECTION('',(1.,3.94745964311167E-16,0.));
#3373=DIRECTION('center_axis',(0.,0.,-1.));
#3374=DIRECTION('ref_axis',(0.707106781186554,-0.707106781186541,0.));
#3375=DIRECTION('',(-1.33226762955019E-15,1.,0.));
#3376=DIRECTION('center_axis',(0.,0.,1.));
#3377=DIRECTION('ref_axis',(0.,1.,0.));
#3378=DIRECTION('center_axis',(0.,0.,1.));
#3379=DIRECTION('ref_axis',(-1.,0.,0.));
#3380=DIRECTION('center_axis',(0.,0.,1.));
#3381=DIRECTION('ref_axis',(-1.,0.,0.));
#3382=DIRECTION('',(-1.33226762955019E-15,1.,0.));
#3383=DIRECTION('center_axis',(0.,0.,1.));
#3384=DIRECTION('ref_axis',(-0.0442323732675423,0.999021269620983,0.));
#3385=DIRECTION('center_axis',(0.,0.,1.));
#3386=DIRECTION('ref_axis',(-1.,0.,0.));
#3387=DIRECTION('center_axis',(0.,0.,1.));
#3388=DIRECTION('ref_axis',(-1.,0.,0.));
#3389=DIRECTION('',(-1.33226762955019E-15,1.,0.));
#3390=DIRECTION('center_axis',(0.,0.,-1.));
#3391=DIRECTION('ref_axis',(-1.,0.,0.));
#3392=DIRECTION('center_axis',(0.,0.,-1.));
#3393=DIRECTION('ref_axis',(-1.,0.,0.));
#3394=DIRECTION('center_axis',(0.,0.,-1.));
#3395=DIRECTION('ref_axis',(-1.,0.,0.));
#3396=DIRECTION('center_axis',(0.,0.,-1.));
#3397=DIRECTION('ref_axis',(-1.,0.,0.));
#3398=DIRECTION('center_axis',(0.,0.,-1.));
#3399=DIRECTION('ref_axis',(0.707106781186554,-0.707106781186541,0.));
#3400=DIRECTION('',(0.,0.,1.));
#3401=DIRECTION('',(0.,0.,-1.));
#3402=DIRECTION('center_axis',(3.94745964311167E-16,-1.,0.));
#3403=DIRECTION('ref_axis',(-1.,-3.94745964311167E-16,2.41196518889339E-17));
#3404=DIRECTION('',(0.,0.,1.));
#3405=DIRECTION('',(0.,0.,-1.));
#3406=DIRECTION('center_axis',(-3.94745964311167E-16,1.,0.));
#3407=DIRECTION('ref_axis',(1.,0.,0.));
#3408=DIRECTION('',(-1.,-3.94745964311167E-16,0.));
#3409=DIRECTION('center_axis',(-3.94745964311167E-16,1.,0.));
#3410=DIRECTION('ref_axis',(0.,0.,-1.));
#3411=DIRECTION('',(0.,0.,1.));
#3412=DIRECTION('center_axis',(-3.94745964311167E-16,1.,0.));
#3413=DIRECTION('ref_axis',(-1.,0.,0.));
#3414=DIRECTION('',(1.,3.94745964311167E-16,0.));
#3415=DIRECTION('center_axis',(-3.94745964311167E-16,1.,0.));
#3416=DIRECTION('ref_axis',(0.,0.,1.));
#3417=DIRECTION('center_axis',(0.,0.,-1.));
#3418=DIRECTION('ref_axis',(-0.707106781186548,-0.707106781186548,0.));
#3419=DIRECTION('center_axis',(0.,0.,-1.));
#3420=DIRECTION('ref_axis',(1.,0.,0.));
#3421=DIRECTION('center_axis',(0.,0.,-1.));
#3422=DIRECTION('ref_axis',(-1.,0.,0.));
#3423=DIRECTION('center_axis',(0.,0.,-1.));
#3424=DIRECTION('ref_axis',(1.,0.,0.));
#3425=DIRECTION('center_axis',(0.,0.,-1.));
#3426=DIRECTION('ref_axis',(-1.,0.,0.));
#3427=DIRECTION('center_axis',(0.,0.,-1.));
#3428=DIRECTION('ref_axis',(1.,0.,0.));
#3429=DIRECTION('center_axis',(0.,0.,-1.));
#3430=DIRECTION('ref_axis',(-1.,0.,0.));
#3431=DIRECTION('center_axis',(0.,0.,-1.));
#3432=DIRECTION('ref_axis',(1.,0.,0.));
#3433=DIRECTION('center_axis',(0.,0.,-1.));
#3434=DIRECTION('ref_axis',(-1.,0.,0.));
#3435=DIRECTION('center_axis',(0.,0.,-1.));
#3436=DIRECTION('ref_axis',(-1.,0.,0.));
#3437=DIRECTION('',(0.,0.,1.));
#3438=DIRECTION('center_axis',(0.,0.,-1.));
#3439=DIRECTION('ref_axis',(-1.,0.,0.));
#3440=DIRECTION('',(0.,0.,-1.));
#3441=DIRECTION('',(0.,0.,1.));
#3442=DIRECTION('center_axis',(0.,0.,-1.));
#3443=DIRECTION('ref_axis',(0.,1.,0.));
#3444=DIRECTION('',(0.,0.,1.));
#3445=DIRECTION('',(0.,0.,-1.));
#3446=DIRECTION('center_axis',(0.,0.,-1.));
#3447=DIRECTION('ref_axis',(0.999755287463133,-0.0221216000666479,0.));
#3448=DIRECTION('center_axis',(0.,0.,-1.));
#3449=DIRECTION('ref_axis',(-1.,0.,0.));
#3450=DIRECTION('',(0.,0.,1.));
#3451=DIRECTION('center_axis',(0.,0.,-1.));
#3452=DIRECTION('ref_axis',(1.,0.,0.));
#3453=DIRECTION('',(0.,0.,-1.));
#3454=DIRECTION('center_axis',(0.,0.,-1.));
#3455=DIRECTION('ref_axis',(0.0442323732675401,-0.999021269620983,0.));
#3456=DIRECTION('',(0.,0.,-1.));
#3457=DIRECTION('center_axis',(0.,0.,-1.));
#3458=DIRECTION('ref_axis',(-1.,0.,0.));
#3459=DIRECTION('center_axis',(0.,0.,-1.));
#3460=DIRECTION('ref_axis',(-1.,0.,0.));
#3461=DIRECTION('',(0.,0.,1.));
#3462=DIRECTION('center_axis',(0.,0.,-1.));
#3463=DIRECTION('ref_axis',(-1.,0.,0.));
#3464=DIRECTION('',(0.,0.,-1.));
#3465=DIRECTION('',(0.,0.,1.));
#3466=DIRECTION('center_axis',(0.,0.,-1.));
#3467=DIRECTION('ref_axis',(-0.0442323732675423,0.999021269620983,0.));
#3468=DIRECTION('',(0.,0.,1.));
#3469=DIRECTION('',(0.,0.,-1.));
#3470=DIRECTION('center_axis',(0.,0.,-1.));
#3471=DIRECTION('ref_axis',(0.999755287463133,0.0221216000666432,0.));
#3472=DIRECTION('center_axis',(0.,0.,-1.));
#3473=DIRECTION('ref_axis',(-1.,0.,0.));
#3474=DIRECTION('',(0.,0.,1.));
#3475=DIRECTION('center_axis',(0.,0.,-1.));
#3476=DIRECTION('ref_axis',(1.,0.,0.));
#3477=DIRECTION('',(0.,0.,-1.));
#3478=DIRECTION('center_axis',(0.,0.,-1.));
#3479=DIRECTION('ref_axis',(-9.47390314346809E-15,-1.,0.));
#3480=DIRECTION('',(0.,0.,-1.));
#3481=DIRECTION('center_axis',(0.,0.,-1.));
#3482=DIRECTION('ref_axis',(-1.,0.,0.));
#3483=DIRECTION('center_axis',(0.,0.,-1.));
#3484=DIRECTION('ref_axis',(-1.,0.,0.));
#3485=DIRECTION('',(-0.707106781186546,8.65956056235492E-17,0.707106781186549));
#3486=DIRECTION('center_axis',(0.,0.,-1.));
#3487=DIRECTION('ref_axis',(-1.,0.,0.));
#3488=DIRECTION('center_axis',(0.,0.,1.));
#3489=DIRECTION('ref_axis',(-1.,0.,0.));
#3490=DIRECTION('center_axis',(0.,0.,1.));
#3491=DIRECTION('ref_axis',(-1.,0.,0.));
#3492=DIRECTION('',(0.,0.,-1.));
#3493=DIRECTION('center_axis',(0.,0.,-1.));
#3494=DIRECTION('ref_axis',(-1.,0.,0.));
#3495=DIRECTION('',(-0.707106781186546,8.65956056235492E-17,0.707106781186549));
#3496=DIRECTION('center_axis',(0.,0.,-1.));
#3497=DIRECTION('ref_axis',(-1.,0.,0.));
#3498=DIRECTION('center_axis',(0.,0.,1.));
#3499=DIRECTION('ref_axis',(-1.,0.,0.));
#3500=DIRECTION('center_axis',(0.,0.,1.));
#3501=DIRECTION('ref_axis',(-1.,0.,0.));
#3502=DIRECTION('',(0.,0.,-1.));
#3503=DIRECTION('center_axis',(0.,0.,-1.));
#3504=DIRECTION('ref_axis',(-1.,0.,0.));
#3505=DIRECTION('',(-0.707106781186546,8.65956056235492E-17,0.707106781186549));
#3506=DIRECTION('center_axis',(0.,0.,-1.));
#3507=DIRECTION('ref_axis',(-1.,0.,0.));
#3508=DIRECTION('center_axis',(0.,0.,1.));
#3509=DIRECTION('ref_axis',(-1.,0.,0.));
#3510=DIRECTION('center_axis',(0.,0.,1.));
#3511=DIRECTION('ref_axis',(-1.,0.,0.));
#3512=DIRECTION('',(0.,0.,-1.));
#3513=DIRECTION('center_axis',(0.,0.,-1.));
#3514=DIRECTION('ref_axis',(-1.,0.,0.));
#3515=DIRECTION('',(-0.707106781186546,8.65956056235492E-17,0.707106781186549));
#3516=DIRECTION('center_axis',(0.,0.,-1.));
#3517=DIRECTION('ref_axis',(-1.,0.,0.));
#3518=DIRECTION('center_axis',(0.,0.,1.));
#3519=DIRECTION('ref_axis',(-1.,0.,0.));
#3520=DIRECTION('center_axis',(0.,0.,1.));
#3521=DIRECTION('ref_axis',(-1.,0.,0.));
#3522=DIRECTION('',(0.,0.,-1.));
#3523=DIRECTION('center_axis',(0.,0.,-1.));
#3524=DIRECTION('ref_axis',(-1.,0.,0.));
#3525=DIRECTION('',(-0.707106781186546,8.65956056235492E-17,0.707106781186549));
#3526=DIRECTION('center_axis',(0.,0.,-1.));
#3527=DIRECTION('ref_axis',(-1.,0.,0.));
#3528=DIRECTION('center_axis',(0.,0.,1.));
#3529=DIRECTION('ref_axis',(-1.,0.,0.));
#3530=DIRECTION('center_axis',(0.,0.,1.));
#3531=DIRECTION('ref_axis',(-1.,0.,0.));
#3532=DIRECTION('',(0.,0.,-1.));
#3533=DIRECTION('center_axis',(0.,0.,-1.));
#3534=DIRECTION('ref_axis',(-1.,0.,0.));
#3535=DIRECTION('',(-0.707106781186546,8.65956056235492E-17,0.707106781186549));
#3536=DIRECTION('center_axis',(0.,0.,-1.));
#3537=DIRECTION('ref_axis',(-1.,0.,0.));
#3538=DIRECTION('center_axis',(0.,0.,1.));
#3539=DIRECTION('ref_axis',(-1.,0.,0.));
#3540=DIRECTION('center_axis',(0.,0.,1.));
#3541=DIRECTION('ref_axis',(-1.,0.,0.));
#3542=DIRECTION('',(0.,0.,-1.));
#3543=DIRECTION('center_axis',(0.,0.,-1.));
#3544=DIRECTION('ref_axis',(-1.,0.,0.));
#3545=DIRECTION('',(-0.707106781186546,8.65956056235492E-17,0.707106781186549));
#3546=DIRECTION('center_axis',(0.,0.,-1.));
#3547=DIRECTION('ref_axis',(-1.,0.,0.));
#3548=DIRECTION('center_axis',(0.,0.,1.));
#3549=DIRECTION('ref_axis',(-1.,0.,0.));
#3550=DIRECTION('center_axis',(0.,0.,1.));
#3551=DIRECTION('ref_axis',(-1.,0.,0.));
#3552=DIRECTION('',(0.,0.,-1.));
#3553=DIRECTION('center_axis',(0.,0.,-1.));
#3554=DIRECTION('ref_axis',(-1.,0.,0.));
#3555=DIRECTION('',(-0.707106781186546,8.65956056235492E-17,0.707106781186549));
#3556=DIRECTION('center_axis',(0.,0.,-1.));
#3557=DIRECTION('ref_axis',(-1.,0.,0.));
#3558=DIRECTION('center_axis',(0.,0.,1.));
#3559=DIRECTION('ref_axis',(-1.,0.,0.));
#3560=DIRECTION('center_axis',(0.,0.,1.));
#3561=DIRECTION('ref_axis',(-1.,0.,0.));
#3562=DIRECTION('',(0.,0.,-1.));
#3563=DIRECTION('center_axis',(0.,0.,1.));
#3564=DIRECTION('ref_axis',(-1.,0.,0.));
#3565=DIRECTION('center_axis',(0.,0.,-1.));
#3566=DIRECTION('ref_axis',(-1.,0.,0.));
#3567=DIRECTION('',(0.,0.,-1.));
#3568=DIRECTION('center_axis',(0.,0.,1.));
#3569=DIRECTION('ref_axis',(-1.,0.,0.));
#3570=DIRECTION('center_axis',(0.,0.,1.));
#3571=DIRECTION('ref_axis',(-1.,0.,0.));
#3572=DIRECTION('center_axis',(0.,0.,-1.));
#3573=DIRECTION('ref_axis',(1.,0.,0.));
#3574=DIRECTION('center_axis',(0.,0.,1.));
#3575=DIRECTION('ref_axis',(-1.,0.,0.));
#3576=DIRECTION('center_axis',(0.,0.,-1.));
#3577=DIRECTION('ref_axis',(-1.,0.,0.));
#3578=DIRECTION('',(0.,0.,-1.));
#3579=DIRECTION('center_axis',(0.,0.,1.));
#3580=DIRECTION('ref_axis',(-1.,0.,0.));
#3581=DIRECTION('center_axis',(0.,0.,1.));
#3582=DIRECTION('ref_axis',(-1.,0.,0.));
#3583=DIRECTION('center_axis',(0.,0.,-1.));
#3584=DIRECTION('ref_axis',(1.,0.,0.));
#3585=DIRECTION('center_axis',(0.,0.,1.));
#3586=DIRECTION('ref_axis',(-1.,0.,0.));
#3587=DIRECTION('center_axis',(0.,0.,-1.));
#3588=DIRECTION('ref_axis',(-1.,0.,0.));
#3589=DIRECTION('',(0.,0.,-1.));
#3590=DIRECTION('center_axis',(0.,0.,1.));
#3591=DIRECTION('ref_axis',(-1.,0.,0.));
#3592=DIRECTION('center_axis',(0.,0.,1.));
#3593=DIRECTION('ref_axis',(-1.,0.,0.));
#3594=DIRECTION('center_axis',(0.,0.,-1.));
#3595=DIRECTION('ref_axis',(1.,0.,0.));
#3596=DIRECTION('center_axis',(0.,0.,1.));
#3597=DIRECTION('ref_axis',(-1.,0.,0.));
#3598=DIRECTION('center_axis',(0.,0.,-1.));
#3599=DIRECTION('ref_axis',(-1.,0.,0.));
#3600=DIRECTION('',(0.,0.,-1.));
#3601=DIRECTION('center_axis',(0.,0.,1.));
#3602=DIRECTION('ref_axis',(-1.,0.,0.));
#3603=DIRECTION('center_axis',(0.,0.,1.));
#3604=DIRECTION('ref_axis',(-1.,0.,0.));
#3605=DIRECTION('center_axis',(0.,0.,1.));
#3606=DIRECTION('ref_axis',(-1.,0.,0.));
#3607=DIRECTION('center_axis',(0.,0.,-1.));
#3608=DIRECTION('ref_axis',(-1.,0.,0.));
#3609=DIRECTION('',(0.,0.,-1.));
#3610=DIRECTION('center_axis',(0.,0.,1.));
#3611=DIRECTION('ref_axis',(-1.,0.,0.));
#3612=DIRECTION('center_axis',(0.,0.,1.));
#3613=DIRECTION('ref_axis',(-1.,0.,0.));
#3614=DIRECTION('center_axis',(0.,0.,-1.));
#3615=DIRECTION('ref_axis',(1.,0.,0.));
#3616=DIRECTION('center_axis',(0.,0.,1.));
#3617=DIRECTION('ref_axis',(-1.,0.,0.));
#3618=DIRECTION('center_axis',(0.,0.,-1.));
#3619=DIRECTION('ref_axis',(-1.,0.,0.));
#3620=DIRECTION('',(0.,0.,-1.));
#3621=DIRECTION('center_axis',(0.,0.,1.));
#3622=DIRECTION('ref_axis',(-1.,0.,0.));
#3623=DIRECTION('center_axis',(0.,0.,1.));
#3624=DIRECTION('ref_axis',(-1.,0.,0.));
#3625=DIRECTION('center_axis',(0.,0.,-1.));
#3626=DIRECTION('ref_axis',(1.,0.,0.));
#3627=DIRECTION('center_axis',(0.,0.,1.));
#3628=DIRECTION('ref_axis',(-1.,0.,0.));
#3629=DIRECTION('center_axis',(0.,0.,-1.));
#3630=DIRECTION('ref_axis',(-1.,0.,0.));
#3631=DIRECTION('',(0.,0.,-1.));
#3632=DIRECTION('center_axis',(0.,0.,1.));
#3633=DIRECTION('ref_axis',(-1.,0.,0.));
#3634=DIRECTION('center_axis',(0.,0.,1.));
#3635=DIRECTION('ref_axis',(-1.,0.,0.));
#3636=DIRECTION('center_axis',(0.,0.,-1.));
#3637=DIRECTION('ref_axis',(1.,0.,0.));
#3638=DIRECTION('center_axis',(0.,0.,1.));
#3639=DIRECTION('ref_axis',(-1.,0.,0.));
#3640=DIRECTION('center_axis',(0.,0.,-1.));
#3641=DIRECTION('ref_axis',(-1.,0.,0.));
#3642=DIRECTION('',(0.,0.,-1.));
#3643=DIRECTION('center_axis',(0.,0.,1.));
#3644=DIRECTION('ref_axis',(-1.,0.,0.));
#3645=DIRECTION('center_axis',(0.,0.,1.));
#3646=DIRECTION('ref_axis',(-1.,0.,0.));
#3647=DIRECTION('center_axis',(0.,0.,-1.));
#3648=DIRECTION('ref_axis',(1.,0.,0.));
#3649=DIRECTION('center_axis',(-1.,0.,0.));
#3650=DIRECTION('ref_axis',(0.,0.,-1.));
#3651=DIRECTION('',(0.,0.,-1.));
#3652=DIRECTION('',(0.,-1.,0.));
#3653=DIRECTION('',(0.,-1.,0.));
#3654=DIRECTION('center_axis',(0.,-1.,0.));
#3655=DIRECTION('ref_axis',(0.,0.,-1.));
#3656=DIRECTION('center_axis',(0.,-1.,0.));
#3657=DIRECTION('ref_axis',(0.,0.,-1.));
#3658=DIRECTION('',(0.,-1.,0.));
#3659=DIRECTION('center_axis',(0.,0.,-1.));
#3660=DIRECTION('ref_axis',(1.,2.06553120860494E-16,0.));
#3661=DIRECTION('',(1.,0.,0.));
#3662=DIRECTION('',(0.,-1.,0.));
#3663=DIRECTION('center_axis',(0.,-1.,0.));
#3664=DIRECTION('ref_axis',(1.,0.,0.));
#3665=DIRECTION('center_axis',(0.,-1.,0.));
#3666=DIRECTION('ref_axis',(1.,0.,0.));
#3667=DIRECTION('',(0.,-1.,0.));
#3668=DIRECTION('center_axis',(1.,0.,0.));
#3669=DIRECTION('ref_axis',(0.,0.,1.));
#3670=DIRECTION('',(0.,0.,1.));
#3671=DIRECTION('',(0.,-1.,0.));
#3672=DIRECTION('center_axis',(0.,-1.,0.));
#3673=DIRECTION('ref_axis',(0.,0.,1.));
#3674=DIRECTION('center_axis',(0.,-1.,0.));
#3675=DIRECTION('ref_axis',(0.,0.,1.));
#3676=DIRECTION('',(0.,-1.,0.));
#3677=DIRECTION('center_axis',(0.,0.,1.));
#3678=DIRECTION('ref_axis',(-1.,-2.06553120860494E-16,0.));
#3679=DIRECTION('',(-1.,0.,0.));
#3680=DIRECTION('',(0.,-1.,0.));
#3681=DIRECTION('center_axis',(0.,-1.,0.));
#3682=DIRECTION('ref_axis',(-1.,0.,0.));
#3683=DIRECTION('center_axis',(0.,-1.,0.));
#3684=DIRECTION('ref_axis',(-1.,0.,0.));
#3685=DIRECTION('center_axis',(0.,0.,1.));
#3686=DIRECTION('ref_axis',(-1.,-2.06553120860494E-16,0.));
#3687=DIRECTION('',(0.,-1.,0.));
#3688=DIRECTION('',(-1.,-2.06553120860494E-16,0.));
#3689=DIRECTION('',(0.,-1.,0.));
#3690=DIRECTION('center_axis',(1.,0.,0.));
#3691=DIRECTION('ref_axis',(0.,0.,1.));
#3692=DIRECTION('',(0.,-1.,0.));
#3693=DIRECTION('',(0.,0.,1.));
#3694=DIRECTION('center_axis',(0.,0.,-1.));
#3695=DIRECTION('ref_axis',(1.,2.06553120860494E-16,0.));
#3696=DIRECTION('',(0.,-1.,0.));
#3697=DIRECTION('',(1.,2.06553120860494E-16,0.));
#3698=DIRECTION('center_axis',(-1.,0.,0.));
#3699=DIRECTION('ref_axis',(0.,0.,-1.));
#3700=DIRECTION('',(0.,0.,-1.));
#3701=DIRECTION('center_axis',(0.,-1.,0.));
#3702=DIRECTION('ref_axis',(0.,0.,-1.));
#3703=DIRECTION('center_axis',(0.,0.,-1.));
#3704=DIRECTION('ref_axis',(-1.,0.,0.));
#3705=DIRECTION('center_axis',(0.,0.,-1.));
#3706=DIRECTION('ref_axis',(-1.,0.,0.));
#3707=DIRECTION('',(0.,0.,-1.));
#3708=DIRECTION('center_axis',(0.,0.,-1.));
#3709=DIRECTION('ref_axis',(-1.,0.,0.));
#3710=DIRECTION('center_axis',(0.,0.,1.));
#3711=DIRECTION('ref_axis',(-1.,0.,0.));
#3712=DIRECTION('center_axis',(0.,0.,-1.));
#3713=DIRECTION('ref_axis',(-1.,0.,0.));
#3714=DIRECTION('center_axis',(0.,0.,-1.));
#3715=DIRECTION('ref_axis',(-1.,0.,0.));
#3716=DIRECTION('',(0.,0.,-1.));
#3717=DIRECTION('center_axis',(0.,0.,-1.));
#3718=DIRECTION('ref_axis',(-1.,0.,0.));
#3719=DIRECTION('center_axis',(0.,0.,1.));
#3720=DIRECTION('ref_axis',(-1.,0.,0.));
#3721=DIRECTION('center_axis',(1.,0.,0.));
#3722=DIRECTION('ref_axis',(0.,-1.,0.));
#3723=DIRECTION('',(0.,-1.,0.));
#3724=DIRECTION('',(0.,0.,1.));
#3725=DIRECTION('',(0.,-1.,0.));
#3726=DIRECTION('',(0.,1.,0.));
#3727=DIRECTION('',(0.,0.,-1.));
#3728=DIRECTION('center_axis',(0.,0.,-1.));
#3729=DIRECTION('ref_axis',(-1.,0.,0.));
#3730=DIRECTION('',(1.,6.77998793664218E-16,0.));
#3731=DIRECTION('',(1.,5.92118946466751E-16,0.));
#3732=DIRECTION('',(2.96059473233375E-15,1.,0.));
#3733=DIRECTION('center_axis',(0.,0.,-1.));
#3734=DIRECTION('ref_axis',(-1.,0.,0.));
#3735=DIRECTION('',(-1.,-3.38999396832108E-16,0.));
#3736=DIRECTION('',(-2.96059473233375E-15,1.,0.));
#3737=DIRECTION('',(0.,-1.,0.));
#3738=DIRECTION('center_axis',(1.,0.,0.));
#3739=DIRECTION('ref_axis',(0.,-1.,0.));
#3740=DIRECTION('',(0.,-1.,0.));
#3741=DIRECTION('',(0.,0.,1.));
#3742=DIRECTION('',(0.,1.,0.));
#3743=DIRECTION('center_axis',(-5.92118946466751E-16,1.,0.));
#3744=DIRECTION('ref_axis',(-1.,-5.92118946466751E-16,0.));
#3745=DIRECTION('',(0.,0.,1.));
#3746=DIRECTION('',(-1.,-5.92118946466751E-16,0.));
#3747=DIRECTION('center_axis',(0.,-1.,0.));
#3748=DIRECTION('ref_axis',(1.,0.,0.));
#3749=DIRECTION('',(1.,0.,0.));
#3750=DIRECTION('',(0.,0.,1.));
#3751=DIRECTION('',(1.,0.,0.));
#3752=DIRECTION('center_axis',(-1.,-2.96059473233375E-15,0.));
#3753=DIRECTION('ref_axis',(2.96059473233375E-15,-1.,0.));
#3754=DIRECTION('',(0.,0.,1.));
#3755=DIRECTION('center_axis',(0.,0.,1.));
#3756=DIRECTION('ref_axis',(1.,0.,0.));
#3757=DIRECTION('',(3.94745964311166E-15,-1.,0.));
#3758=DIRECTION('',(-1.,-7.0771188820727E-16,0.));
#3759=DIRECTION('center_axis',(-7.0771188820727E-16,1.,0.));
#3760=DIRECTION('ref_axis',(-1.,-7.0771188820727E-16,0.));
#3761=DIRECTION('',(0.,0.,1.));
#3762=DIRECTION('',(1.,7.0771188820727E-16,0.));
#3763=DIRECTION('center_axis',(-1.,-3.94745964311166E-15,0.));
#3764=DIRECTION('ref_axis',(3.94745964311166E-15,-1.,0.));
#3765=DIRECTION('',(-3.94745964311166E-15,1.,0.));
#3766=DIRECTION('center_axis',(0.,0.,1.));
#3767=DIRECTION('ref_axis',(-1.,0.,0.));
#3768=DIRECTION('',(1.,6.77998793664218E-16,0.));
#3769=DIRECTION('',(1.23113840354473E-14,-1.,0.));
#3770=DIRECTION('',(-1.,-3.38999396832108E-16,0.));
#3771=DIRECTION('center_axis',(-3.38999396832108E-16,1.,0.));
#3772=DIRECTION('ref_axis',(-1.,-3.38999396832108E-16,0.));
#3773=DIRECTION('',(0.,0.,1.));
#3774=DIRECTION('center_axis',(-1.,-1.23113840354473E-14,0.));
#3775=DIRECTION('ref_axis',(1.23113840354473E-14,-1.,0.));
#3776=DIRECTION('',(0.,0.,1.));
#3777=DIRECTION('center_axis',(6.77998793664218E-16,-1.,0.));
#3778=DIRECTION('ref_axis',(1.,6.77998793664218E-16,0.));
#3779=DIRECTION('',(0.,0.,1.));
#3780=DIRECTION('center_axis',(-1.,2.96059473233375E-15,0.));
#3781=DIRECTION('ref_axis',(-2.96059473233375E-15,-1.,0.));
#3782=DIRECTION('center_axis',(0.,0.,-1.));
#3783=DIRECTION('ref_axis',(1.,0.,0.));
#3784=DIRECTION('center_axis',(1.,1.33226762955019E-15,0.));
#3785=DIRECTION('ref_axis',(1.33226762955019E-15,-1.,7.74559797549876E-18));
#3786=CARTESIAN_POINT('',(0.,0.,0.));
#3787=CARTESIAN_POINT('Origin',(85.0000019074769,66.975003004074,-15.));
#3788=CARTESIAN_POINT('',(90.0000019074769,66.975003004074,-15.));
#3789=CARTESIAN_POINT('',(86.5000019074769,66.975003004074,-15.));
#3790=CARTESIAN_POINT('',(106.500001907477,66.9750030040741,-15.));
#3791=CARTESIAN_POINT('',(90.0000019074769,66.975003004074,-15.5));
#3792=CARTESIAN_POINT('',(90.0000019074769,66.975003004074,-15.));
#3793=CARTESIAN_POINT('',(85.0000019074769,66.975003004074,-15.5));
#3794=CARTESIAN_POINT('',(85.0000019074769,66.975003004074,-15.5));
#3795=CARTESIAN_POINT('',(85.0000019074769,66.975003004074,-13.5));
#3796=CARTESIAN_POINT('',(85.0000019074769,66.975003004074,-15.));
#3797=CARTESIAN_POINT('',(85.7500019074769,66.9750030040741,-14.25));
#3798=CARTESIAN_POINT('Origin',(87.5000019074769,76.9750030040741,-15.5));
#3799=CARTESIAN_POINT('',(85.0000019074769,86.9750030040741,-15.5));
#3800=CARTESIAN_POINT('',(85.0000019074769,82.9750030040741,-15.5));
#3801=CARTESIAN_POINT('',(90.0000019074769,86.9750030040741,-15.5));
#3802=CARTESIAN_POINT('',(90.0000019074769,66.975003004074,-15.5));
#3803=CARTESIAN_POINT('',(90.0000019074769,86.9750030040741,-15.5));
#3804=CARTESIAN_POINT('Origin',(90.0000019074769,86.9750030040741,-15.));
#3805=CARTESIAN_POINT('',(86.5000019074769,86.9750030040741,-15.));
#3806=CARTESIAN_POINT('',(90.0000019074769,86.9750030040741,-15.));
#3807=CARTESIAN_POINT('',(109.000001907477,86.9750030040741,-15.));
#3808=CARTESIAN_POINT('',(85.0000019074769,86.9750030040741,-13.5));
#3809=CARTESIAN_POINT('',(87.0000019074769,86.9750030040741,-15.5));
#3810=CARTESIAN_POINT('',(85.0000019074769,86.9750030040741,-15.));
#3811=CARTESIAN_POINT('',(90.0000019074769,86.9750030040741,-15.));
#3812=CARTESIAN_POINT('Origin',(90.0000019074769,66.975003004074,-15.));
#3813=CARTESIAN_POINT('',(90.0000019074769,73.4750030040741,-15.));
#3814=CARTESIAN_POINT('Origin',(85.7500019074769,98.9750030040742,-14.25));
#3815=CARTESIAN_POINT('',(86.5000019074769,117.975003004074,-15.));
#3816=CARTESIAN_POINT('',(86.5000019074769,98.9750030040742,-15.));
#3817=CARTESIAN_POINT('',(85.0000019074769,116.475003004074,-13.5));
#3818=CARTESIAN_POINT('',(85.0000019074769,116.475003004074,-13.5));
#3819=CARTESIAN_POINT('',(85.0000019074769,98.9750030040742,-13.5));
#3820=CARTESIAN_POINT('Origin',(85.7500019074769,98.9750030040742,-14.25));
#3821=CARTESIAN_POINT('',(85.0000019074769,43.4750030040741,-13.5));
#3822=CARTESIAN_POINT('',(85.0000019074769,98.9750030040742,-13.5));
#3823=CARTESIAN_POINT('',(86.5000019074769,43.4750030040741,-15.));
#3824=CARTESIAN_POINT('',(85.0000019074769,43.4750030040741,-13.5));
#3825=CARTESIAN_POINT('',(86.5000019074769,98.9750030040742,-15.));
#3826=CARTESIAN_POINT('Origin',(85.0000019074769,117.975003004074,3.69738074675606E-15));
#3827=CARTESIAN_POINT('',(85.0000019074769,116.475003004074,0.));
#3828=CARTESIAN_POINT('',(85.0000019074769,116.475003004074,2.66023571553197E-15));
#3829=CARTESIAN_POINT('',(85.0000019074769,43.4750030040741,0.));
#3830=CARTESIAN_POINT('',(85.0000019074769,98.9750018102875,0.));
#3831=CARTESIAN_POINT('',(85.0000019074769,43.4750030040741,3.99171346982501E-15));
#3832=CARTESIAN_POINT('',(85.0000019074769,82.9750030040741,-6.5));
#3833=CARTESIAN_POINT('Origin',(85.0000019074769,76.9750030040741,-6.5));
#3834=CARTESIAN_POINT('Origin',(83.000001907477,76.9750030040741,-6.5));
#3835=CARTESIAN_POINT('',(83.000001907477,82.9750030040741,-6.5));
#3836=CARTESIAN_POINT('Origin',(83.000001907477,76.9750030040741,-6.5));
#3837=CARTESIAN_POINT('',(83.000001907477,82.9750030040741,-6.5));
#3838=CARTESIAN_POINT('Ctrl Pts',(82.0000019074769,107.583806215646,-4.5));
#3839=CARTESIAN_POINT('Ctrl Pts',(82.08692621963,107.298732165035,-4.5));
#3840=CARTESIAN_POINT('Ctrl Pts',(82.1249954781508,107.01573354897,-4.50784013156927));
#3841=CARTESIAN_POINT('Ctrl Pts',(82.1249954781508,106.474827899198,-4.50784013156928));
#3842=CARTESIAN_POINT('Ctrl Pts',(82.08692621963,106.191829283133,-4.5));
#3843=CARTESIAN_POINT('Ctrl Pts',(82.0000019074769,105.906755232522,-4.5));
#3844=CARTESIAN_POINT('Ctrl Pts',(82.1551536232988,107.631114822474,-4.70497617691337));
#3845=CARTESIAN_POINT('Ctrl Pts',(82.2418897791225,107.334503381605,-4.72023873232448));
#3846=CARTESIAN_POINT('Ctrl Pts',(82.279894653707,107.033521080607,-4.73604270361549));
#3847=CARTESIAN_POINT('Ctrl Pts',(82.279894653707,106.457040367561,-4.73604270361549));
#3848=CARTESIAN_POINT('Ctrl Pts',(82.2418897791225,106.156058066563,-4.72023873232448));
#3849=CARTESIAN_POINT('Ctrl Pts',(82.1551536232988,105.859446625694,-4.70497617691336));
#3850=CARTESIAN_POINT('Ctrl Pts',(82.3103053391206,107.678423429302,-4.90995235382673));
#3851=CARTESIAN_POINT('Ctrl Pts',(82.3969026514438,107.3697781319,-4.94013198906614));
#3852=CARTESIAN_POINT('Ctrl Pts',(82.4348030951403,107.05127367308,-4.96418869432998));
#3853=CARTESIAN_POINT('Ctrl Pts',(82.4348030951404,106.439287775088,-4.96418869432998));
#3854=CARTESIAN_POINT('Ctrl Pts',(82.3969026514438,106.120783316268,-4.94013198906614));
#3855=CARTESIAN_POINT('Ctrl Pts',(82.3103053391206,105.812138018866,-4.90995235382673));
#3856=CARTESIAN_POINT('Ctrl Pts',(82.4654570549424,107.72573203613,-5.11492853074009));
#3857=CARTESIAN_POINT('Ctrl Pts',(82.5518662109362,107.40554934847,-5.16037072139062));
#3858=CARTESIAN_POINT('Ctrl Pts',(82.5897022706965,107.069061204717,-5.19239126637619));
#3859=CARTESIAN_POINT('Ctrl Pts',(82.5897022706965,106.421500243451,-5.19239126637619));
#3860=CARTESIAN_POINT('Ctrl Pts',(82.5518662109362,106.085012099697,-5.16037072139062));
#3861=CARTESIAN_POINT('Ctrl Pts',(82.4654570549424,105.764829412038,-5.11492853074009));
#3862=CARTESIAN_POINT('',(82.4654570549424,105.764829412038,-5.11492853074009));
#3863=CARTESIAN_POINT('',(82.0000019074769,105.906755232522,-4.5));
#3864=CARTESIAN_POINT('',(82.4654570549424,105.764829412038,-5.11492853074009));
#3865=CARTESIAN_POINT('',(82.0000019074769,107.583806215646,-4.5));
#3866=CARTESIAN_POINT('Ctrl Pts',(82.0000019074769,105.906755232522,-4.5));
#3867=CARTESIAN_POINT('Ctrl Pts',(82.08692621963,106.191829283133,-4.5));
#3868=CARTESIAN_POINT('Ctrl Pts',(82.1249954781508,106.474827899198,-4.50784013156928));
#3869=CARTESIAN_POINT('Ctrl Pts',(82.1249954781508,107.01573354897,-4.50784013156927));
#3870=CARTESIAN_POINT('Ctrl Pts',(82.08692621963,107.298732165035,-4.5));
#3871=CARTESIAN_POINT('Ctrl Pts',(82.0000019074769,107.583806215646,-4.5));
#3872=CARTESIAN_POINT('',(82.4654570549424,107.72573203613,-5.11492853074009));
#3873=CARTESIAN_POINT('',(82.0000019074769,107.583806215646,-4.5));
#3874=CARTESIAN_POINT('Ctrl Pts',(82.4654570549424,107.72573203613,-5.11492853074009));
#3875=CARTESIAN_POINT('Ctrl Pts',(82.5518662109362,107.40554934847,-5.16037072139062));
#3876=CARTESIAN_POINT('Ctrl Pts',(82.5897022706965,107.069061204717,-5.19239126637619));
#3877=CARTESIAN_POINT('Ctrl Pts',(82.5897022706965,106.421500243451,-5.19239126637619));
#3878=CARTESIAN_POINT('Ctrl Pts',(82.5518662109362,106.085012099697,-5.16037072139062));
#3879=CARTESIAN_POINT('Ctrl Pts',(82.4654570549424,105.764829412038,-5.11492853074009));
#3880=CARTESIAN_POINT('Origin',(79.2500019074769,106.745280724084,-4.75));
#3881=CARTESIAN_POINT('',(82.0000019074769,108.701840204396,-5.));
#3882=CARTESIAN_POINT('',(81.5925945000695,108.411979540646,-4.5));
#3883=CARTESIAN_POINT('',(82.0000019074769,108.701840204396,-5.));
#3884=CARTESIAN_POINT('',(76.3750019074769,106.745280724084,-4.5));
#3885=CARTESIAN_POINT('Origin',(79.2500019074769,106.745280724084,-4.5));
#3886=CARTESIAN_POINT('',(81.5925945000695,105.078581907522,-4.5));
#3887=CARTESIAN_POINT('Origin',(79.2500019074769,106.745280724084,-4.5));
#3888=CARTESIAN_POINT('',(82.0000019074769,104.788721243772,-5.));
#3889=CARTESIAN_POINT('',(81.5925945000695,105.078581907522,-4.5));
#3890=CARTESIAN_POINT('Origin',(79.2500019074769,106.745280724084,-5.));
#3891=CARTESIAN_POINT('Ctrl Pts',(82.4654570549424,107.72573203613,-5.11492853074009));
#3892=CARTESIAN_POINT('Ctrl Pts',(82.3712731052508,108.074723642399,-5.06539761067863));
#3893=CARTESIAN_POINT('Ctrl Pts',(82.2102822944011,108.406285144951,-4.99999999646125));
#3894=CARTESIAN_POINT('Ctrl Pts',(82.0000018906482,108.70184022805,-5.));
#3895=CARTESIAN_POINT('Ctrl Pts',(82.3103053391206,107.678423429302,-4.90995235382673));
#3896=CARTESIAN_POINT('Ctrl Pts',(82.2174759820104,108.009602861784,-4.87693174045242));
#3897=CARTESIAN_POINT('Ctrl Pts',(82.0640956086271,108.324260235279,-4.83333333097416));
#3898=CARTESIAN_POINT('Ctrl Pts',(81.8641994223434,108.605220005632,-4.83333333333333));
#3899=CARTESIAN_POINT('Ctrl Pts',(82.1551536232988,107.631114822474,-4.70497617691336));
#3900=CARTESIAN_POINT('Ctrl Pts',(82.0636788587699,107.944482081169,-4.68846587022621));
#3901=CARTESIAN_POINT('Ctrl Pts',(81.917908922853,108.242235325606,-4.66666666548708));
#3902=CARTESIAN_POINT('Ctrl Pts',(81.7283969540387,108.508599783213,-4.66666666666667));
#3903=CARTESIAN_POINT('Ctrl Pts',(82.0000019074769,107.583806215646,-4.5));
#3904=CARTESIAN_POINT('Ctrl Pts',(81.9098817355295,107.879361300554,-4.5));
#3905=CARTESIAN_POINT('Ctrl Pts',(81.771722237079,108.160210415934,-4.5));
#3906=CARTESIAN_POINT('Ctrl Pts',(81.5925944857339,108.411979560795,-4.5));
#3907=CARTESIAN_POINT('Ctrl Pts',(82.000001907477,108.701840204396,-5.));
#3908=CARTESIAN_POINT('Ctrl Pts',(82.2102823029905,108.406285127261,-4.99999999995043));
#3909=CARTESIAN_POINT('Ctrl Pts',(82.3712731077633,108.074723633089,-5.06539761199995));
#3910=CARTESIAN_POINT('Ctrl Pts',(82.4654570549424,107.72573203613,-5.11492853074009));
#3911=CARTESIAN_POINT('Ctrl Pts',(82.0000019074769,107.583806215646,-4.5));
#3912=CARTESIAN_POINT('Ctrl Pts',(81.9098817379336,107.879361292669,-4.5));
#3913=CARTESIAN_POINT('Ctrl Pts',(81.7717222444503,108.160210400949,-4.5));
#3914=CARTESIAN_POINT('Ctrl Pts',(81.5925945000695,108.411979540646,-4.5));
#3915=CARTESIAN_POINT('Ctrl Pts',(82.0000019074769,104.788721243772,-5.));
#3916=CARTESIAN_POINT('Ctrl Pts',(82.2102823030781,105.084276320794,-5.));
#3917=CARTESIAN_POINT('Ctrl Pts',(82.3712731077633,105.415837815079,-5.06539761199995));
#3918=CARTESIAN_POINT('Ctrl Pts',(82.4654570549424,105.764829412038,-5.11492853074009));
#3919=CARTESIAN_POINT('Ctrl Pts',(81.8641994383411,104.885341465022,-4.83333333333333));
#3920=CARTESIAN_POINT('Ctrl Pts',(82.0640956168756,105.166301229599,-4.83333333333333));
#3921=CARTESIAN_POINT('Ctrl Pts',(82.2174759844867,105.480958595219,-4.8769317413333));
#3922=CARTESIAN_POINT('Ctrl Pts',(82.3103053391206,105.812138018866,-4.90995235382672));
#3923=CARTESIAN_POINT('Ctrl Pts',(81.7283969692053,104.981961686272,-4.66666666666667));
#3924=CARTESIAN_POINT('Ctrl Pts',(81.9179089306731,105.248326138403,-4.66666666666667));
#3925=CARTESIAN_POINT('Ctrl Pts',(82.0636788612101,105.546079375359,-4.68846587066665));
#3926=CARTESIAN_POINT('Ctrl Pts',(82.1551536232988,105.859446625694,-4.70497617691336));
#3927=CARTESIAN_POINT('Ctrl Pts',(81.5925945000695,105.078581907522,-4.5));
#3928=CARTESIAN_POINT('Ctrl Pts',(81.7717222444705,105.330351047208,-4.5));
#3929=CARTESIAN_POINT('Ctrl Pts',(81.9098817379336,105.611200155499,-4.5));
#3930=CARTESIAN_POINT('Ctrl Pts',(82.0000019074769,105.906755232522,-4.5));
#3931=CARTESIAN_POINT('Ctrl Pts',(82.4654570549424,105.764829412038,-5.11492853074009));
#3932=CARTESIAN_POINT('Ctrl Pts',(82.3712731077633,105.415837815079,-5.06539761199995));
#3933=CARTESIAN_POINT('Ctrl Pts',(82.2102823030781,105.084276320794,-5.));
#3934=CARTESIAN_POINT('Ctrl Pts',(82.0000019074769,104.788721243772,-5.));
#3935=CARTESIAN_POINT('Ctrl Pts',(81.5925945000695,105.078581907522,-4.5));
#3936=CARTESIAN_POINT('Ctrl Pts',(81.7717222444705,105.330351047208,-4.5));
#3937=CARTESIAN_POINT('Ctrl Pts',(81.9098817379336,105.611200155499,-4.5));
#3938=CARTESIAN_POINT('Ctrl Pts',(82.0000019074769,105.906755232522,-4.5));
#3939=CARTESIAN_POINT('Origin',(79.2500019074769,106.575572987292,-5.));
#3940=CARTESIAN_POINT('',(82.0000019074769,101.58806422317,-5.));
#3941=CARTESIAN_POINT('',(82.000001907477,73.275287995683,-5.));
#3942=CARTESIAN_POINT('',(79.0841305077236,102.998950963005,-5.));
#3943=CARTESIAN_POINT('Origin',(78.9029062429787,98.9058652504997,-5.));
#3944=CARTESIAN_POINT('',(79.2500019074769,110.495280724084,-5.));
#3945=CARTESIAN_POINT('Origin',(79.2500019074769,106.745280724084,-5.));
#3946=CARTESIAN_POINT('',(82.0000019074769,111.695770967288,-5.));
#3947=CARTESIAN_POINT('Origin',(79.250001907477,114.245280724084,-5.));
#3948=CARTESIAN_POINT('',(82.000001907477,73.275287995683,-5.));
#3949=CARTESIAN_POINT('Origin',(79.2500019074769,106.745280724084,-5.));
#3950=CARTESIAN_POINT('',(76.3750019074769,106.745280724084,-2.));
#3951=CARTESIAN_POINT('',(76.3750019074769,106.745280724084,-5.));
#3952=CARTESIAN_POINT('Origin',(79.2500019074769,106.745280724084,-2.));
#3953=CARTESIAN_POINT('Ctrl Pts',(82.000001907477,54.0432507756266,-4.5));
#3954=CARTESIAN_POINT('Ctrl Pts',(82.0993439785091,53.7174518606417,-4.5));
#3955=CARTESIAN_POINT('Ctrl Pts',(82.1631348782231,53.1683999549374,-4.51522636460722));
#3956=CARTESIAN_POINT('Ctrl Pts',(82.074508460751,52.6105489787407,-4.5));
#3957=CARTESIAN_POINT('Ctrl Pts',(82.000001907477,52.3661997925021,-4.5));
#3958=CARTESIAN_POINT('Ctrl Pts',(82.1551536232988,54.0905593824543,-4.70497617691336));
#3959=CARTESIAN_POINT('Ctrl Pts',(82.2542994443654,53.7513857485943,-4.72228748763736));
#3960=CARTESIAN_POINT('Ctrl Pts',(82.3179642355807,53.1650673335688,-4.75141716251537));
#3961=CARTESIAN_POINT('Ctrl Pts',(82.2295129890988,52.5732714110694,-4.71795965995636));
#3962=CARTESIAN_POINT('Ctrl Pts',(82.1551536232988,52.3188911856744,-4.70497617691336));
#3963=CARTESIAN_POINT('Ctrl Pts',(82.3103053391206,54.137867989282,-4.90995235382672));
#3964=CARTESIAN_POINT('Ctrl Pts',(82.4092549102218,53.7853196365469,-4.94457497527472));
#3965=CARTESIAN_POINT('Ctrl Pts',(82.4727935929382,53.1617347122003,-4.98760796042352));
#3966=CARTESIAN_POINT('Ctrl Pts',(82.3845175174465,52.535993843398,-4.93591931991272));
#3967=CARTESIAN_POINT('Ctrl Pts',(82.3103053391206,52.2715825788467,-4.90995235382672));
#3968=CARTESIAN_POINT('Ctrl Pts',(82.4654570549425,54.1851765961097,-5.11492853074008));
#3969=CARTESIAN_POINT('Ctrl Pts',(82.5642103760782,53.8192535244994,-5.16686246291209));
#3970=CARTESIAN_POINT('Ctrl Pts',(82.6276229502958,53.1584020908317,-5.22379875833168));
#3971=CARTESIAN_POINT('Ctrl Pts',(82.5395220457942,52.4987162757267,-5.15387897986908));
#3972=CARTESIAN_POINT('Ctrl Pts',(82.4654570549425,52.2242739720189,-5.11492853074008));
#3973=CARTESIAN_POINT('',(82.4654570549425,52.2242739720189,-5.11492853074008));
#3974=CARTESIAN_POINT('',(82.000001907477,52.3661997925021,-4.5));
#3975=CARTESIAN_POINT('',(82.4654570549425,52.2242739720189,-5.11492853074008));
#3976=CARTESIAN_POINT('',(82.000001907477,54.0432507756266,-4.5));
#3977=CARTESIAN_POINT('Ctrl Pts',(82.000001907477,52.3661997925021,-4.5));
#3978=CARTESIAN_POINT('Ctrl Pts',(82.074508460751,52.6105489787407,-4.5));
#3979=CARTESIAN_POINT('Ctrl Pts',(82.1631348782231,53.1683999549374,-4.51522636460722));
#3980=CARTESIAN_POINT('Ctrl Pts',(82.0993439785091,53.7174518606417,-4.5));
#3981=CARTESIAN_POINT('Ctrl Pts',(82.000001907477,54.0432507756266,-4.5));
#3982=CARTESIAN_POINT('',(82.4654570549425,54.1851765961097,-5.11492853074008));
#3983=CARTESIAN_POINT('',(82.000001907477,54.0432507756266,-4.5));
#3984=CARTESIAN_POINT('Ctrl Pts',(82.4654570549425,54.1851765961097,-5.11492853074008));
#3985=CARTESIAN_POINT('Ctrl Pts',(82.5642103760782,53.8192535244994,-5.16686246291209));
#3986=CARTESIAN_POINT('Ctrl Pts',(82.6276229502958,53.1584020908317,-5.22379875833168));
#3987=CARTESIAN_POINT('Ctrl Pts',(82.5395220457942,52.4987162757267,-5.15387897986908));
#3988=CARTESIAN_POINT('Ctrl Pts',(82.4654570549425,52.2242739720189,-5.11492853074008));
#3989=CARTESIAN_POINT('Origin',(79.250001907477,53.2047252840643,-4.75));
#3990=CARTESIAN_POINT('',(82.000001907477,55.1612847643766,-5.));
#3991=CARTESIAN_POINT('',(81.5925945000696,54.8714241006266,-4.5));
#3992=CARTESIAN_POINT('',(82.000001907477,55.1612847643766,-5.));
#3993=CARTESIAN_POINT('',(76.375001907477,53.2047252840643,-4.5));
#3994=CARTESIAN_POINT('Origin',(79.250001907477,53.2047252840643,-4.5));
#3995=CARTESIAN_POINT('',(81.5925945000696,51.5380264675021,-4.5));
#3996=CARTESIAN_POINT('Origin',(79.250001907477,53.2047252840643,-4.5));
#3997=CARTESIAN_POINT('',(82.000001907477,51.2481658037521,-5.));
#3998=CARTESIAN_POINT('',(81.5925945000696,51.5380264675021,-4.5));
#3999=CARTESIAN_POINT('Origin',(79.250001907477,53.2047252840643,-5.));
#4000=CARTESIAN_POINT('Ctrl Pts',(82.4654570549425,54.1851765961097,-5.1149285307401));
#4001=CARTESIAN_POINT('Ctrl Pts',(82.3712731052509,54.5341682023787,-5.06539761067864));
#4002=CARTESIAN_POINT('Ctrl Pts',(82.2102822944012,54.8657297049313,-4.99999999646125));
#4003=CARTESIAN_POINT('Ctrl Pts',(82.0000018906483,55.1612847880298,-5.));
#4004=CARTESIAN_POINT('Ctrl Pts',(82.3103053391207,54.137867989282,-4.90995235382673));
#4005=CARTESIAN_POINT('Ctrl Pts',(82.2174759820105,54.4690474217637,-4.87693174045243));
#4006=CARTESIAN_POINT('Ctrl Pts',(82.0640956086272,54.7837047952589,-4.83333333097417));
#4007=CARTESIAN_POINT('Ctrl Pts',(81.8641994223435,55.0646645656118,-4.83333333333333));
#4008=CARTESIAN_POINT('Ctrl Pts',(82.1551536232988,54.0905593824543,-4.70497617691337));
#4009=CARTESIAN_POINT('Ctrl Pts',(82.06367885877,54.4039266411487,-4.68846587022621));
#4010=CARTESIAN_POINT('Ctrl Pts',(81.9179089228531,54.7016798855864,-4.66666666548708));
#4011=CARTESIAN_POINT('Ctrl Pts',(81.7283969540387,54.9680443431938,-4.66666666666667));
#4012=CARTESIAN_POINT('Ctrl Pts',(82.000001907477,54.0432507756266,-4.5));
#4013=CARTESIAN_POINT('Ctrl Pts',(81.9098817355296,54.3388058605338,-4.5));
#4014=CARTESIAN_POINT('Ctrl Pts',(81.7717222370791,54.619654975914,-4.5));
#4015=CARTESIAN_POINT('Ctrl Pts',(81.592594485734,54.8714241207757,-4.5));
#4016=CARTESIAN_POINT('Ctrl Pts',(82.000001907477,55.1612847643766,-5.));
#4017=CARTESIAN_POINT('Ctrl Pts',(82.2102823029906,54.8657296872414,-4.99999999995043));
#4018=CARTESIAN_POINT('Ctrl Pts',(82.3712731077634,54.5341681930688,-5.06539761199996));
#4019=CARTESIAN_POINT('Ctrl Pts',(82.4654570549425,54.1851765961097,-5.1149285307401));
#4020=CARTESIAN_POINT('Ctrl Pts',(82.000001907477,54.0432507756266,-4.5));
#4021=CARTESIAN_POINT('Ctrl Pts',(81.9098817379337,54.3388058526493,-4.5));
#4022=CARTESIAN_POINT('Ctrl Pts',(81.7717222444503,54.6196549609298,-4.5));
#4023=CARTESIAN_POINT('Ctrl Pts',(81.5925945000696,54.8714241006266,-4.5));
#4024=CARTESIAN_POINT('Ctrl Pts',(82.000001907477,51.2481658037521,-5.));
#4025=CARTESIAN_POINT('Ctrl Pts',(82.2102823030782,51.5437208807749,-5.));
#4026=CARTESIAN_POINT('Ctrl Pts',(82.3712731077634,51.8752823750599,-5.06539761199996));
#4027=CARTESIAN_POINT('Ctrl Pts',(82.4654570549425,52.2242739720189,-5.1149285307401));
#4028=CARTESIAN_POINT('Ctrl Pts',(81.8641994383412,51.3447860250021,-4.83333333333333));
#4029=CARTESIAN_POINT('Ctrl Pts',(82.0640956168757,51.6257457895793,-4.83333333333333));
#4030=CARTESIAN_POINT('Ctrl Pts',(82.2174759844868,51.9404031551997,-4.87693174133331));
#4031=CARTESIAN_POINT('Ctrl Pts',(82.3103053391207,52.2715825788467,-4.90995235382673));
#4032=CARTESIAN_POINT('Ctrl Pts',(81.7283969692054,51.4414062462521,-4.66666666666667));
#4033=CARTESIAN_POINT('Ctrl Pts',(81.9179089306731,51.7077706983837,-4.66666666666667));
#4034=CARTESIAN_POINT('Ctrl Pts',(82.0636788612103,52.0055239353395,-4.68846587066666));
#4035=CARTESIAN_POINT('Ctrl Pts',(82.1551536232988,52.3188911856744,-4.70497617691337));
#4036=CARTESIAN_POINT('Ctrl Pts',(81.5925945000696,51.5380264675021,-4.5));
#4037=CARTESIAN_POINT('Ctrl Pts',(81.7717222444706,51.7897956071881,-4.5));
#4038=CARTESIAN_POINT('Ctrl Pts',(81.9098817379337,52.0706447154793,-4.5));
#4039=CARTESIAN_POINT('Ctrl Pts',(82.000001907477,52.3661997925021,-4.5));
#4040=CARTESIAN_POINT('Ctrl Pts',(82.4654570549425,52.2242739720189,-5.1149285307401));
#4041=CARTESIAN_POINT('Ctrl Pts',(82.3712731077634,51.8752823750599,-5.06539761199996));
#4042=CARTESIAN_POINT('Ctrl Pts',(82.2102823030782,51.5437208807749,-5.));
#4043=CARTESIAN_POINT('Ctrl Pts',(82.000001907477,51.2481658037521,-5.));
#4044=CARTESIAN_POINT('Ctrl Pts',(81.5925945000696,51.5380264675021,-4.5));
#4045=CARTESIAN_POINT('Ctrl Pts',(81.7717222444706,51.7897956071881,-4.5));
#4046=CARTESIAN_POINT('Ctrl Pts',(81.9098817379337,52.0706447154793,-4.5));
#4047=CARTESIAN_POINT('Ctrl Pts',(82.000001907477,52.3661997925021,-4.5));
#4048=CARTESIAN_POINT('Origin',(79.250001907477,53.3744330208565,-5.));
#4049=CARTESIAN_POINT('',(82.000001907477,48.2542350408607,-5.));
#4050=CARTESIAN_POINT('',(82.000001907477,46.6747180124653,-5.));
#4051=CARTESIAN_POINT('',(79.250001907477,49.4547252840643,-5.));
#4052=CARTESIAN_POINT('Origin',(79.250001907477,45.7047252840644,-5.));
#4053=CARTESIAN_POINT('',(79.0841305077237,56.9510550451431,-5.));
#4054=CARTESIAN_POINT('Origin',(79.250001907477,53.2047252840643,-5.));
#4055=CARTESIAN_POINT('',(82.000001907477,58.3619417849779,-5.));
#4056=CARTESIAN_POINT('Origin',(78.9029062429787,61.0441407576486,-5.));
#4057=CARTESIAN_POINT('',(82.000001907477,46.6747180124653,-5.));
#4058=CARTESIAN_POINT('Origin',(79.250001907477,53.2047252840643,-5.));
#4059=CARTESIAN_POINT('',(76.375001907477,53.2047252840643,-2.));
#4060=CARTESIAN_POINT('',(76.375001907477,53.2047252840643,-5.));
#4061=CARTESIAN_POINT('Origin',(79.250001907477,53.2047252840643,-2.));
#4062=CARTESIAN_POINT('Ctrl Pts',(174.000001907477,52.3661997925015,-4.5));
#4063=CARTESIAN_POINT('Ctrl Pts',(173.913077595324,52.6512738431134,-4.5));
#4064=CARTESIAN_POINT('Ctrl Pts',(173.875008335945,52.9342724458488,-4.50784000372863));
#4065=CARTESIAN_POINT('Ctrl Pts',(173.875008335945,53.4751781222798,-4.50784000372863));
#4066=CARTESIAN_POINT('Ctrl Pts',(173.913077595324,53.7581767250152,-4.5));
#4067=CARTESIAN_POINT('Ctrl Pts',(174.000001907477,54.0432507756271,-4.5));
#4068=CARTESIAN_POINT('Ctrl Pts',(173.844850191655,52.3188911856737,-4.70497617691335));
#4069=CARTESIAN_POINT('Ctrl Pts',(173.758114035831,52.6155026265432,-4.72023873232449));
#4070=CARTESIAN_POINT('Ctrl Pts',(173.720109160389,52.9164849142121,-4.73604257577487));
#4071=CARTESIAN_POINT('Ctrl Pts',(173.720109160389,53.4929656539165,-4.73604257577486));
#4072=CARTESIAN_POINT('Ctrl Pts',(173.758114035831,53.7939479415853,-4.7202387323245));
#4073=CARTESIAN_POINT('Ctrl Pts',(173.844850191655,54.0905593824549,-4.70497617691335));
#4074=CARTESIAN_POINT('Ctrl Pts',(173.689698475833,52.271582578846,-4.9099523538267));
#4075=CARTESIAN_POINT('Ctrl Pts',(173.60310116351,52.5802278762476,-4.94013198906612));
#4076=CARTESIAN_POINT('Ctrl Pts',(173.565200712122,52.8987323466481,-4.96418852125302));
#4077=CARTESIAN_POINT('Ctrl Pts',(173.565200712122,53.5107182214805,-4.96418852125303));
#4078=CARTESIAN_POINT('Ctrl Pts',(173.60310116351,53.829222691881,-4.94013198906612));
#4079=CARTESIAN_POINT('Ctrl Pts',(173.689698475833,54.1378679892826,-4.9099523538267));
#4080=CARTESIAN_POINT('Ctrl Pts',(173.534546760012,52.2242739720182,-5.11492853074006));
#4081=CARTESIAN_POINT('Ctrl Pts',(173.448137604018,52.5444566596774,-5.16037072139062));
#4082=CARTESIAN_POINT('Ctrl Pts',(173.410301536566,52.8809448150114,-5.19239109329926));
#4083=CARTESIAN_POINT('Ctrl Pts',(173.410301536566,53.5285057531172,-5.19239109329926));
#4084=CARTESIAN_POINT('Ctrl Pts',(173.448137604018,53.8649939084511,-5.16037072139062));
#4085=CARTESIAN_POINT('Ctrl Pts',(173.534546760012,54.1851765961104,-5.11492853074005));
#4086=CARTESIAN_POINT('',(173.534546760012,54.1851765961104,-5.11492853074005));
#4087=CARTESIAN_POINT('',(174.000001907477,54.0432507756271,-4.5));
#4088=CARTESIAN_POINT('',(173.534546760012,54.1851765961104,-5.11492853074005));
#4089=CARTESIAN_POINT('',(173.875008335945,53.2047252840544,-4.50784000372863));
#4090=CARTESIAN_POINT('Ctrl Pts',(174.000001907477,54.0432507756271,-4.5));
#4091=CARTESIAN_POINT('Ctrl Pts',(173.913077595324,53.7581767250152,-4.5));
#4092=CARTESIAN_POINT('Ctrl Pts',(173.875008335945,53.4751781222798,-4.50784000372863));
#4093=CARTESIAN_POINT('Ctrl Pts',(173.875008335945,53.2047252840643,-4.50784000372863));
#4094=CARTESIAN_POINT('',(174.000001907477,52.3661997925015,-4.5));
#4095=CARTESIAN_POINT('Ctrl Pts',(173.875008335945,53.2047252840544,-4.50784000372863));
#4096=CARTESIAN_POINT('Ctrl Pts',(173.875008335945,52.9342724458488,-4.50784000372863));
#4097=CARTESIAN_POINT('Ctrl Pts',(173.913077595324,52.6512738431134,-4.5));
#4098=CARTESIAN_POINT('Ctrl Pts',(174.000001907477,52.3661997925015,-4.5));
#4099=CARTESIAN_POINT('',(173.534546760012,52.2242739720182,-5.11492853074006));
#4100=CARTESIAN_POINT('',(174.000001907477,52.3661997925015,-4.5));
#4101=CARTESIAN_POINT('Ctrl Pts',(173.534546760012,52.2242739720182,-5.11492853074006));
#4102=CARTESIAN_POINT('Ctrl Pts',(173.448137604018,52.5444566596774,-5.16037072139062));
#4103=CARTESIAN_POINT('Ctrl Pts',(173.410301536566,52.8809448150114,-5.19239109329926));
#4104=CARTESIAN_POINT('Ctrl Pts',(173.410301536566,53.5285057531172,-5.19239109329926));
#4105=CARTESIAN_POINT('Ctrl Pts',(173.448137604018,53.8649939084511,-5.16037072139062));
#4106=CARTESIAN_POINT('Ctrl Pts',(173.534546760012,54.1851765961104,-5.11492853074005));
#4107=CARTESIAN_POINT('Origin',(176.750001907477,53.2047252840643,-4.75));
#4108=CARTESIAN_POINT('',(174.000001907477,51.2481658037518,-5.));
#4109=CARTESIAN_POINT('',(174.407409314884,51.5380264675018,-4.5));
#4110=CARTESIAN_POINT('',(174.000001907477,51.2481658037518,-5.));
#4111=CARTESIAN_POINT('',(174.407409314884,54.8714241006268,-4.5));
#4112=CARTESIAN_POINT('Origin',(176.750001907477,53.2047252840643,-4.5));
#4113=CARTESIAN_POINT('',(174.000001907477,55.1612847643768,-5.));
#4114=CARTESIAN_POINT('',(174.407409314884,54.8714241006268,-4.5));
#4115=CARTESIAN_POINT('Origin',(176.750001907477,53.2047252840643,-5.));
#4116=CARTESIAN_POINT('Ctrl Pts',(173.534546760012,52.2242739720182,-5.11492853074006));
#4117=CARTESIAN_POINT('Ctrl Pts',(173.628730709703,51.8752823657494,-5.06539761067859));
#4118=CARTESIAN_POINT('Ctrl Pts',(173.789721520553,51.543720863197,-4.99999999646124));
#4119=CARTESIAN_POINT('Ctrl Pts',(174.000001924306,51.2481657800986,-5.));
#4120=CARTESIAN_POINT('Ctrl Pts',(173.689698475833,52.271582578846,-4.9099523538267));
#4121=CARTESIAN_POINT('Ctrl Pts',(173.782527832944,51.9404031463644,-4.8769317404524));
#4122=CARTESIAN_POINT('Ctrl Pts',(173.935908206327,51.6257457728694,-4.83333333097416));
#4123=CARTESIAN_POINT('Ctrl Pts',(174.13580439261,51.3447860025166,-4.83333333333333));
#4124=CARTESIAN_POINT('Ctrl Pts',(173.844850191655,52.3188911856737,-4.70497617691335));
#4125=CARTESIAN_POINT('Ctrl Pts',(173.936324956184,52.0055239269794,-4.6884658702262));
#4126=CARTESIAN_POINT('Ctrl Pts',(174.082094892101,51.7077706825419,-4.66666666548708));
#4127=CARTESIAN_POINT('Ctrl Pts',(174.271606860915,51.4414062249347,-4.66666666666667));
#4128=CARTESIAN_POINT('Ctrl Pts',(174.000001907477,52.3661997925015,-4.5));
#4129=CARTESIAN_POINT('Ctrl Pts',(174.090122079425,52.0706447075944,-4.5));
#4130=CARTESIAN_POINT('Ctrl Pts',(174.228281577875,51.7897955922143,-4.5));
#4131=CARTESIAN_POINT('Ctrl Pts',(174.40740932922,51.5380264473528,-4.5));
#4132=CARTESIAN_POINT('Ctrl Pts',(174.000001907477,51.2481658037518,-5.));
#4133=CARTESIAN_POINT('Ctrl Pts',(173.789721511963,51.5437208808868,-4.99999999995041));
#4134=CARTESIAN_POINT('Ctrl Pts',(173.628730707191,51.8752823750593,-5.06539761199991));
#4135=CARTESIAN_POINT('Ctrl Pts',(173.534546760012,52.2242739720182,-5.11492853074006));
#4136=CARTESIAN_POINT('Ctrl Pts',(174.000001907477,52.3661997925015,-4.5));
#4137=CARTESIAN_POINT('Ctrl Pts',(174.09012207702,52.0706447154788,-4.5));
#4138=CARTESIAN_POINT('Ctrl Pts',(174.228281570504,51.7897956071985,-4.5));
#4139=CARTESIAN_POINT('Ctrl Pts',(174.407409314884,51.5380264675018,-4.5));
#4140=CARTESIAN_POINT('Ctrl Pts',(174.000001907477,55.1612847643768,-5.));
#4141=CARTESIAN_POINT('Ctrl Pts',(173.789721511876,54.8657296873541,-4.99999999999999));
#4142=CARTESIAN_POINT('Ctrl Pts',(173.628730707191,54.5341681930692,-5.06539761199993));
#4143=CARTESIAN_POINT('Ctrl Pts',(173.534546760012,54.1851765961104,-5.11492853074007));
#4144=CARTESIAN_POINT('Ctrl Pts',(174.135804376613,55.0646645431268,-4.83333333333333));
#4145=CARTESIAN_POINT('Ctrl Pts',(173.935908198078,54.7837047785497,-4.83333333333333));
#4146=CARTESIAN_POINT('Ctrl Pts',(173.782527830467,54.4690474129294,-4.87693174133328));
#4147=CARTESIAN_POINT('Ctrl Pts',(173.689698475833,54.1378679892826,-4.90995235382672));
#4148=CARTESIAN_POINT('Ctrl Pts',(174.271606845749,54.9680443218768,-4.66666666666667));
#4149=CARTESIAN_POINT('Ctrl Pts',(174.082094884281,54.7016798697453,-4.66666666666666));
#4150=CARTESIAN_POINT('Ctrl Pts',(173.936324953744,54.4039266327896,-4.68846587066664));
#4151=CARTESIAN_POINT('Ctrl Pts',(173.844850191655,54.0905593824549,-4.70497617691336));
#4152=CARTESIAN_POINT('Ctrl Pts',(174.407409314884,54.8714241006268,-4.5));
#4153=CARTESIAN_POINT('Ctrl Pts',(174.228281570483,54.6196549609408,-4.5));
#4154=CARTESIAN_POINT('Ctrl Pts',(174.09012207702,54.3388058526498,-4.5));
#4155=CARTESIAN_POINT('Ctrl Pts',(174.000001907477,54.0432507756271,-4.5));
#4156=CARTESIAN_POINT('Ctrl Pts',(173.534546760012,54.1851765961104,-5.11492853074007));
#4157=CARTESIAN_POINT('Ctrl Pts',(173.628730707191,54.5341681930692,-5.06539761199993));
#4158=CARTESIAN_POINT('Ctrl Pts',(173.789721511876,54.8657296873541,-4.99999999999999));
#4159=CARTESIAN_POINT('Ctrl Pts',(174.000001907477,55.1612847643768,-5.));
#4160=CARTESIAN_POINT('Ctrl Pts',(174.407409314884,54.8714241006268,-4.5));
#4161=CARTESIAN_POINT('Ctrl Pts',(174.228281570483,54.6196549609408,-4.5));
#4162=CARTESIAN_POINT('Ctrl Pts',(174.09012207702,54.3388058526498,-4.5));
#4163=CARTESIAN_POINT('Ctrl Pts',(174.000001907477,54.0432507756271,-4.5));
#4164=CARTESIAN_POINT('Origin',(176.750001907477,53.3744330208565,-5.));
#4165=CARTESIAN_POINT('',(174.000001907477,58.3619417849778,-5.));
#4166=CARTESIAN_POINT('',(174.000001907477,86.6747180124653,-5.));
#4167=CARTESIAN_POINT('',(176.91587330723,56.951055045143,-5.));
#4168=CARTESIAN_POINT('Origin',(177.097097571975,61.0441407576486,-5.));
#4169=CARTESIAN_POINT('',(176.750001907477,49.4547252840643,-5.));
#4170=CARTESIAN_POINT('Origin',(176.750001907477,53.2047252840643,-5.));
#4171=CARTESIAN_POINT('',(174.000001907477,48.2542350408608,-5.));
#4172=CARTESIAN_POINT('Origin',(176.750001907477,45.7047252840643,-5.));
#4173=CARTESIAN_POINT('',(174.000001907477,86.6747180124653,-5.));
#4174=CARTESIAN_POINT('Origin',(176.750001907477,53.2047252840643,-5.));
#4175=CARTESIAN_POINT('',(173.875001907477,53.2047252840643,-2.));
#4176=CARTESIAN_POINT('',(173.875001907477,53.2047252840643,-5.));
#4177=CARTESIAN_POINT('Origin',(176.750001907477,53.2047252840643,-2.));
#4178=CARTESIAN_POINT('Ctrl Pts',(174.000001907477,105.906755232522,-4.5));
#4179=CARTESIAN_POINT('Ctrl Pts',(173.913077595324,106.191829283133,-4.5));
#4180=CARTESIAN_POINT('Ctrl Pts',(173.875008335109,106.474827872899,-4.5078398792652));
#4181=CARTESIAN_POINT('Ctrl Pts',(173.875008335109,107.01573357527,-4.5078398792652));
#4182=CARTESIAN_POINT('Ctrl Pts',(173.913077595324,107.298732165035,-4.5));
#4183=CARTESIAN_POINT('Ctrl Pts',(174.000001907477,107.583806215647,-4.5));
#4184=CARTESIAN_POINT('Ctrl Pts',(173.844850191655,105.859446625694,-4.70497617691336));
#4185=CARTESIAN_POINT('Ctrl Pts',(173.758114035831,106.156058066563,-4.72023873232449));
#4186=CARTESIAN_POINT('Ctrl Pts',(173.720109159553,106.457040341262,-4.73604245131142));
#4187=CARTESIAN_POINT('Ctrl Pts',(173.720109159553,107.033521106906,-4.73604245131142));
#4188=CARTESIAN_POINT('Ctrl Pts',(173.758114035831,107.334503381605,-4.72023873232449));
#4189=CARTESIAN_POINT('Ctrl Pts',(173.844850191655,107.631114822474,-4.70497617691337));
#4190=CARTESIAN_POINT('Ctrl Pts',(173.689698475833,105.812138018866,-4.90995235382672));
#4191=CARTESIAN_POINT('Ctrl Pts',(173.60310116351,106.120783316268,-4.94013198906613));
#4192=CARTESIAN_POINT('Ctrl Pts',(173.565200704634,106.439287797936,-4.96418835274831));
#4193=CARTESIAN_POINT('Ctrl Pts',(173.565200704634,107.051273650232,-4.96418835274831));
#4194=CARTESIAN_POINT('Ctrl Pts',(173.60310116351,107.369778131901,-4.94013198906615));
#4195=CARTESIAN_POINT('Ctrl Pts',(173.689698475833,107.678423429302,-4.90995235382673));
#4196=CARTESIAN_POINT('Ctrl Pts',(173.534546760011,105.764829412038,-5.11492853074009));
#4197=CARTESIAN_POINT('Ctrl Pts',(173.448137604018,106.085012099697,-5.16037072139062));
#4198=CARTESIAN_POINT('Ctrl Pts',(173.410301529078,106.4215002663,-5.19239092479453));
#4199=CARTESIAN_POINT('Ctrl Pts',(173.410301529077,107.069061181868,-5.19239092479453));
#4200=CARTESIAN_POINT('Ctrl Pts',(173.448137604018,107.405549348471,-5.16037072139063));
#4201=CARTESIAN_POINT('Ctrl Pts',(173.534546760011,107.72573203613,-5.1149285307401));
#4202=CARTESIAN_POINT('',(173.534546760011,107.72573203613,-5.1149285307401));
#4203=CARTESIAN_POINT('',(174.000001907477,107.583806215647,-4.5));
#4204=CARTESIAN_POINT('',(173.534546760011,107.72573203613,-5.1149285307401));
#4205=CARTESIAN_POINT('',(173.875008335109,106.745280724074,-4.5078398792652));
#4206=CARTESIAN_POINT('Ctrl Pts',(174.000001907477,107.583806215647,-4.5));
#4207=CARTESIAN_POINT('Ctrl Pts',(173.913077595324,107.298732165035,-4.5));
#4208=CARTESIAN_POINT('Ctrl Pts',(173.875008335109,107.01573357527,-4.5078398792652));
#4209=CARTESIAN_POINT('Ctrl Pts',(173.875008335109,106.745280724084,-4.5078398792652));
#4210=CARTESIAN_POINT('',(174.000001907477,105.906755232522,-4.5));
#4211=CARTESIAN_POINT('Ctrl Pts',(173.875008335109,106.745280724074,-4.5078398792652));
#4212=CARTESIAN_POINT('Ctrl Pts',(173.875008335109,106.474827872899,-4.5078398792652));
#4213=CARTESIAN_POINT('Ctrl Pts',(173.913077595324,106.191829283133,-4.5));
#4214=CARTESIAN_POINT('Ctrl Pts',(174.000001907477,105.906755232522,-4.5));
#4215=CARTESIAN_POINT('',(173.534546760011,105.764829412038,-5.11492853074009));
#4216=CARTESIAN_POINT('',(174.000001907477,105.906755232522,-4.5));
#4217=CARTESIAN_POINT('Ctrl Pts',(173.534546760011,105.764829412038,-5.11492853074009));
#4218=CARTESIAN_POINT('Ctrl Pts',(173.448137604018,106.085012099697,-5.16037072139062));
#4219=CARTESIAN_POINT('Ctrl Pts',(173.410301529078,106.4215002663,-5.19239092479453));
#4220=CARTESIAN_POINT('Ctrl Pts',(173.410301529077,107.069061181868,-5.19239092479453));
#4221=CARTESIAN_POINT('Ctrl Pts',(173.448137604018,107.405549348471,-5.16037072139063));
#4222=CARTESIAN_POINT('Ctrl Pts',(173.534546760011,107.72573203613,-5.1149285307401));
#4223=CARTESIAN_POINT('Origin',(176.750001907477,106.745280724084,-4.75));
#4224=CARTESIAN_POINT('',(174.000001907477,104.788721243772,-5.));
#4225=CARTESIAN_POINT('',(174.407409314884,105.078581907522,-4.5));
#4226=CARTESIAN_POINT('',(174.000001907477,104.788721243772,-5.));
#4227=CARTESIAN_POINT('',(174.407409314884,108.411979540646,-4.5));
#4228=CARTESIAN_POINT('Origin',(176.750001907477,106.745280724084,-4.5));
#4229=CARTESIAN_POINT('',(174.000001907477,108.701840204396,-5.));
#4230=CARTESIAN_POINT('',(174.407409314884,108.411979540646,-4.5));
#4231=CARTESIAN_POINT('Origin',(176.750001907477,106.745280724084,-5.));
#4232=CARTESIAN_POINT('Ctrl Pts',(173.534546760011,105.764829412038,-5.11492853074009));
#4233=CARTESIAN_POINT('Ctrl Pts',(173.628730709703,105.415837805769,-5.06539761067863));
#4234=CARTESIAN_POINT('Ctrl Pts',(173.789721520553,105.084276303217,-4.99999999646125));
#4235=CARTESIAN_POINT('Ctrl Pts',(174.000001924306,104.788721220119,-5.));
#4236=CARTESIAN_POINT('Ctrl Pts',(173.689698475833,105.812138018866,-4.90995235382672));
#4237=CARTESIAN_POINT('Ctrl Pts',(173.782527832944,105.480958586384,-4.87693174045242));
#4238=CARTESIAN_POINT('Ctrl Pts',(173.935908206327,105.166301212889,-4.83333333097417));
#4239=CARTESIAN_POINT('Ctrl Pts',(174.13580439261,104.885341442537,-4.83333333333333));
#4240=CARTESIAN_POINT('Ctrl Pts',(173.844850191655,105.859446625694,-4.70497617691336));
#4241=CARTESIAN_POINT('Ctrl Pts',(173.936324956184,105.546079366999,-4.68846587022621));
#4242=CARTESIAN_POINT('Ctrl Pts',(174.082094892101,105.248326122562,-4.66666666548709));
#4243=CARTESIAN_POINT('Ctrl Pts',(174.271606860915,104.981961664955,-4.66666666666667));
#4244=CARTESIAN_POINT('Ctrl Pts',(174.000001907477,105.906755232522,-4.5));
#4245=CARTESIAN_POINT('Ctrl Pts',(174.090122079424,105.611200147614,-4.5));
#4246=CARTESIAN_POINT('Ctrl Pts',(174.228281577875,105.330351032234,-4.5));
#4247=CARTESIAN_POINT('Ctrl Pts',(174.40740932922,105.078581887373,-4.5));
#4248=CARTESIAN_POINT('Ctrl Pts',(174.000001907477,104.788721243772,-5.));
#4249=CARTESIAN_POINT('Ctrl Pts',(173.789721511963,105.084276320907,-4.99999999995043));
#4250=CARTESIAN_POINT('Ctrl Pts',(173.628730707191,105.415837815079,-5.06539761199994));
#4251=CARTESIAN_POINT('Ctrl Pts',(173.534546760011,105.764829412038,-5.11492853074009));
#4252=CARTESIAN_POINT('Ctrl Pts',(174.000001907477,105.906755232522,-4.5));
#4253=CARTESIAN_POINT('Ctrl Pts',(174.09012207702,105.611200155499,-4.5));
#4254=CARTESIAN_POINT('Ctrl Pts',(174.228281570504,105.330351047219,-4.5));
#4255=CARTESIAN_POINT('Ctrl Pts',(174.407409314884,105.078581907522,-4.5));
#4256=CARTESIAN_POINT('Ctrl Pts',(174.000001907477,108.701840204396,-5.));
#4257=CARTESIAN_POINT('Ctrl Pts',(173.789721511876,108.406285127374,-5.));
#4258=CARTESIAN_POINT('Ctrl Pts',(173.628730707191,108.074723633089,-5.06539761199994));
#4259=CARTESIAN_POINT('Ctrl Pts',(173.534546760011,107.72573203613,-5.11492853074008));
#4260=CARTESIAN_POINT('Ctrl Pts',(174.135804376613,108.605219983146,-4.83333333333333));
#4261=CARTESIAN_POINT('Ctrl Pts',(173.935908198078,108.324260218569,-4.83333333333333));
#4262=CARTESIAN_POINT('Ctrl Pts',(173.782527830467,108.009602852949,-4.87693174133329));
#4263=CARTESIAN_POINT('Ctrl Pts',(173.689698475833,107.678423429302,-4.90995235382672));
#4264=CARTESIAN_POINT('Ctrl Pts',(174.271606845749,108.508599761896,-4.66666666666667));
#4265=CARTESIAN_POINT('Ctrl Pts',(174.082094884281,108.242235309765,-4.66666666666667));
#4266=CARTESIAN_POINT('Ctrl Pts',(173.936324953744,107.944482072809,-4.68846587066665));
#4267=CARTESIAN_POINT('Ctrl Pts',(173.844850191655,107.631114822474,-4.70497617691336));
#4268=CARTESIAN_POINT('Ctrl Pts',(174.407409314884,108.411979540646,-4.5));
#4269=CARTESIAN_POINT('Ctrl Pts',(174.228281570483,108.16021040096,-4.5));
#4270=CARTESIAN_POINT('Ctrl Pts',(174.09012207702,107.879361292669,-4.5));
#4271=CARTESIAN_POINT('Ctrl Pts',(174.000001907477,107.583806215647,-4.5));
#4272=CARTESIAN_POINT('Ctrl Pts',(173.534546760011,107.72573203613,-5.11492853074008));
#4273=CARTESIAN_POINT('Ctrl Pts',(173.628730707191,108.074723633089,-5.06539761199994));
#4274=CARTESIAN_POINT('Ctrl Pts',(173.789721511876,108.406285127374,-5.));
#4275=CARTESIAN_POINT('Ctrl Pts',(174.000001907477,108.701840204396,-5.));
#4276=CARTESIAN_POINT('Ctrl Pts',(174.407409314884,108.411979540646,-4.5));
#4277=CARTESIAN_POINT('Ctrl Pts',(174.228281570483,108.16021040096,-4.5));
#4278=CARTESIAN_POINT('Ctrl Pts',(174.09012207702,107.879361292669,-4.5));
#4279=CARTESIAN_POINT('Ctrl Pts',(174.000001907477,107.583806215647,-4.5));
#4280=CARTESIAN_POINT('Origin',(176.750001907477,106.575572987292,-5.));
#4281=CARTESIAN_POINT('',(174.000001907477,111.695770967288,-5.));
#4282=CARTESIAN_POINT('',(174.000001907477,113.275287995683,-5.));
#4283=CARTESIAN_POINT('',(176.750001907477,110.495280724084,-5.));
#4284=CARTESIAN_POINT('Origin',(176.750001907477,114.245280724084,-5.));
#4285=CARTESIAN_POINT('',(176.91587330723,102.998950963005,-5.));
#4286=CARTESIAN_POINT('Origin',(176.750001907477,106.745280724084,-5.));
#4287=CARTESIAN_POINT('',(174.000001907477,101.588064223171,-5.));
#4288=CARTESIAN_POINT('Origin',(177.097097571975,98.9058652504998,-5.));
#4289=CARTESIAN_POINT('',(174.000001907477,113.275287995683,-5.));
#4290=CARTESIAN_POINT('Origin',(176.750001907477,106.745280724084,-5.));
#4291=CARTESIAN_POINT('',(173.875001907477,106.745280724084,-2.));
#4292=CARTESIAN_POINT('',(173.875001907477,106.745280724084,-5.));
#4293=CARTESIAN_POINT('Origin',(176.750001907477,106.745280724084,-2.));
#4294=CARTESIAN_POINT('Origin',(174.000001907477,113.275287995683,-6.));
#4295=CARTESIAN_POINT('',(173.000001907477,98.9058652504998,-6.));
#4296=CARTESIAN_POINT('Ctrl Pts',(174.000001907477,101.588064223171,-5.));
#4297=CARTESIAN_POINT('Ctrl Pts',(173.710037222113,101.253246270047,-5.));
#4298=CARTESIAN_POINT('Ctrl Pts',(173.447069622109,100.812669292497,-5.13871872299459));
#4299=CARTESIAN_POINT('Ctrl Pts',(173.105692837967,99.9589920165588,-5.48009550713725));
#4300=CARTESIAN_POINT('Ctrl Pts',(173.000001907477,99.3880411480745,-5.76178591024523));
#4301=CARTESIAN_POINT('Ctrl Pts',(173.000001907477,98.9058652504998,-6.));
#4302=CARTESIAN_POINT('',(173.000001907477,114.245280724084,-6.));
#4303=CARTESIAN_POINT('',(173.000001907477,113.275287995683,-6.));
#4304=CARTESIAN_POINT('Ctrl Pts',(173.000001907477,114.245280724084,-6.));
#4305=CARTESIAN_POINT('Ctrl Pts',(173.000001907477,113.784105343602,-5.76185005756182));
#4306=CARTESIAN_POINT('Ctrl Pts',(173.105382037368,113.238561810713,-5.4804063077354));
#4307=CARTESIAN_POINT('Ctrl Pts',(173.447044817435,112.425590298294,-5.13874352766904));
#4308=CARTESIAN_POINT('Ctrl Pts',(173.70991123344,112.008674007362,-5.));
#4309=CARTESIAN_POINT('Ctrl Pts',(174.000001907477,111.695770967288,-5.));
#4310=CARTESIAN_POINT('Origin',(174.000001907477,86.6747180124653,-6.));
#4311=CARTESIAN_POINT('',(173.000001907477,45.7047252840643,-6.));
#4312=CARTESIAN_POINT('Ctrl Pts',(174.000001907477,48.2542350408608,-5.));
#4313=CARTESIAN_POINT('Ctrl Pts',(173.70991123344,47.9413320007861,-5.));
#4314=CARTESIAN_POINT('Ctrl Pts',(173.447044817435,47.5244157098544,-5.13874352766904));
#4315=CARTESIAN_POINT('Ctrl Pts',(173.105382037368,46.7114441974355,-5.48040630773543));
#4316=CARTESIAN_POINT('Ctrl Pts',(173.000001907477,46.165900664546,-5.76185005756181));
#4317=CARTESIAN_POINT('Ctrl Pts',(173.000001907477,45.7047252840643,-6.));
#4318=CARTESIAN_POINT('',(173.000001907477,61.0441407576486,-6.));
#4319=CARTESIAN_POINT('',(173.000001907477,86.6747180124653,-6.));
#4320=CARTESIAN_POINT('Ctrl Pts',(173.000001907477,61.0441407576486,-6.));
#4321=CARTESIAN_POINT('Ctrl Pts',(173.000001907477,60.5619648600739,-5.76178591024522));
#4322=CARTESIAN_POINT('Ctrl Pts',(173.105692837967,59.9910139915895,-5.48009550713727));
#4323=CARTESIAN_POINT('Ctrl Pts',(173.447069622109,59.137336715651,-5.13871872299459));
#4324=CARTESIAN_POINT('Ctrl Pts',(173.710037222113,58.6967597381009,-5.00000000000001));
#4325=CARTESIAN_POINT('Ctrl Pts',(174.000001907477,58.3619417849778,-5.));
#4326=CARTESIAN_POINT('Origin',(82.000001907477,73.275287995683,-6.));
#4327=CARTESIAN_POINT('',(83.0000019074769,114.245280724084,-6.));
#4328=CARTESIAN_POINT('Ctrl Pts',(82.0000019074769,111.695770967288,-5.));
#4329=CARTESIAN_POINT('Ctrl Pts',(82.2900925815139,112.008674007362,-5.));
#4330=CARTESIAN_POINT('Ctrl Pts',(82.5529589975191,112.425590298294,-5.13874352766904));
#4331=CARTESIAN_POINT('Ctrl Pts',(82.8946217775854,113.238561810713,-5.4804063077354));
#4332=CARTESIAN_POINT('Ctrl Pts',(83.0000019074769,113.784105343602,-5.76185005756183));
#4333=CARTESIAN_POINT('Ctrl Pts',(83.0000019074769,114.245280724084,-6.));
#4334=CARTESIAN_POINT('',(83.0000019074769,98.9058652504997,-6.));
#4335=CARTESIAN_POINT('',(83.000001907477,73.275287995683,-6.));
#4336=CARTESIAN_POINT('Ctrl Pts',(83.0000019074769,98.9058652504997,-6.));
#4337=CARTESIAN_POINT('Ctrl Pts',(83.0000019074769,99.3880411480744,-5.76178591024522));
#4338=CARTESIAN_POINT('Ctrl Pts',(82.8943109769873,99.9589920165587,-5.48009550713726));
#4339=CARTESIAN_POINT('Ctrl Pts',(82.5529341928446,100.812669292497,-5.13871872299459));
#4340=CARTESIAN_POINT('Ctrl Pts',(82.2899665928409,101.253246270047,-5.));
#4341=CARTESIAN_POINT('Ctrl Pts',(82.0000019074769,101.58806422317,-5.));
#4342=CARTESIAN_POINT('Origin',(82.000001907477,46.6747180124653,-6.));
#4343=CARTESIAN_POINT('',(83.000001907477,61.0441407576486,-6.));
#4344=CARTESIAN_POINT('Ctrl Pts',(82.000001907477,58.3619417849779,-5.));
#4345=CARTESIAN_POINT('Ctrl Pts',(82.289966592841,58.696759738101,-5.));
#4346=CARTESIAN_POINT('Ctrl Pts',(82.5529341928447,59.1373367156512,-5.1387187229946));
#4347=CARTESIAN_POINT('Ctrl Pts',(82.8943109769873,59.9910139915898,-5.48009550713723));
#4348=CARTESIAN_POINT('Ctrl Pts',(83.000001907477,60.561964860074,-5.76178591024524));
#4349=CARTESIAN_POINT('Ctrl Pts',(83.000001907477,61.0441407576487,-6.));
#4350=CARTESIAN_POINT('',(83.000001907477,45.7047252840644,-6.));
#4351=CARTESIAN_POINT('',(83.000001907477,46.6747180124653,-6.));
#4352=CARTESIAN_POINT('Ctrl Pts',(83.000001907477,45.7047252840644,-6.));
#4353=CARTESIAN_POINT('Ctrl Pts',(83.000001907477,46.165900664546,-5.76185005756186));
#4354=CARTESIAN_POINT('Ctrl Pts',(82.8946217775855,46.7114441974353,-5.48040630773535));
#4355=CARTESIAN_POINT('Ctrl Pts',(82.5529589975192,47.5244157098542,-5.13874352766905));
#4356=CARTESIAN_POINT('Ctrl Pts',(82.290092581514,47.9413320007859,-5.));
#4357=CARTESIAN_POINT('Ctrl Pts',(82.000001907477,48.2542350408607,-5.));
#4358=CARTESIAN_POINT('Origin',(85.7500019074769,117.225003004074,2.66023571553197E-15));
#4359=CARTESIAN_POINT('',(86.5000019074769,117.975003004074,0.));
#4360=CARTESIAN_POINT('',(86.5000019074769,117.975003004074,2.66023571553197E-15));
#4361=CARTESIAN_POINT('',(87.0000025034845,118.475003600082,2.46519032881566E-31));
#4362=CARTESIAN_POINT('Origin',(86.5000019074769,41.9750030040741,-13.5));
#4363=CARTESIAN_POINT('',(86.5000019074769,41.9750030040741,-13.5));
#4364=CARTESIAN_POINT('',(86.5000019074769,41.9750030040741,-13.5));
#4365=CARTESIAN_POINT('',(86.5000019074769,43.4750030040741,-15.));
#4366=CARTESIAN_POINT('Origin',(85.7500019074769,42.7250030040741,3.99171346982501E-15));
#4367=CARTESIAN_POINT('',(86.5000019074769,41.9750030040741,0.));
#4368=CARTESIAN_POINT('',(87.0000036972711,41.4750012142798,-2.46519032881566E-31));
#4369=CARTESIAN_POINT('',(86.5000019074769,41.9750030040741,3.99171346982501E-15));
#4370=CARTESIAN_POINT('Origin',(106.500001907477,42.7250030040741,-14.25));
#4371=CARTESIAN_POINT('',(141.000001907471,43.4750030040741,-15.));
#4372=CARTESIAN_POINT('',(141.000001907471,41.9750030040741,-13.5));
#4373=CARTESIAN_POINT('',(141.000001907471,44.2250030040741,-15.75));
#4374=CARTESIAN_POINT('',(106.500001907477,43.4750030040741,-15.));
#4375=CARTESIAN_POINT('',(106.500001907477,41.9750030040741,-13.5));
#4376=CARTESIAN_POINT('Origin',(171.000001907471,117.975003004074,1.62309068430788E-15));
#4377=CARTESIAN_POINT('',(169.500001907471,117.975003004074,-15.));
#4378=CARTESIAN_POINT('',(171.000001907471,117.975003004074,-15.));
#4379=CARTESIAN_POINT('',(169.500001907471,117.975003004074,0.));
#4380=CARTESIAN_POINT('',(169.500001907471,117.975003004074,1.91742340737684E-15));
#4381=CARTESIAN_POINT('',(149.500004293276,117.975003004074,0.));
#4382=CARTESIAN_POINT('Origin',(128.000001907477,79.9750030040742,-15.));
#4383=CARTESIAN_POINT('',(141.000001907471,47.9750030040741,-15.));
#4384=CARTESIAN_POINT('',(141.000001907471,63.9750030040742,-15.));
#4385=CARTESIAN_POINT('',(167.200001907471,47.9750030040741,-15.));
#4386=CARTESIAN_POINT('',(147.600001907474,47.9750030040741,-15.));
#4387=CARTESIAN_POINT('',(167.200001907471,68.1750030040741,-15.));
#4388=CARTESIAN_POINT('',(167.200001907471,74.0750030040744,-15.));
#4389=CARTESIAN_POINT('',(141.000001907471,68.1750030040741,-15.));
#4390=CARTESIAN_POINT('',(134.500001907474,68.1750030040741,-15.));
#4391=CARTESIAN_POINT('',(141.000001907471,75.6750030040741,-15.));
#4392=CARTESIAN_POINT('',(141.000001907471,77.0750030040741,-15.));
#4393=CARTESIAN_POINT('',(169.500001907471,75.6750030040741,-15.));
#4394=CARTESIAN_POINT('',(149.500001907474,75.6750030040741,-15.));
#4395=CARTESIAN_POINT('',(169.500001907471,60.9750030040741,-15.));
#4396=CARTESIAN_POINT('',(115.000001907474,110.475003004074,-15.));
#4397=CARTESIAN_POINT('Origin',(110.000001907474,110.475003004074,-15.));
#4398=CARTESIAN_POINT('',(115.000001907474,96.0750030040741,-15.));
#4399=CARTESIAN_POINT('Origin',(110.000001907474,96.0750030040741,-15.));
#4400=CARTESIAN_POINT('',(123.362492233941,71.1499972343444,-15.));
#4401=CARTESIAN_POINT('Origin',(118.862492233941,71.1499972343444,-15.));
#4402=CARTESIAN_POINT('',(129.143111627076,54.4426026284694,-15.));
#4403=CARTESIAN_POINT('Origin',(124.643111627076,54.4426026284694,-15.));
#4404=CARTESIAN_POINT('',(109.143111627076,54.4426026284694,-15.));
#4405=CARTESIAN_POINT('Origin',(104.643111627076,54.4426026284694,-15.));
#4406=CARTESIAN_POINT('',(114.652492233941,81.6399972343444,-15.));
#4407=CARTESIAN_POINT('Origin',(110.152492233941,81.6399972343444,-15.));
#4408=CARTESIAN_POINT('',(151.000001907474,96.0750030040741,-15.));
#4409=CARTESIAN_POINT('Origin',(146.000001907474,96.0750030040741,-15.));
#4410=CARTESIAN_POINT('',(151.000001907474,110.475003004074,-15.));
#4411=CARTESIAN_POINT('Origin',(146.000001907474,110.475003004074,-15.));
#4412=CARTESIAN_POINT('Origin',(171.000001907471,43.4750030040741,-7.5));
#4413=CARTESIAN_POINT('',(169.500001907471,41.9750030040741,-7.5));
#4414=CARTESIAN_POINT('',(169.500001907471,43.4750030040741,-9.));
#4415=CARTESIAN_POINT('',(169.500001907471,41.9750030040741,-7.5));
#4416=CARTESIAN_POINT('',(171.000001907471,43.4750030040741,-7.5));
#4417=CARTESIAN_POINT('',(171.000001907471,43.4750030040741,-7.5));
#4418=CARTESIAN_POINT('',(169.500001907471,43.4750030040741,-9.));
#4419=CARTESIAN_POINT('Origin',(170.250001907471,42.7250030040741,3.24890116166988E-15));
#4420=CARTESIAN_POINT('',(169.500001907471,41.9750030040741,0.));
#4421=CARTESIAN_POINT('',(171.000001907471,43.4750030040741,0.));
#4422=CARTESIAN_POINT('',(169.00000250348,41.4750036000833,0.));
#4423=CARTESIAN_POINT('',(171.000001907471,43.4750030040741,3.24890116166988E-15));
#4424=CARTESIAN_POINT('',(169.500001907471,41.9750030040741,3.24890116166988E-15));
#4425=CARTESIAN_POINT('Origin',(170.250001907471,117.225003004074,1.91742340737684E-15));
#4426=CARTESIAN_POINT('',(171.000001907471,116.475003004074,-13.5));
#4427=CARTESIAN_POINT('',(171.000001907471,116.475003004074,0.));
#4428=CARTESIAN_POINT('',(171.000001907471,116.475003004074,1.91742340737684E-15));
#4429=CARTESIAN_POINT('',(169.000003697267,118.475001214278,0.));
#4430=CARTESIAN_POINT('',(169.500001907471,117.975003004074,-15.));
#4431=CARTESIAN_POINT('Origin',(169.500001907471,75.6750030040741,-15.));
#4432=CARTESIAN_POINT('',(171.000001907471,75.6750030040741,-13.5));
#4433=CARTESIAN_POINT('',(169.500001907471,74.1750030040741,-13.5));
#4434=CARTESIAN_POINT('',(171.000001907471,75.6750030040741,-13.5));
#4435=CARTESIAN_POINT('',(169.500001907471,75.6750030040741,-15.));
#4436=CARTESIAN_POINT('',(169.500001907471,74.1750030040741,-13.5));
#4437=CARTESIAN_POINT('Origin',(170.250001907471,60.9750030040741,-14.25));
#4438=CARTESIAN_POINT('',(171.000001907471,60.9750030040741,-13.5));
#4439=CARTESIAN_POINT('Origin',(149.500001907474,74.9250030040741,-14.25));
#4440=CARTESIAN_POINT('',(141.000001907471,74.1750030040741,-13.5));
#4441=CARTESIAN_POINT('',(141.000001907471,74.9250030040741,-14.25));
#4442=CARTESIAN_POINT('',(149.500001907474,74.1750030040741,-13.5));
#4443=CARTESIAN_POINT('Origin',(170.250001907471,74.9250030040741,-7.5));
#4444=CARTESIAN_POINT('',(171.000001907471,75.6750030040741,-7.5));
#4445=CARTESIAN_POINT('',(171.000001907471,75.6750030040741,-7.5));
#4446=CARTESIAN_POINT('',(169.500001907471,74.1750030040741,-9.));
#4447=CARTESIAN_POINT('',(169.500001907471,74.1750030040741,-7.5));
#4448=CARTESIAN_POINT('',(169.500001907471,74.1750030040741,-9.));
#4449=CARTESIAN_POINT('Origin',(170.250001907471,50.0250030040741,-8.25));
#4450=CARTESIAN_POINT('',(169.500001907471,50.0250030040741,-9.));
#4451=CARTESIAN_POINT('',(171.000001907471,50.0250030040741,-7.5));
#4452=CARTESIAN_POINT('Origin',(120.500001907474,42.7250030040741,-8.25));
#4453=CARTESIAN_POINT('',(148.000001907471,43.4750030040741,-9.));
#4454=CARTESIAN_POINT('',(148.000001907471,41.9750030040741,-7.5));
#4455=CARTESIAN_POINT('',(148.000001907471,44.5000030040741,-10.025));
#4456=CARTESIAN_POINT('',(120.500001907474,41.9750030040741,-7.5));
#4457=CARTESIAN_POINT('',(120.500001907474,43.4750030040741,-9.));
#4458=CARTESIAN_POINT('Origin',(171.000001907471,41.9750030040741,2.21175613044579E-15));
#4459=CARTESIAN_POINT('',(171.000001907471,60.9750018102875,0.));
#4460=CARTESIAN_POINT('Origin',(85.0000019074769,41.9750030040741,4.28604619289397E-15));
#4461=CARTESIAN_POINT('',(106.500004293279,41.9750030040741,0.));
#4462=CARTESIAN_POINT('',(148.000001907471,41.9750030040741,-11.2));
#4463=CARTESIAN_POINT('',(148.000001907471,41.9750030040741,-9.));
#4464=CARTESIAN_POINT('',(141.000001907471,41.9750030040741,-11.2));
#4465=CARTESIAN_POINT('',(141.000001907471,41.9750030040741,-11.2));
#4466=CARTESIAN_POINT('',(141.000001907471,41.9750030040741,-7.5));
#4467=CARTESIAN_POINT('',(124.643111627076,41.9750030040741,-7.5));
#4468=CARTESIAN_POINT('',(104.643111627076,41.9750030040741,-7.5));
#4469=CARTESIAN_POINT('',(104.821556767276,41.9750030040741,-7.5));
#4470=CARTESIAN_POINT('',(104.643111627076,41.9750030040741,-12.));
#4471=CARTESIAN_POINT('',(104.643111627076,41.9750030040741,-3.75));
#4472=CARTESIAN_POINT('',(124.643111627076,41.9750030040741,-12.));
#4473=CARTESIAN_POINT('',(94.8215567672762,41.9750030040741,-12.));
#4474=CARTESIAN_POINT('',(124.643111627076,41.9750030040741,-6.));
#4475=CARTESIAN_POINT('Origin',(83.500001907477,59.9750030040741,-15.5));
#4476=CARTESIAN_POINT('',(83.0000019074769,117.975003004074,-15.));
#4477=CARTESIAN_POINT('',(84.0000019074769,117.975003004074,-16.));
#4478=CARTESIAN_POINT('',(83.0000019074769,117.975003004074,-15.));
#4479=CARTESIAN_POINT('',(84.000001907477,41.9750030040741,-16.));
#4480=CARTESIAN_POINT('',(84.000001907477,59.9750030040741,-16.));
#4481=CARTESIAN_POINT('',(83.000001907477,41.9750030040741,-15.));
#4482=CARTESIAN_POINT('',(84.000001907477,41.9750030040741,-16.));
#4483=CARTESIAN_POINT('',(83.000001907477,59.9750030040741,-15.));
#4484=CARTESIAN_POINT('Origin',(85.0000019074769,117.975003004074,-15.5));
#4485=CARTESIAN_POINT('',(85.0000019074769,119.975003004074,-15.));
#4486=CARTESIAN_POINT('Origin',(85.0000019074769,117.975003004074,-15.));
#4487=CARTESIAN_POINT('',(85.0000019074769,118.975003004074,-16.));
#4488=CARTESIAN_POINT('',(85.0000019074769,119.975003004074,-15.));
#4489=CARTESIAN_POINT('Origin',(85.0000019074769,117.975003004074,-16.));
#4490=CARTESIAN_POINT('Origin',(105.500001907477,119.475003004074,-15.5));
#4491=CARTESIAN_POINT('',(171.000001907477,119.975003004074,-15.));
#4492=CARTESIAN_POINT('',(171.000001907477,118.975003004074,-16.));
#4493=CARTESIAN_POINT('',(171.000001907477,119.975003004074,-15.));
#4494=CARTESIAN_POINT('',(105.500001907477,118.975003004074,-16.));
#4495=CARTESIAN_POINT('',(105.500001907477,119.975003004074,-15.));
#4496=CARTESIAN_POINT('Origin',(171.000001907477,117.975003004074,-15.5));
#4497=CARTESIAN_POINT('',(173.000001907477,117.975003004074,-15.));
#4498=CARTESIAN_POINT('Origin',(171.000001907477,117.975003004074,-15.));
#4499=CARTESIAN_POINT('',(172.000001907477,117.975003004074,-16.));
#4500=CARTESIAN_POINT('',(173.000001907477,117.975003004074,-15.));
#4501=CARTESIAN_POINT('Origin',(171.000001907477,117.975003004074,-16.));
#4502=CARTESIAN_POINT('Origin',(172.500001907477,99.9750030040742,-15.5));
#4503=CARTESIAN_POINT('',(173.000001907477,41.9750030040742,-15.));
#4504=CARTESIAN_POINT('',(172.000001907477,41.9750030040742,-16.));
#4505=CARTESIAN_POINT('',(173.000001907477,41.9750030040742,-15.));
#4506=CARTESIAN_POINT('',(172.000001907477,99.9750030040742,-16.));
#4507=CARTESIAN_POINT('',(173.000001907477,99.9750030040742,-15.));
#4508=CARTESIAN_POINT('Origin',(171.000001907477,41.9750030040742,-15.5));
#4509=CARTESIAN_POINT('',(171.000001907477,39.9750030040742,-15.));
#4510=CARTESIAN_POINT('Origin',(171.000001907477,41.9750030040742,-15.));
#4511=CARTESIAN_POINT('',(171.000001907477,40.9750030040742,-16.));
#4512=CARTESIAN_POINT('',(171.000001907477,39.9750030040742,-15.));
#4513=CARTESIAN_POINT('Origin',(171.000001907477,41.9750030040742,-16.));
#4514=CARTESIAN_POINT('Origin',(150.500001907477,40.4750030040742,-15.5));
#4515=CARTESIAN_POINT('',(85.000001907477,39.9750030040741,-15.));
#4516=CARTESIAN_POINT('',(85.000001907477,40.9750030040741,-16.));
#4517=CARTESIAN_POINT('',(85.000001907477,39.9750030040741,-15.));
#4518=CARTESIAN_POINT('',(150.500001907477,40.9750030040742,-16.));
#4519=CARTESIAN_POINT('',(150.500001907477,39.9750030040742,-15.));
#4520=CARTESIAN_POINT('Origin',(85.000001907477,41.9750030040741,-15.5));
#4521=CARTESIAN_POINT('Origin',(85.000001907477,41.9750030040741,-15.));
#4522=CARTESIAN_POINT('Origin',(85.000001907477,41.9750030040741,-16.));
#4523=CARTESIAN_POINT('Origin',(171.000001907477,117.975003004074,2.6447445195809E-15));
#4524=CARTESIAN_POINT('',(171.000001907477,119.975003004074,0.));
#4525=CARTESIAN_POINT('',(171.000001907477,119.975003004074,2.6447445195809E-15));
#4526=CARTESIAN_POINT('',(173.000001907477,117.975003004074,0.));
#4527=CARTESIAN_POINT('Origin',(171.000001907477,117.975003004074,0.));
#4528=CARTESIAN_POINT('',(173.000001907477,117.975003004074,2.6447445195809E-15));
#4529=CARTESIAN_POINT('Origin',(83.0000019074769,119.975003004074,3.73012885458293E-15));
#4530=CARTESIAN_POINT('',(85.0000019074769,119.975003004074,0.));
#4531=CARTESIAN_POINT('',(85.0000019074769,119.975003004074,4.03995277360288E-15));
#4532=CARTESIAN_POINT('',(105.500002277373,119.975003004074,0.));
#4533=CARTESIAN_POINT('Origin',(85.0000019074769,117.975003004074,4.03995277360288E-15));
#4534=CARTESIAN_POINT('',(83.0000019074769,117.975003004074,0.));
#4535=CARTESIAN_POINT('',(83.0000019074769,117.975003004074,4.03995277360288E-15));
#4536=CARTESIAN_POINT('Origin',(85.0000019074769,117.975003004074,0.));
#4537=CARTESIAN_POINT('Origin',(83.000001907477,39.9750030040741,4.34977669262283E-15));
#4538=CARTESIAN_POINT('',(83.0000019074769,114.245280724084,0.));
#4539=CARTESIAN_POINT('',(83.0000019074769,114.245280724084,0.));
#4540=CARTESIAN_POINT('',(83.000001907477,61.052588301486,0.));
#4541=CARTESIAN_POINT('',(83.000001907477,41.9750030040741,0.));
#4542=CARTESIAN_POINT('',(83.000001907477,41.9750030040741,3.2643923576208E-15));
#4543=CARTESIAN_POINT('',(83.0000019074769,45.7047252840644,0.));
#4544=CARTESIAN_POINT('',(83.000001907477,61.052588301486,0.));
#4545=CARTESIAN_POINT('',(83.000001907477,45.7047252840644,0.));
#4546=CARTESIAN_POINT('',(83.0000019074769,61.0441407576486,0.));
#4547=CARTESIAN_POINT('',(83.000001907477,61.0441407576486,0.));
#4548=CARTESIAN_POINT('',(83.0000019074769,98.9058652504997,0.));
#4549=CARTESIAN_POINT('',(83.000001907477,61.052588301486,0.));
#4550=CARTESIAN_POINT('',(83.0000019074769,98.9058652504997,0.));
#4551=CARTESIAN_POINT('Origin',(128.000001907477,79.9750030040742,-16.));
#4552=CARTESIAN_POINT('Origin',(128.00000667908,79.9750006165009,0.));
#4553=CARTESIAN_POINT('',(79.2500019074769,110.495280724084,0.));
#4554=CARTESIAN_POINT('Origin',(79.250001907477,114.245280724084,0.));
#4555=CARTESIAN_POINT('',(79.0841305077236,102.998950963005,0.));
#4556=CARTESIAN_POINT('Origin',(79.2500019074769,106.745280724084,0.));
#4557=CARTESIAN_POINT('Origin',(78.9029062429787,98.9058652504997,0.));
#4558=CARTESIAN_POINT('',(79.0841305077237,56.9510550451431,0.));
#4559=CARTESIAN_POINT('Origin',(78.9029062429787,61.0441407576486,0.));
#4560=CARTESIAN_POINT('',(79.250001907477,49.4547252840643,0.));
#4561=CARTESIAN_POINT('Origin',(79.250001907477,53.2047252840643,0.));
#4562=CARTESIAN_POINT('Origin',(79.250001907477,45.7047252840644,0.));
#4563=CARTESIAN_POINT('',(85.000001907477,39.9750030040741,0.));
#4564=CARTESIAN_POINT('Origin',(85.000001907477,41.9750030040741,0.));
#4565=CARTESIAN_POINT('',(171.000001907477,39.9750030040742,0.));
#4566=CARTESIAN_POINT('',(150.500002277373,39.9750030040742,0.));
#4567=CARTESIAN_POINT('',(173.000001907477,41.9750030040742,0.));
#4568=CARTESIAN_POINT('Origin',(171.000001907477,41.9750030040742,0.));
#4569=CARTESIAN_POINT('',(173.000001907477,45.7047252840643,0.));
#4570=CARTESIAN_POINT('',(173.000001907477,101.052588301486,0.));
#4571=CARTESIAN_POINT('',(176.750001907477,49.4547252840643,0.));
#4572=CARTESIAN_POINT('Origin',(176.750001907477,45.7047252840643,0.));
#4573=CARTESIAN_POINT('',(176.91587330723,56.951055045143,0.));
#4574=CARTESIAN_POINT('Origin',(176.750001907477,53.2047252840643,0.));
#4575=CARTESIAN_POINT('',(173.000001907477,61.0441407576486,0.));
#4576=CARTESIAN_POINT('Origin',(177.097097571975,61.0441407576486,0.));
#4577=CARTESIAN_POINT('',(173.000001907477,98.9058652504998,0.));
#4578=CARTESIAN_POINT('',(173.000001907477,101.052588301486,0.));
#4579=CARTESIAN_POINT('',(176.91587330723,102.998950963005,0.));
#4580=CARTESIAN_POINT('Origin',(177.097097571975,98.9058652504998,0.));
#4581=CARTESIAN_POINT('',(176.750001907477,110.495280724084,0.));
#4582=CARTESIAN_POINT('Origin',(176.750001907477,106.745280724084,0.));
#4583=CARTESIAN_POINT('',(173.000001907477,114.245280724084,0.));
#4584=CARTESIAN_POINT('Origin',(176.750001907477,114.245280724084,0.));
#4585=CARTESIAN_POINT('',(173.000001907477,101.052588301486,0.));
#4586=CARTESIAN_POINT('',(178.250001907477,53.2047252840643,0.));
#4587=CARTESIAN_POINT('Origin',(176.750001907477,53.2047252840643,0.));
#4588=CARTESIAN_POINT('',(80.750001907477,53.2047252840643,0.));
#4589=CARTESIAN_POINT('Origin',(79.250001907477,53.2047252840643,0.));
#4590=CARTESIAN_POINT('',(178.250001907477,106.745280724084,0.));
#4591=CARTESIAN_POINT('Origin',(176.750001907477,106.745280724084,0.));
#4592=CARTESIAN_POINT('',(80.7500019074769,106.745280724084,0.));
#4593=CARTESIAN_POINT('Origin',(79.2500019074769,106.745280724084,0.));
#4594=CARTESIAN_POINT('Origin',(171.000001907477,41.9750030040742,1.86918410359883E-15));
#4595=CARTESIAN_POINT('',(173.000001907477,41.9750030040742,1.86918410359883E-15));
#4596=CARTESIAN_POINT('',(171.000001907477,39.9750030040742,1.86918410359883E-15));
#4597=CARTESIAN_POINT('Origin',(173.000001907477,39.9750030040742,2.17900802261878E-15));
#4598=CARTESIAN_POINT('',(85.000001907477,39.9750030040741,3.2643923576208E-15));
#4599=CARTESIAN_POINT('',(119.143111627076,39.9750030040742,-8.75));
#4600=CARTESIAN_POINT('',(119.143111627076,39.9750030040742,-10.));
#4601=CARTESIAN_POINT('',(119.143111627076,39.9750030040742,-5.));
#4602=CARTESIAN_POINT('',(118.143111627076,39.9750030040742,-11.));
#4603=CARTESIAN_POINT('Origin',(118.143111627076,39.9750030040742,-10.));
#4604=CARTESIAN_POINT('',(111.143111627076,39.9750030040742,-11.));
#4605=CARTESIAN_POINT('',(142.071556767276,39.9750030040742,-11.));
#4606=CARTESIAN_POINT('',(110.143111627076,39.9750030040742,-10.));
#4607=CARTESIAN_POINT('Origin',(111.143111627076,39.9750030040742,-10.));
#4608=CARTESIAN_POINT('',(110.143111627076,39.9750030040742,-8.74999999999999));
#4609=CARTESIAN_POINT('',(110.143111627076,39.9750030040742,-4.375));
#4610=CARTESIAN_POINT('',(111.143111627076,39.9750030040742,-7.75));
#4611=CARTESIAN_POINT('Origin',(111.143111627076,39.9750030040742,-8.74999999999999));
#4612=CARTESIAN_POINT('',(118.143111627076,39.9750030040742,-7.75));
#4613=CARTESIAN_POINT('',(145.571556767276,39.9750030040742,-7.75));
#4614=CARTESIAN_POINT('Origin',(118.143111627076,39.9750030040742,-8.75));
#4615=CARTESIAN_POINT('Origin',(85.000001907477,41.9750030040741,3.2643923576208E-15));
#4616=CARTESIAN_POINT('Origin',(176.750001907477,106.745280724084,-2.));
#4617=CARTESIAN_POINT('',(178.250001907477,106.745280724084,-2.));
#4618=CARTESIAN_POINT('Origin',(176.750001907477,106.745280724084,-2.));
#4619=CARTESIAN_POINT('Origin',(79.250001907477,53.2047252840643,-2.));
#4620=CARTESIAN_POINT('',(80.750001907477,53.2047252840643,-2.));
#4621=CARTESIAN_POINT('Origin',(79.250001907477,53.2047252840643,-2.));
#4622=CARTESIAN_POINT('Origin',(176.750001907477,53.2047252840643,-2.));
#4623=CARTESIAN_POINT('',(178.250001907477,53.2047252840643,-2.));
#4624=CARTESIAN_POINT('Origin',(176.750001907477,53.2047252840643,-2.));
#4625=CARTESIAN_POINT('Origin',(79.2500019074769,106.745280724084,-2.));
#4626=CARTESIAN_POINT('',(80.7500019074769,106.745280724084,-2.));
#4627=CARTESIAN_POINT('Origin',(79.2500019074769,106.745280724084,-2.));
#4628=CARTESIAN_POINT('Origin',(176.750001907477,53.2047252840643,0.));
#4629=CARTESIAN_POINT('',(178.250001907477,53.2047252840643,0.));
#4630=CARTESIAN_POINT('Origin',(177.097097571975,61.0441407576486,0.));
#4631=CARTESIAN_POINT('',(176.91587330723,56.951055045143,0.));
#4632=CARTESIAN_POINT('',(173.000001907477,61.0441407576486,0.));
#4633=CARTESIAN_POINT('Origin',(176.750001907477,45.7047252840643,0.));
#4634=CARTESIAN_POINT('',(173.000001907477,45.7047252840643,0.));
#4635=CARTESIAN_POINT('',(176.750001907477,49.4547252840643,0.));
#4636=CARTESIAN_POINT('Origin',(176.750001907477,53.2047252840643,0.));
#4637=CARTESIAN_POINT('Origin',(79.250001907477,53.2047252840643,0.));
#4638=CARTESIAN_POINT('',(80.750001907477,53.2047252840643,0.));
#4639=CARTESIAN_POINT('Origin',(79.250001907477,45.7047252840644,0.));
#4640=CARTESIAN_POINT('',(79.250001907477,49.4547252840643,0.));
#4641=CARTESIAN_POINT('Origin',(78.9029062429787,61.0441407576486,0.));
#4642=CARTESIAN_POINT('',(79.0841305077237,56.9510550451431,0.));
#4643=CARTESIAN_POINT('Origin',(79.250001907477,53.2047252840643,0.));
#4644=CARTESIAN_POINT('Origin',(176.750001907477,106.745280724084,0.));
#4645=CARTESIAN_POINT('',(178.250001907477,106.745280724084,0.));
#4646=CARTESIAN_POINT('Origin',(176.750001907477,114.245280724084,0.));
#4647=CARTESIAN_POINT('',(176.750001907477,110.495280724084,0.));
#4648=CARTESIAN_POINT('',(173.000001907477,114.245280724084,0.));
#4649=CARTESIAN_POINT('Origin',(177.097097571975,98.9058652504998,0.));
#4650=CARTESIAN_POINT('',(173.000001907477,98.9058652504998,0.));
#4651=CARTESIAN_POINT('',(176.91587330723,102.998950963005,0.));
#4652=CARTESIAN_POINT('Origin',(176.750001907477,106.745280724084,0.));
#4653=CARTESIAN_POINT('Origin',(79.2500019074769,106.745280724084,0.));
#4654=CARTESIAN_POINT('',(80.7500019074769,106.745280724084,0.));
#4655=CARTESIAN_POINT('Origin',(78.9029062429787,98.9058652504997,0.));
#4656=CARTESIAN_POINT('',(79.0841305077236,102.998950963005,0.));
#4657=CARTESIAN_POINT('Origin',(79.250001907477,114.245280724084,0.));
#4658=CARTESIAN_POINT('',(79.2500019074769,110.495280724084,0.));
#4659=CARTESIAN_POINT('Origin',(79.2500019074769,106.745280724084,0.));
#4660=CARTESIAN_POINT('Origin',(146.000001907474,110.475003004074,-14.));
#4661=CARTESIAN_POINT('',(149.000001907474,110.475003004074,-13.));
#4662=CARTESIAN_POINT('',(150.000001907474,110.475003004074,-14.));
#4663=CARTESIAN_POINT('Origin',(146.000001907474,110.475003004074,-13.));
#4664=CARTESIAN_POINT('Origin',(146.000001907474,110.475003004074,-15.));
#4665=CARTESIAN_POINT('',(149.000001907474,110.475003004074,-11.));
#4666=CARTESIAN_POINT('Origin',(146.000001907474,110.475003004074,-11.));
#4667=CARTESIAN_POINT('',(149.000001907474,110.475003004074,-15.));
#4668=CARTESIAN_POINT('Origin',(110.000001907474,110.475003004074,-14.));
#4669=CARTESIAN_POINT('',(113.000001907474,110.475003004074,-13.));
#4670=CARTESIAN_POINT('',(114.000001907474,110.475003004074,-14.));
#4671=CARTESIAN_POINT('Origin',(110.000001907474,110.475003004074,-13.));
#4672=CARTESIAN_POINT('Origin',(110.000001907474,110.475003004074,-15.));
#4673=CARTESIAN_POINT('',(113.000001907474,110.475003004074,-11.));
#4674=CARTESIAN_POINT('Origin',(110.000001907474,110.475003004074,-11.));
#4675=CARTESIAN_POINT('',(113.000001907474,110.475003004074,-15.));
#4676=CARTESIAN_POINT('Origin',(146.000001907474,96.0750030040741,-14.));
#4677=CARTESIAN_POINT('',(149.000001907474,96.0750030040741,-13.));
#4678=CARTESIAN_POINT('',(150.000001907474,96.0750030040741,-14.));
#4679=CARTESIAN_POINT('Origin',(146.000001907474,96.0750030040741,-13.));
#4680=CARTESIAN_POINT('Origin',(146.000001907474,96.0750030040741,-15.));
#4681=CARTESIAN_POINT('',(149.000001907474,96.0750030040741,-11.));
#4682=CARTESIAN_POINT('Origin',(146.000001907474,96.0750030040741,-11.));
#4683=CARTESIAN_POINT('',(149.000001907474,96.0750030040741,-15.));
#4684=CARTESIAN_POINT('Origin',(110.000001907474,96.0750030040741,-14.));
#4685=CARTESIAN_POINT('',(113.000001907474,96.0750030040741,-13.));
#4686=CARTESIAN_POINT('',(114.000001907474,96.0750030040741,-14.));
#4687=CARTESIAN_POINT('Origin',(110.000001907474,96.0750030040741,-13.));
#4688=CARTESIAN_POINT('Origin',(110.000001907474,96.0750030040741,-15.));
#4689=CARTESIAN_POINT('',(113.000001907474,96.0750030040741,-11.));
#4690=CARTESIAN_POINT('Origin',(110.000001907474,96.0750030040741,-11.));
#4691=CARTESIAN_POINT('',(113.000001907474,96.0750030040741,-15.));
#4692=CARTESIAN_POINT('Origin',(110.152492233941,81.6399972343444,-14.));
#4693=CARTESIAN_POINT('',(112.652492233941,81.6399972343444,-13.));
#4694=CARTESIAN_POINT('',(113.652492233941,81.6399972343444,-14.));
#4695=CARTESIAN_POINT('Origin',(110.152492233941,81.6399972343444,-13.));
#4696=CARTESIAN_POINT('Origin',(110.152492233941,81.6399972343444,-15.));
#4697=CARTESIAN_POINT('',(112.652492233941,81.6399972343444,-12.));
#4698=CARTESIAN_POINT('Origin',(110.152492233941,81.6399972343444,-12.));
#4699=CARTESIAN_POINT('',(112.652492233941,81.6399972343444,-15.));
#4700=CARTESIAN_POINT('Origin',(118.862492233941,71.1499972343444,-14.));
#4701=CARTESIAN_POINT('',(121.362492233941,71.1499972343444,-13.));
#4702=CARTESIAN_POINT('',(122.362492233941,71.1499972343444,-14.));
#4703=CARTESIAN_POINT('Origin',(118.862492233941,71.1499972343444,-13.));
#4704=CARTESIAN_POINT('Origin',(118.862492233941,71.1499972343444,-15.));
#4705=CARTESIAN_POINT('',(121.362492233941,71.1499972343444,-12.));
#4706=CARTESIAN_POINT('Origin',(118.862492233941,71.1499972343444,-12.));
#4707=CARTESIAN_POINT('',(121.362492233941,71.1499972343444,-15.));
#4708=CARTESIAN_POINT('Origin',(104.643111627076,54.4426026284694,-14.));
#4709=CARTESIAN_POINT('',(107.143111627076,54.4426026284694,-13.));
#4710=CARTESIAN_POINT('',(108.143111627076,54.4426026284694,-14.));
#4711=CARTESIAN_POINT('Origin',(104.643111627076,54.4426026284694,-13.));
#4712=CARTESIAN_POINT('Origin',(104.643111627076,54.4426026284694,-15.));
#4713=CARTESIAN_POINT('',(107.143111627076,54.4426026284694,-12.));
#4714=CARTESIAN_POINT('Origin',(104.643111627076,54.4426026284694,-12.));
#4715=CARTESIAN_POINT('',(107.143111627076,54.4426026284694,-15.));
#4716=CARTESIAN_POINT('Origin',(124.643111627076,54.4426026284694,-14.));
#4717=CARTESIAN_POINT('',(127.143111627076,54.4426026284694,-13.));
#4718=CARTESIAN_POINT('',(128.143111627076,54.4426026284694,-14.));
#4719=CARTESIAN_POINT('Origin',(124.643111627076,54.4426026284694,-13.));
#4720=CARTESIAN_POINT('Origin',(124.643111627076,54.4426026284694,-15.));
#4721=CARTESIAN_POINT('',(127.143111627076,54.4426026284694,-12.));
#4722=CARTESIAN_POINT('Origin',(124.643111627076,54.4426026284694,-12.));
#4723=CARTESIAN_POINT('',(127.143111627076,54.4426026284694,-15.));
#4724=CARTESIAN_POINT('Origin',(110.000001907474,110.475003004074,-15.));
#4725=CARTESIAN_POINT('',(112.100001907474,110.475003004074,-11.));
#4726=CARTESIAN_POINT('Origin',(110.000001907474,110.475003004074,-11.));
#4727=CARTESIAN_POINT('',(112.100001907474,110.475003004074,-15.));
#4728=CARTESIAN_POINT('',(112.100001907474,110.475003004074,-15.));
#4729=CARTESIAN_POINT('Origin',(110.000001907474,110.475003004074,-15.));
#4730=CARTESIAN_POINT('Origin',(110.000001907474,110.475003004074,-11.));
#4731=CARTESIAN_POINT('Origin',(128.000001907477,79.9750030040742,-15.));
#4732=CARTESIAN_POINT('Origin',(146.000001907474,96.0750030040741,-15.));
#4733=CARTESIAN_POINT('',(148.100001907474,96.0750030040741,-11.));
#4734=CARTESIAN_POINT('Origin',(146.000001907474,96.0750030040741,-11.));
#4735=CARTESIAN_POINT('',(148.100001907474,96.0750030040741,-15.));
#4736=CARTESIAN_POINT('',(148.100001907474,96.0750030040741,-15.));
#4737=CARTESIAN_POINT('Origin',(146.000001907474,96.0750030040741,-15.));
#4738=CARTESIAN_POINT('Origin',(146.000001907474,96.0750030040741,-11.));
#4739=CARTESIAN_POINT('Origin',(128.000001907477,79.9750030040742,-15.));
#4740=CARTESIAN_POINT('Origin',(146.000001907474,110.475003004074,-15.));
#4741=CARTESIAN_POINT('',(148.100001907474,110.475003004074,-11.));
#4742=CARTESIAN_POINT('Origin',(146.000001907474,110.475003004074,-11.));
#4743=CARTESIAN_POINT('',(148.100001907474,110.475003004074,-15.));
#4744=CARTESIAN_POINT('',(148.100001907474,110.475003004074,-15.));
#4745=CARTESIAN_POINT('Origin',(146.000001907474,110.475003004074,-15.));
#4746=CARTESIAN_POINT('Origin',(146.000001907474,110.475003004074,-11.));
#4747=CARTESIAN_POINT('Origin',(128.000001907477,79.9750030040742,-15.));
#4748=CARTESIAN_POINT('Origin',(110.000001907474,96.0750030040741,-15.));
#4749=CARTESIAN_POINT('',(112.100001907474,96.0750030040741,-11.));
#4750=CARTESIAN_POINT('Origin',(110.000001907474,96.0750030040741,-11.));
#4751=CARTESIAN_POINT('',(112.100001907474,96.0750030040741,-15.));
#4752=CARTESIAN_POINT('',(112.100001907474,96.0750030040741,-15.));
#4753=CARTESIAN_POINT('Origin',(110.000001907474,96.0750030040741,-15.));
#4754=CARTESIAN_POINT('Origin',(110.000001907474,96.0750030040741,-11.));
#4755=CARTESIAN_POINT('Origin',(110.152492233941,81.6399972343444,-15.));
#4756=CARTESIAN_POINT('',(111.752492233941,81.6399972343444,-12.));
#4757=CARTESIAN_POINT('Origin',(110.152492233941,81.6399972343444,-12.));
#4758=CARTESIAN_POINT('',(111.752492233941,81.6399972343444,-15.));
#4759=CARTESIAN_POINT('',(111.752492233941,81.6399972343444,-15.));
#4760=CARTESIAN_POINT('Origin',(110.152492233941,81.6399972343444,-15.));
#4761=CARTESIAN_POINT('Origin',(110.152492233941,81.6399972343444,-12.));
#4762=CARTESIAN_POINT('Origin',(128.000001907477,79.9750030040742,-15.));
#4763=CARTESIAN_POINT('Origin',(118.862492233941,71.1499972343444,-15.));
#4764=CARTESIAN_POINT('',(120.462492233941,71.1499972343444,-12.));
#4765=CARTESIAN_POINT('Origin',(118.862492233941,71.1499972343444,-12.));
#4766=CARTESIAN_POINT('',(120.462492233941,71.1499972343444,-15.));
#4767=CARTESIAN_POINT('',(120.462492233941,71.1499972343444,-15.));
#4768=CARTESIAN_POINT('Origin',(118.862492233941,71.1499972343444,-15.));
#4769=CARTESIAN_POINT('Origin',(118.862492233941,71.1499972343444,-12.));
#4770=CARTESIAN_POINT('Origin',(128.000001907477,79.9750030040742,-15.));
#4771=CARTESIAN_POINT('Origin',(104.643111627076,54.4426026284694,-15.));
#4772=CARTESIAN_POINT('',(106.243111627076,54.4426026284694,-12.));
#4773=CARTESIAN_POINT('Origin',(104.643111627076,54.4426026284694,-12.));
#4774=CARTESIAN_POINT('',(106.243111627076,54.4426026284694,-15.));
#4775=CARTESIAN_POINT('',(106.243111627076,54.4426026284694,-15.));
#4776=CARTESIAN_POINT('Origin',(104.643111627076,54.4426026284694,-15.));
#4777=CARTESIAN_POINT('Origin',(104.643111627076,54.4426026284694,-12.));
#4778=CARTESIAN_POINT('Origin',(128.000001907477,79.9750030040742,-15.));
#4779=CARTESIAN_POINT('Origin',(124.643111627076,54.4426026284694,-15.));
#4780=CARTESIAN_POINT('',(126.243111627076,54.4426026284694,-12.));
#4781=CARTESIAN_POINT('Origin',(124.643111627076,54.4426026284694,-12.));
#4782=CARTESIAN_POINT('',(126.243111627076,54.4426026284694,-15.));
#4783=CARTESIAN_POINT('',(126.243111627076,54.4426026284694,-15.));
#4784=CARTESIAN_POINT('Origin',(124.643111627076,54.4426026284694,-15.));
#4785=CARTESIAN_POINT('Origin',(124.643111627076,54.4426026284694,-12.));
#4786=CARTESIAN_POINT('Origin',(128.000001907477,79.9750030040742,-15.));
#4787=CARTESIAN_POINT('Origin',(110.143111627076,41.9750030040741,-8.74999999999999));
#4788=CARTESIAN_POINT('',(110.143111627076,41.2250030040741,-8.74999999999999));
#4789=CARTESIAN_POINT('',(110.143111627076,41.2250030040741,-10.));
#4790=CARTESIAN_POINT('',(110.143111627076,41.2250030040741,-9.24999999999999));
#4791=CARTESIAN_POINT('',(110.143111627076,41.9750030040741,-8.74999999999999));
#4792=CARTESIAN_POINT('',(110.143111627076,41.9750030040741,-10.));
#4793=CARTESIAN_POINT('Origin',(111.143111627076,41.9750030040741,-10.));
#4794=CARTESIAN_POINT('',(111.143111627076,41.2250030040741,-11.));
#4795=CARTESIAN_POINT('Origin',(111.143111627076,41.2250030040741,-10.));
#4796=CARTESIAN_POINT('',(111.143111627076,41.9750030040741,-11.));
#4797=CARTESIAN_POINT('Origin',(111.143111627076,41.9750030040741,-11.));
#4798=CARTESIAN_POINT('',(118.143111627076,41.2250030040741,-11.));
#4799=CARTESIAN_POINT('',(112.893111627076,41.2250030040741,-11.));
#4800=CARTESIAN_POINT('',(118.143111627076,41.9750030040741,-11.));
#4801=CARTESIAN_POINT('Origin',(118.143111627076,41.9750030040741,-10.));
#4802=CARTESIAN_POINT('',(119.143111627076,41.2250030040741,-10.));
#4803=CARTESIAN_POINT('Origin',(118.143111627076,41.2250030040741,-10.));
#4804=CARTESIAN_POINT('',(119.143111627076,41.9750030040741,-10.));
#4805=CARTESIAN_POINT('Origin',(119.143111627076,41.9750030040741,-10.));
#4806=CARTESIAN_POINT('',(119.143111627076,41.2250030040741,-8.75));
#4807=CARTESIAN_POINT('',(119.143111627076,41.2250030040741,-9.875));
#4808=CARTESIAN_POINT('',(119.143111627076,41.9750030040741,-8.75));
#4809=CARTESIAN_POINT('Origin',(118.143111627076,41.9750030040741,-8.75));
#4810=CARTESIAN_POINT('',(118.143111627076,41.2250030040741,-7.75));
#4811=CARTESIAN_POINT('Origin',(118.143111627076,41.2250030040741,-8.75));
#4812=CARTESIAN_POINT('',(118.143111627076,41.9750030040741,-7.75));
#4813=CARTESIAN_POINT('Origin',(118.143111627076,41.9750030040741,-7.75));
#4814=CARTESIAN_POINT('',(111.143111627076,41.2250030040741,-7.75));
#4815=CARTESIAN_POINT('',(116.393111627076,41.2250030040741,-7.75));
#4816=CARTESIAN_POINT('',(111.143111627076,41.9750030040741,-7.75));
#4817=CARTESIAN_POINT('Origin',(111.143111627076,41.9750030040741,-8.74999999999999));
#4818=CARTESIAN_POINT('Origin',(111.143111627076,41.2250030040741,-8.74999999999999));
#4819=CARTESIAN_POINT('Origin',(124.643111627076,41.9750030040741,-7.5));
#4820=CARTESIAN_POINT('',(124.643111627076,41.2250030040741,-7.5));
#4821=CARTESIAN_POINT('',(124.643111627076,41.9750030040741,-7.5));
#4822=CARTESIAN_POINT('',(104.643111627076,41.2250030040741,-7.5));
#4823=CARTESIAN_POINT('',(104.643111627076,41.2250030040741,-7.5));
#4824=CARTESIAN_POINT('',(104.643111627076,41.9750030040741,-7.5));
#4825=CARTESIAN_POINT('Origin',(124.643111627076,41.9750030040741,-12.));
#4826=CARTESIAN_POINT('',(124.643111627076,41.2250030040741,-12.));
#4827=CARTESIAN_POINT('',(124.643111627076,41.9750030040741,-12.));
#4828=CARTESIAN_POINT('',(124.643111627076,41.2250030040741,-7.5));
#4829=CARTESIAN_POINT('Origin',(104.643111627076,41.9750030040741,-12.));
#4830=CARTESIAN_POINT('',(104.643111627076,41.2250030040741,-12.));
#4831=CARTESIAN_POINT('',(104.643111627076,41.9750030040741,-12.));
#4832=CARTESIAN_POINT('',(124.643111627076,41.2250030040741,-12.));
#4833=CARTESIAN_POINT('Origin',(104.643111627076,41.9750030040741,-7.5));
#4834=CARTESIAN_POINT('',(104.643111627076,41.2250030040741,-12.));
#4835=CARTESIAN_POINT('Origin',(114.643111627076,41.2250030040741,-9.75));
#4836=CARTESIAN_POINT('Origin',(143.750001907471,71.1750030040741,-11.2));
#4837=CARTESIAN_POINT('',(145.350001907471,71.1750030040741,-11.2));
#4838=CARTESIAN_POINT('Origin',(143.750001907471,71.1750030040741,-11.2));
#4839=CARTESIAN_POINT('',(145.350001907471,71.1750030040741,-15.));
#4840=CARTESIAN_POINT('',(145.350001907471,71.1750030040741,-11.2));
#4841=CARTESIAN_POINT('Origin',(143.750001907471,71.1750030040741,-15.));
#4842=CARTESIAN_POINT('Origin',(143.750001907471,71.1750030040741,-15.));
#4843=CARTESIAN_POINT('Origin',(143.750001907471,44.975003004074,-11.2));
#4844=CARTESIAN_POINT('',(145.350001907471,44.975003004074,-11.2));
#4845=CARTESIAN_POINT('Origin',(143.750001907471,44.975003004074,-11.2));
#4846=CARTESIAN_POINT('',(145.350001907471,44.975003004074,-15.));
#4847=CARTESIAN_POINT('',(145.350001907471,44.975003004074,-11.2));
#4848=CARTESIAN_POINT('Origin',(143.750001907471,44.975003004074,-15.));
#4849=CARTESIAN_POINT('Origin',(143.750001907471,44.975003004074,-15.));
#4850=CARTESIAN_POINT('Origin',(148.000001907471,74.1750030040741,-9.));
#4851=CARTESIAN_POINT('',(148.000001907471,74.1750030040741,-9.));
#4852=CARTESIAN_POINT('',(148.000001907471,67.0750030040741,-9.));
#4853=CARTESIAN_POINT('',(148.000001907471,66.1250030040741,-9.));
#4854=CARTESIAN_POINT('',(148.000001907471,74.1750030040741,-11.2));
#4855=CARTESIAN_POINT('',(148.000001907471,74.1750030040741,-12.));
#4856=CARTESIAN_POINT('',(148.000001907471,68.1750030040741,-11.2));
#4857=CARTESIAN_POINT('',(148.000001907471,74.1750030040741,-11.2));
#4858=CARTESIAN_POINT('',(148.000001907471,67.0750030040741,-11.2));
#4859=CARTESIAN_POINT('',(148.000001907471,66.1250030040741,-11.2));
#4860=CARTESIAN_POINT('',(148.000001907471,67.0750030040741,-10.1));
#4861=CARTESIAN_POINT('Origin',(144.500001907471,70.6250030040741,-11.2));
#4862=CARTESIAN_POINT('',(141.000001907471,68.1750030040741,-11.2));
#4863=CARTESIAN_POINT('',(141.000001907471,68.1750030040741,-11.2));
#4864=CARTESIAN_POINT('',(141.000001907471,74.1750030040741,-11.2));
#4865=CARTESIAN_POINT('',(157.750001907471,74.1750030040741,-11.2));
#4866=CARTESIAN_POINT('',(141.000001907471,72.4000030040741,-11.2));
#4867=CARTESIAN_POINT('Origin',(156.000001907471,58.0750030040741,-11.2));
#4868=CARTESIAN_POINT('',(148.000001907471,47.9750030040741,-11.2));
#4869=CARTESIAN_POINT('',(141.000001907471,47.9750030040741,-11.2));
#4870=CARTESIAN_POINT('',(141.000001907471,47.9750030040741,-11.2));
#4871=CARTESIAN_POINT('',(141.000001907471,53.0250030040741,-11.2));
#4872=CARTESIAN_POINT('',(148.000001907471,49.0750030040741,-11.2));
#4873=CARTESIAN_POINT('Origin',(148.000001907471,49.0750030040741,-9.));
#4874=CARTESIAN_POINT('',(148.000001907471,49.0750030040741,-9.));
#4875=CARTESIAN_POINT('',(148.000001907471,53.5750030040741,-9.));
#4876=CARTESIAN_POINT('',(148.000001907471,49.0750030040741,-11.2));
#4877=CARTESIAN_POINT('',(148.000001907471,49.075003004074,-10.1));
#4878=CARTESIAN_POINT('',(148.000001907471,53.5750030040741,-11.2));
#4879=CARTESIAN_POINT('Origin',(171.000001907471,74.1750030040741,-15.));
#4880=CARTESIAN_POINT('',(141.000001907471,74.1750030040741,-15.));
#4881=CARTESIAN_POINT('',(171.000001907471,74.1750030040741,-9.));
#4882=CARTESIAN_POINT('Origin',(141.000001907471,67.0750030040741,-11.2));
#4883=CARTESIAN_POINT('',(166.100001907471,67.0750030040741,-11.2));
#4884=CARTESIAN_POINT('',(141.000001907471,67.0750030040741,-11.2));
#4885=CARTESIAN_POINT('',(166.100001907471,67.0750030040741,-9.));
#4886=CARTESIAN_POINT('',(166.100001907471,67.0750030040741,-11.2));
#4887=CARTESIAN_POINT('',(141.000001907471,67.0750030040741,-9.));
#4888=CARTESIAN_POINT('Origin',(141.000001907471,47.9750030040741,-15.));
#4889=CARTESIAN_POINT('',(141.000001907471,47.9750030040741,-15.));
#4890=CARTESIAN_POINT('Origin',(156.000001907471,58.0750030040741,-9.));
#4891=CARTESIAN_POINT('',(166.100001907471,49.075003004074,-9.));
#4892=CARTESIAN_POINT('',(166.100001907471,49.075003004074,-9.));
#4893=CARTESIAN_POINT('',(141.000001907471,49.075003004074,-9.));
#4894=CARTESIAN_POINT('Origin',(166.100001907471,49.075003004074,-11.2));
#4895=CARTESIAN_POINT('',(166.100001907471,49.075003004074,-11.2));
#4896=CARTESIAN_POINT('',(166.100001907471,49.075003004074,-11.2));
#4897=CARTESIAN_POINT('',(141.000001907471,49.075003004074,-11.2));
#4898=CARTESIAN_POINT('Origin',(166.100001907471,67.0750030040741,-11.2));
#4899=CARTESIAN_POINT('',(166.100001907471,49.075003004074,-11.2));
#4900=CARTESIAN_POINT('Origin',(156.000001907471,58.0750030040741,-11.2));
#4901=CARTESIAN_POINT('',(167.200001907471,68.1750030040741,-11.2));
#4902=CARTESIAN_POINT('',(141.000001907471,68.1750030040741,-11.2));
#4903=CARTESIAN_POINT('',(167.200001907471,47.9750030040741,-11.2));
#4904=CARTESIAN_POINT('',(167.200001907471,47.9750030040741,-11.2));
#4905=CARTESIAN_POINT('',(141.000001907471,47.9750030040741,-11.2));
#4906=CARTESIAN_POINT('Origin',(167.200001907471,47.9750030040741,-15.));
#4907=CARTESIAN_POINT('',(167.200001907471,47.9750030040741,-15.));
#4908=CARTESIAN_POINT('Origin',(167.200001907471,68.1750030040741,-15.));
#4909=CARTESIAN_POINT('',(167.200001907471,68.1750030040741,-15.));
#4910=CARTESIAN_POINT('Origin',(141.000001907471,68.1750030040741,-15.));
#4911=CARTESIAN_POINT('',(141.000001907471,68.1750030040741,-15.));
#4912=CARTESIAN_POINT('Origin',(141.000001907471,74.1750030040741,-15.));
#4913=CARTESIAN_POINT('Origin',(128.000001907477,79.9750030040742,-15.));
#4914=CARTESIAN_POINT('Origin',(173.000001907477,119.975003004074,1.55936018457887E-15));
#4915=UNCERTAINTY_MEASURE_WITH_UNIT(LENGTH_MEASURE(0.01),#4919,
'DISTANCE_ACCURACY_VALUE',
'Maximum model space distance between geometric entities at asserted c
onnectivities');
#4916=UNCERTAINTY_MEASURE_WITH_UNIT(LENGTH_MEASURE(0.01),#4919,
'DISTANCE_ACCURACY_VALUE',
'Maximum model space distance between geometric entities at asserted c
onnectivities');
#4917=(
GEOMETRIC_REPRESENTATION_CONTEXT(3)
GLOBAL_UNCERTAINTY_ASSIGNED_CONTEXT((#4915))
GLOBAL_UNIT_ASSIGNED_CONTEXT((#4919,#4920,#4921))
REPRESENTATION_CONTEXT('','3D')
);
#4918=(
GEOMETRIC_REPRESENTATION_CONTEXT(3)
GLOBAL_UNCERTAINTY_ASSIGNED_CONTEXT((#4916))
GLOBAL_UNIT_ASSIGNED_CONTEXT((#4919,#4920,#4921))
REPRESENTATION_CONTEXT('','3D')
);
#4919=(
LENGTH_UNIT()
NAMED_UNIT(*)
SI_UNIT(.MILLI.,.METRE.)
);
#4920=(
NAMED_UNIT(*)
PLANE_ANGLE_UNIT()
SI_UNIT($,.RADIAN.)
);
#4921=(
NAMED_UNIT(*)
SI_UNIT($,.STERADIAN.)
SOLID_ANGLE_UNIT()
);
#4922=SHAPE_DEFINITION_REPRESENTATION(#4923,#4924);
#4923=PRODUCT_DEFINITION_SHAPE('',$,#4926);
#4924=SHAPE_REPRESENTATION('',(#2755),#4917);
#4925=PRODUCT_DEFINITION_CONTEXT('part definition',#4930,'design');
#4926=PRODUCT_DEFINITION('2026-09-27-00-06-40-477','Back Plate',#4927,#4925);
#4927=PRODUCT_DEFINITION_FORMATION('',$,#4932);
#4928=PRODUCT_RELATED_PRODUCT_CATEGORY('Back Plate','Back Plate',(#4932));
#4929=APPLICATION_PROTOCOL_DEFINITION('international standard',
'automotive_design',2009,#4930);
#4930=APPLICATION_CONTEXT(
'Core Data for Automotive Mechanical Design Process');
#4931=PRODUCT_CONTEXT('part definition',#4930,'mechanical');
#4932=PRODUCT('2026-09-27-00-06-40-477','Back Plate',$,(#4931));
#4933=PRESENTATION_STYLE_ASSIGNMENT((#4934));
#4934=SURFACE_STYLE_USAGE(.BOTH.,#4935);
#4935=SURFACE_SIDE_STYLE('',(#4936));
#4936=SURFACE_STYLE_FILL_AREA(#4937);
#4937=FILL_AREA_STYLE('Steel - Satin',(#4938));
#4938=FILL_AREA_STYLE_COLOUR('Steel - Satin',#4939);
#4939=COLOUR_RGB('Steel - Satin',0.627450980392157,0.627450980392157,0.627450980392157);
ENDSEC;
END-ISO-10303-21;
