ISO-10303-21;
HEADER;
/* Generated by software containing ST-Developer
 * from STEP Tools, Inc. (www.steptools.com) 
 */

FILE_DESCRIPTION(
/* description */ (''),
/* implementation_level */ '2;1');

FILE_NAME(
/* name */ 'Screen Lid.step',
/* time_stamp */ '2026-09-26T23:33:28-07:00',
/* author */ (''),
/* organization */ (''),
/* preprocessor_version */ 'ST-DEVELOPER v20.1',
/* originating_system */ 'Autodesk Translation Framework v15.8.0.0',
/* authorisation */ '');

FILE_SCHEMA (('AUTOMOTIVE_DESIGN { 1 0 10303 214 3 1 1 }'));
ENDSEC;

DATA;
#10=MECHANICAL_DESIGN_GEOMETRIC_PRESENTATION_REPRESENTATION('',(#13),#2202);
#11=SHAPE_REPRESENTATION_RELATIONSHIP('SRR','None',#2209,#12);
#12=ADVANCED_BREP_SHAPE_REPRESENTATION('',(#14),#2201);
#13=STYLED_ITEM('',(#2218),#14);
#14=MANIFOLD_SOLID_BREP('obj_1_Top',#1301);
#15=FACE_BOUND('',#204,.T.);
#16=FACE_BOUND('',#208,.T.);
#17=FACE_BOUND('',#210,.T.);
#18=FACE_BOUND('',#212,.T.);
#19=FACE_BOUND('',#221,.T.);
#20=FACE_BOUND('',#235,.T.);
#21=FACE_BOUND('',#237,.T.);
#22=FACE_BOUND('',#238,.T.);
#23=FACE_BOUND('',#240,.T.);
#24=CYLINDRICAL_SURFACE('',#1328,1.49999506106617);
#25=CYLINDRICAL_SURFACE('',#1331,1.49999506106617);
#26=CYLINDRICAL_SURFACE('',#1334,0.999999940395355);
#27=CYLINDRICAL_SURFACE('',#1337,0.999999940395355);
#28=CYLINDRICAL_SURFACE('',#1340,0.999999940395355);
#29=CYLINDRICAL_SURFACE('',#1343,0.999999940395355);
#30=CYLINDRICAL_SURFACE('',#1346,2.00000762939453);
#31=CYLINDRICAL_SURFACE('',#1348,2.00000762939453);
#32=CYLINDRICAL_SURFACE('',#1350,2.00000762939453);
#33=CYLINDRICAL_SURFACE('',#1352,2.00000762939453);
#34=CYLINDRICAL_SURFACE('',#1354,1.39999984331858);
#35=CYLINDRICAL_SURFACE('',#1357,1.40000010827123);
#36=CYLINDRICAL_SURFACE('',#1360,1.40000107229845);
#37=CYLINDRICAL_SURFACE('',#1363,1.40000080734468);
#38=CYLINDRICAL_SURFACE('',#1366,3.82499694824219);
#39=CYLINDRICAL_SURFACE('',#1369,3.82499694824219);
#40=CYLINDRICAL_SURFACE('',#1372,3.82499694824219);
#41=CYLINDRICAL_SURFACE('',#1375,3.82499694824219);
#42=CIRCLE('',#1321,0.999877012669598);
#43=CIRCLE('',#1323,0.999869084071769);
#44=CIRCLE('',#1325,0.999872194487205);
#45=CIRCLE('',#1327,0.999871312454969);
#46=CIRCLE('',#1329,1.49999506106617);
#47=CIRCLE('',#1330,1.49999506106617);
#48=CIRCLE('',#1332,1.49999506106617);
#49=CIRCLE('',#1333,1.49999506106617);
#50=CIRCLE('',#1335,0.999999940395355);
#51=CIRCLE('',#1336,0.999999940395355);
#52=CIRCLE('',#1338,0.999999940395355);
#53=CIRCLE('',#1339,0.999999940395355);
#54=CIRCLE('',#1341,0.999999940395355);
#55=CIRCLE('',#1342,0.999999940395355);
#56=CIRCLE('',#1344,0.999999940395355);
#57=CIRCLE('',#1345,0.999999940395355);
#58=CIRCLE('',#1347,2.00000762939453);
#59=CIRCLE('',#1349,2.00000762939453);
#60=CIRCLE('',#1351,2.00000762939453);
#61=CIRCLE('',#1353,2.00000762939453);
#62=CIRCLE('',#1355,1.39999984331858);
#63=CIRCLE('',#1356,1.39999984331858);
#64=CIRCLE('',#1358,1.40000010827123);
#65=CIRCLE('',#1359,1.40000010827123);
#66=CIRCLE('',#1361,1.40000107229845);
#67=CIRCLE('',#1362,1.40000107229845);
#68=CIRCLE('',#1364,1.40000080734468);
#69=CIRCLE('',#1365,1.40000080734468);
#70=CIRCLE('',#1367,3.82499694824219);
#71=CIRCLE('',#1368,3.82499694824219);
#72=CIRCLE('',#1370,3.82499694824219);
#73=CIRCLE('',#1371,3.82499694824219);
#74=CIRCLE('',#1373,3.82499694824219);
#75=CIRCLE('',#1374,3.82499694824219);
#76=CIRCLE('',#1376,3.82499694824219);
#77=CIRCLE('',#1377,3.82499694824219);
#78=B_SPLINE_CURVE_WITH_KNOTS('',3,(#1821,#1822,#1823,#1824,#1825,#1826,
#1827,#1828,#1829,#1830,#1831,#1832,#1833,#1834),.UNSPECIFIED.,.F.,.F.,
(4,2,2,2,2,2,4),(0.3013411774659,0.301351353553957,0.376683931074928,0.452016508595899,
0.527348911010648,0.602681313425396,0.60269112604026),.UNSPECIFIED.);
#79=B_SPLINE_CURVE_WITH_KNOTS('',3,(#1848,#1849,#1850,#1851,#1852,#1853,
#1854,#1855,#1856,#1857),.UNSPECIFIED.,.F.,.F.,(4,2,2,2,4),(7.72539039129438E-11,
0.0753375076918876,0.150675015306521,0.226012522917991,0.301350030529461),
 .UNSPECIFIED.);
#80=B_SPLINE_CURVE_WITH_KNOTS('',3,(#1863,#1864,#1865,#1866,#1867,#1868,
#1869,#1870,#1871,#1872),.UNSPECIFIED.,.F.,.F.,(4,2,2,2,4),(5.15200035371801E-11,
0.0753376269402248,0.15067525382893,0.226012880717829,0.301350507606729),
 .UNSPECIFIED.);
#81=B_SPLINE_CURVE_WITH_KNOTS('',3,(#1884,#1885,#1886,#1887,#1888,#1889,
#1890,#1891,#1892,#1893,#1894,#1895,#1896,#1897,#1898),.UNSPECIFIED.,.F.,
 .F.,(4,2,2,2,2,3,4),(0.904062395033007,0.904072790328933,0.979405060035545,
1.05473732974216,1.13006968050505,1.20540203126794,1.20541281780601),
 .UNSPECIFIED.);
#82=CONICAL_SURFACE('',#1320,1.99638419123344,0.785506989304755);
#83=CONICAL_SURFACE('',#1322,1.99551273427343,0.785514763032388);
#84=CONICAL_SURFACE('',#1324,1.99557419601017,0.785508302091671);
#85=CONICAL_SURFACE('',#1326,1.99613540592868,0.785509594076669);
#86=FACE_OUTER_BOUND('',#159,.T.);
#87=FACE_OUTER_BOUND('',#160,.T.);
#88=FACE_OUTER_BOUND('',#161,.T.);
#89=FACE_OUTER_BOUND('',#162,.T.);
#90=FACE_OUTER_BOUND('',#163,.T.);
#91=FACE_OUTER_BOUND('',#164,.T.);
#92=FACE_OUTER_BOUND('',#165,.T.);
#93=FACE_OUTER_BOUND('',#166,.T.);
#94=FACE_OUTER_BOUND('',#167,.T.);
#95=FACE_OUTER_BOUND('',#168,.T.);
#96=FACE_OUTER_BOUND('',#169,.T.);
#97=FACE_OUTER_BOUND('',#170,.T.);
#98=FACE_OUTER_BOUND('',#171,.T.);
#99=FACE_OUTER_BOUND('',#172,.T.);
#100=FACE_OUTER_BOUND('',#173,.T.);
#101=FACE_OUTER_BOUND('',#174,.T.);
#102=FACE_OUTER_BOUND('',#175,.T.);
#103=FACE_OUTER_BOUND('',#176,.T.);
#104=FACE_OUTER_BOUND('',#177,.T.);
#105=FACE_OUTER_BOUND('',#178,.T.);
#106=FACE_OUTER_BOUND('',#179,.T.);
#107=FACE_OUTER_BOUND('',#180,.T.);
#108=FACE_OUTER_BOUND('',#181,.T.);
#109=FACE_OUTER_BOUND('',#182,.T.);
#110=FACE_OUTER_BOUND('',#183,.T.);
#111=FACE_OUTER_BOUND('',#184,.T.);
#112=FACE_OUTER_BOUND('',#185,.T.);
#113=FACE_OUTER_BOUND('',#186,.T.);
#114=FACE_OUTER_BOUND('',#187,.T.);
#115=FACE_OUTER_BOUND('',#188,.T.);
#116=FACE_OUTER_BOUND('',#189,.T.);
#117=FACE_OUTER_BOUND('',#190,.T.);
#118=FACE_OUTER_BOUND('',#191,.T.);
#119=FACE_OUTER_BOUND('',#192,.T.);
#120=FACE_OUTER_BOUND('',#193,.T.);
#121=FACE_OUTER_BOUND('',#194,.T.);
#122=FACE_OUTER_BOUND('',#195,.T.);
#123=FACE_OUTER_BOUND('',#196,.T.);
#124=FACE_OUTER_BOUND('',#197,.T.);
#125=FACE_OUTER_BOUND('',#198,.T.);
#126=FACE_OUTER_BOUND('',#199,.T.);
#127=FACE_OUTER_BOUND('',#200,.T.);
#128=FACE_OUTER_BOUND('',#201,.T.);
#129=FACE_OUTER_BOUND('',#202,.T.);
#130=FACE_OUTER_BOUND('',#203,.T.);
#131=FACE_OUTER_BOUND('',#205,.T.);
#132=FACE_OUTER_BOUND('',#206,.T.);
#133=FACE_OUTER_BOUND('',#207,.T.);
#134=FACE_OUTER_BOUND('',#209,.T.);
#135=FACE_OUTER_BOUND('',#211,.T.);
#136=FACE_OUTER_BOUND('',#213,.T.);
#137=FACE_OUTER_BOUND('',#214,.T.);
#138=FACE_OUTER_BOUND('',#215,.T.);
#139=FACE_OUTER_BOUND('',#216,.T.);
#140=FACE_OUTER_BOUND('',#217,.T.);
#141=FACE_OUTER_BOUND('',#218,.T.);
#142=FACE_OUTER_BOUND('',#219,.T.);
#143=FACE_OUTER_BOUND('',#220,.T.);
#144=FACE_OUTER_BOUND('',#222,.T.);
#145=FACE_OUTER_BOUND('',#223,.T.);
#146=FACE_OUTER_BOUND('',#224,.T.);
#147=FACE_OUTER_BOUND('',#225,.T.);
#148=FACE_OUTER_BOUND('',#226,.T.);
#149=FACE_OUTER_BOUND('',#227,.T.);
#150=FACE_OUTER_BOUND('',#228,.T.);
#151=FACE_OUTER_BOUND('',#229,.T.);
#152=FACE_OUTER_BOUND('',#230,.T.);
#153=FACE_OUTER_BOUND('',#231,.T.);
#154=FACE_OUTER_BOUND('',#232,.T.);
#155=FACE_OUTER_BOUND('',#233,.T.);
#156=FACE_OUTER_BOUND('',#234,.T.);
#157=FACE_OUTER_BOUND('',#236,.T.);
#158=FACE_OUTER_BOUND('',#239,.T.);
#159=EDGE_LOOP('',(#817,#818,#819,#820));
#160=EDGE_LOOP('',(#821,#822,#823,#824));
#161=EDGE_LOOP('',(#825,#826,#827,#828));
#162=EDGE_LOOP('',(#829,#830,#831,#832));
#163=EDGE_LOOP('',(#833,#834,#835,#836));
#164=EDGE_LOOP('',(#837,#838,#839,#840));
#165=EDGE_LOOP('',(#841,#842,#843,#844));
#166=EDGE_LOOP('',(#845,#846,#847,#848));
#167=EDGE_LOOP('',(#849,#850,#851,#852));
#168=EDGE_LOOP('',(#853,#854,#855,#856));
#169=EDGE_LOOP('',(#857,#858,#859,#860));
#170=EDGE_LOOP('',(#861,#862,#863,#864));
#171=EDGE_LOOP('',(#865,#866,#867,#868));
#172=EDGE_LOOP('',(#869,#870,#871,#872));
#173=EDGE_LOOP('',(#873,#874,#875,#876));
#174=EDGE_LOOP('',(#877,#878,#879,#880));
#175=EDGE_LOOP('',(#881,#882,#883,#884));
#176=EDGE_LOOP('',(#885,#886,#887,#888));
#177=EDGE_LOOP('',(#889,#890,#891,#892));
#178=EDGE_LOOP('',(#893,#894,#895,#896));
#179=EDGE_LOOP('',(#897,#898,#899,#900));
#180=EDGE_LOOP('',(#901,#902,#903,#904));
#181=EDGE_LOOP('',(#905,#906,#907,#908));
#182=EDGE_LOOP('',(#909,#910,#911,#912));
#183=EDGE_LOOP('',(#913,#914,#915,#916));
#184=EDGE_LOOP('',(#917,#918,#919,#920));
#185=EDGE_LOOP('',(#921,#922,#923,#924));
#186=EDGE_LOOP('',(#925,#926,#927,#928));
#187=EDGE_LOOP('',(#929,#930,#931,#932));
#188=EDGE_LOOP('',(#933,#934,#935,#936));
#189=EDGE_LOOP('',(#937,#938,#939,#940));
#190=EDGE_LOOP('',(#941,#942,#943,#944));
#191=EDGE_LOOP('',(#945,#946,#947,#948));
#192=EDGE_LOOP('',(#949,#950,#951,#952));
#193=EDGE_LOOP('',(#953,#954,#955,#956));
#194=EDGE_LOOP('',(#957,#958,#959,#960));
#195=EDGE_LOOP('',(#961));
#196=EDGE_LOOP('',(#962));
#197=EDGE_LOOP('',(#963));
#198=EDGE_LOOP('',(#964));
#199=EDGE_LOOP('',(#965,#966,#967,#968));
#200=EDGE_LOOP('',(#969,#970,#971,#972));
#201=EDGE_LOOP('',(#973,#974,#975,#976));
#202=EDGE_LOOP('',(#977,#978,#979,#980));
#203=EDGE_LOOP('',(#981,#982,#983,#984));
#204=EDGE_LOOP('',(#985,#986,#987,#988));
#205=EDGE_LOOP('',(#989,#990,#991,#992));
#206=EDGE_LOOP('',(#993,#994,#995,#996));
#207=EDGE_LOOP('',(#997,#998,#999,#1000,#1001,#1002,#1003,#1004));
#208=EDGE_LOOP('',(#1005,#1006,#1007,#1008));
#209=EDGE_LOOP('',(#1009,#1010,#1011,#1012));
#210=EDGE_LOOP('',(#1013,#1014,#1015,#1016));
#211=EDGE_LOOP('',(#1017,#1018,#1019,#1020,#1021,#1022,#1023,#1024,#1025,
#1026,#1027,#1028,#1029,#1030,#1031,#1032));
#212=EDGE_LOOP('',(#1033,#1034,#1035,#1036));
#213=EDGE_LOOP('',(#1037,#1038,#1039,#1040));
#214=EDGE_LOOP('',(#1041,#1042,#1043,#1044));
#215=EDGE_LOOP('',(#1045,#1046,#1047,#1048));
#216=EDGE_LOOP('',(#1049,#1050,#1051,#1052));
#217=EDGE_LOOP('',(#1053,#1054,#1055,#1056));
#218=EDGE_LOOP('',(#1057,#1058,#1059,#1060,#1061,#1062,#1063,#1064));
#219=EDGE_LOOP('',(#1065,#1066,#1067,#1068));
#220=EDGE_LOOP('',(#1069,#1070,#1071,#1072,#1073));
#221=EDGE_LOOP('',(#1074));
#222=EDGE_LOOP('',(#1075,#1076,#1077,#1078,#1079,#1080,#1081,#1082));
#223=EDGE_LOOP('',(#1083,#1084,#1085,#1086,#1087));
#224=EDGE_LOOP('',(#1088,#1089,#1090,#1091,#1092));
#225=EDGE_LOOP('',(#1093,#1094,#1095,#1096,#1097));
#226=EDGE_LOOP('',(#1098,#1099,#1100,#1101));
#227=EDGE_LOOP('',(#1102,#1103,#1104,#1105,#1106));
#228=EDGE_LOOP('',(#1107,#1108,#1109,#1110,#1111));
#229=EDGE_LOOP('',(#1112,#1113,#1114,#1115,#1116,#1117,#1118,#1119));
#230=EDGE_LOOP('',(#1120,#1121,#1122,#1123,#1124));
#231=EDGE_LOOP('',(#1125,#1126,#1127,#1128,#1129));
#232=EDGE_LOOP('',(#1130,#1131,#1132,#1133,#1134,#1135,#1136,#1137));
#233=EDGE_LOOP('',(#1138,#1139,#1140,#1141,#1142));
#234=EDGE_LOOP('',(#1143,#1144,#1145,#1146,#1147));
#235=EDGE_LOOP('',(#1148));
#236=EDGE_LOOP('',(#1149,#1150,#1151,#1152,#1153,#1154,#1155,#1156,#1157,
#1158));
#237=EDGE_LOOP('',(#1159));
#238=EDGE_LOOP('',(#1160));
#239=EDGE_LOOP('',(#1161,#1162,#1163,#1164,#1165,#1166,#1167,#1168,#1169,
#1170,#1171,#1172));
#240=EDGE_LOOP('',(#1173,#1174,#1175,#1176));
#241=LINE('',#1788,#381);
#242=LINE('',#1790,#382);
#243=LINE('',#1792,#383);
#244=LINE('',#1793,#384);
#245=LINE('',#1797,#385);
#246=LINE('',#1799,#386);
#247=LINE('',#1801,#387);
#248=LINE('',#1802,#388);
#249=LINE('',#1806,#389);
#250=LINE('',#1807,#390);
#251=LINE('',#1808,#391);
#252=LINE('',#1811,#392);
#253=LINE('',#1813,#393);
#254=LINE('',#1814,#394);
#255=LINE('',#1816,#395);
#256=LINE('',#1817,#396);
#257=LINE('',#1836,#397);
#258=LINE('',#1839,#398);
#259=LINE('',#1843,#399);
#260=LINE('',#1847,#400);
#261=LINE('',#1861,#401);
#262=LINE('',#1874,#402);
#263=LINE('',#1879,#403);
#264=LINE('',#1883,#404);
#265=LINE('',#1902,#405);
#266=LINE('',#1909,#406);
#267=LINE('',#1914,#407);
#268=LINE('',#1918,#408);
#269=LINE('',#1925,#409);
#270=LINE('',#1928,#410);
#271=LINE('',#1932,#411);
#272=LINE('',#1936,#412);
#273=LINE('',#1943,#413);
#274=LINE('',#1946,#414);
#275=LINE('',#1949,#415);
#276=LINE('',#1952,#416);
#277=LINE('',#1955,#417);
#278=LINE('',#1958,#418);
#279=LINE('',#1961,#419);
#280=LINE('',#1964,#420);
#281=LINE('',#1967,#421);
#282=LINE('',#1970,#422);
#283=LINE('',#1975,#423);
#284=LINE('',#1981,#424);
#285=LINE('',#1987,#425);
#286=LINE('',#1993,#426);
#287=LINE('',#2000,#427);
#288=LINE('',#2003,#428);
#289=LINE('',#2009,#429);
#290=LINE('',#2012,#430);
#291=LINE('',#2016,#431);
#292=LINE('',#2020,#432);
#293=LINE('',#2025,#433);
#294=LINE('',#2029,#434);
#295=LINE('',#2032,#435);
#296=LINE('',#2033,#436);
#297=LINE('',#2035,#437);
#298=LINE('',#2036,#438);
#299=LINE('',#2038,#439);
#300=LINE('',#2039,#440);
#301=LINE('',#2041,#441);
#302=LINE('',#2042,#442);
#303=LINE('',#2046,#443);
#304=LINE('',#2047,#444);
#305=LINE('',#2048,#445);
#306=LINE('',#2051,#446);
#307=LINE('',#2052,#447);
#308=LINE('',#2055,#448);
#309=LINE('',#2056,#449);
#310=LINE('',#2058,#450);
#311=LINE('',#2060,#451);
#312=LINE('',#2068,#452);
#313=LINE('',#2070,#453);
#314=LINE('',#2072,#454);
#315=LINE('',#2073,#455);
#316=LINE('',#2076,#456);
#317=LINE('',#2078,#457);
#318=LINE('',#2079,#458);
#319=LINE('',#2082,#459);
#320=LINE('',#2084,#460);
#321=LINE('',#2085,#461);
#322=LINE('',#2087,#462);
#323=LINE('',#2088,#463);
#324=LINE('',#2092,#464);
#325=LINE('',#2094,#465);
#326=LINE('',#2096,#466);
#327=LINE('',#2097,#467);
#328=LINE('',#2101,#468);
#329=LINE('',#2102,#469);
#330=LINE('',#2103,#470);
#331=LINE('',#2105,#471);
#332=LINE('',#2110,#472);
#333=LINE('',#2112,#473);
#334=LINE('',#2114,#474);
#335=LINE('',#2115,#475);
#336=LINE('',#2117,#476);
#337=LINE('',#2118,#477);
#338=LINE('',#2119,#478);
#339=LINE('',#2120,#479);
#340=LINE('',#2121,#480);
#341=LINE('',#2122,#481);
#342=LINE('',#2123,#482);
#343=LINE('',#2124,#483);
#344=LINE('',#2127,#484);
#345=LINE('',#2129,#485);
#346=LINE('',#2131,#486);
#347=LINE('',#2132,#487);
#348=LINE('',#2134,#488);
#349=LINE('',#2135,#489);
#350=LINE('',#2137,#490);
#351=LINE('',#2139,#491);
#352=LINE('',#2142,#492);
#353=LINE('',#2144,#493);
#354=LINE('',#2145,#494);
#355=LINE('',#2147,#495);
#356=LINE('',#2151,#496);
#357=LINE('',#2152,#497);
#358=LINE('',#2154,#498);
#359=LINE('',#2155,#499);
#360=LINE('',#2157,#500);
#361=LINE('',#2159,#501);
#362=LINE('',#2160,#502);
#363=LINE('',#2161,#503);
#364=LINE('',#2163,#504);
#365=LINE('',#2167,#505);
#366=LINE('',#2168,#506);
#367=LINE('',#2171,#507);
#368=LINE('',#2172,#508);
#369=LINE('',#2174,#509);
#370=LINE('',#2177,#510);
#371=LINE('',#2178,#511);
#372=LINE('',#2181,#512);
#373=LINE('',#2182,#513);
#374=LINE('',#2184,#514);
#375=LINE('',#2185,#515);
#376=LINE('',#2187,#516);
#377=LINE('',#2190,#517);
#378=LINE('',#2191,#518);
#379=LINE('',#2193,#519);
#380=LINE('',#2194,#520);
#381=VECTOR('',#1428,10.);
#382=VECTOR('',#1429,10.);
#383=VECTOR('',#1430,10.);
#384=VECTOR('',#1431,10.);
#385=VECTOR('',#1434,10.);
#386=VECTOR('',#1435,10.);
#387=VECTOR('',#1436,10.);
#388=VECTOR('',#1437,10.);
#389=VECTOR('',#1440,10.);
#390=VECTOR('',#1441,10.);
#391=VECTOR('',#1442,10.);
#392=VECTOR('',#1445,10.);
#393=VECTOR('',#1446,10.);
#394=VECTOR('',#1447,10.);
#395=VECTOR('',#1450,10.);
#396=VECTOR('',#1451,10.);
#397=VECTOR('',#1454,10.);
#398=VECTOR('',#1457,10.);
#399=VECTOR('',#1460,10.);
#400=VECTOR('',#1463,10.);
#401=VECTOR('',#1466,10.);
#402=VECTOR('',#1467,10.);
#403=VECTOR('',#1472,10.);
#404=VECTOR('',#1475,10.);
#405=VECTOR('',#1478,10.);
#406=VECTOR('',#1487,10.);
#407=VECTOR('',#1492,10.);
#408=VECTOR('',#1495,10.);
#409=VECTOR('',#1502,10.);
#410=VECTOR('',#1505,10.);
#411=VECTOR('',#1508,10.);
#412=VECTOR('',#1511,10.);
#413=VECTOR('',#1518,10.);
#414=VECTOR('',#1521,10.);
#415=VECTOR('',#1524,10.);
#416=VECTOR('',#1527,10.);
#417=VECTOR('',#1530,10.);
#418=VECTOR('',#1533,10.);
#419=VECTOR('',#1536,10.);
#420=VECTOR('',#1539,10.);
#421=VECTOR('',#1542,10.);
#422=VECTOR('',#1545,10.);
#423=VECTOR('',#1550,10.);
#424=VECTOR('',#1557,10.);
#425=VECTOR('',#1564,10.);
#426=VECTOR('',#1571,10.);
#427=VECTOR('',#1578,10.);
#428=VECTOR('',#1581,10.);
#429=VECTOR('',#1586,10.);
#430=VECTOR('',#1589,10.);
#431=VECTOR('',#1592,10.);
#432=VECTOR('',#1595,10.);
#433=VECTOR('',#1600,10.);
#434=VECTOR('',#1603,10.);
#435=VECTOR('',#1608,10.);
#436=VECTOR('',#1609,10.);
#437=VECTOR('',#1612,10.);
#438=VECTOR('',#1613,10.);
#439=VECTOR('',#1616,10.);
#440=VECTOR('',#1617,10.);
#441=VECTOR('',#1620,10.);
#442=VECTOR('',#1621,10.);
#443=VECTOR('',#1624,10.);
#444=VECTOR('',#1625,10.);
#445=VECTOR('',#1626,10.);
#446=VECTOR('',#1629,10.);
#447=VECTOR('',#1630,10.);
#448=VECTOR('',#1633,10.);
#449=VECTOR('',#1634,10.);
#450=VECTOR('',#1637,10.);
#451=VECTOR('',#1640,10.);
#452=VECTOR('',#1651,10.);
#453=VECTOR('',#1652,10.);
#454=VECTOR('',#1653,10.);
#455=VECTOR('',#1654,10.);
#456=VECTOR('',#1657,10.);
#457=VECTOR('',#1658,10.);
#458=VECTOR('',#1659,10.);
#459=VECTOR('',#1662,10.);
#460=VECTOR('',#1663,10.);
#461=VECTOR('',#1664,10.);
#462=VECTOR('',#1667,10.);
#463=VECTOR('',#1668,10.);
#464=VECTOR('',#1671,10.);
#465=VECTOR('',#1672,10.);
#466=VECTOR('',#1673,10.);
#467=VECTOR('',#1674,10.);
#468=VECTOR('',#1677,10.);
#469=VECTOR('',#1678,10.);
#470=VECTOR('',#1679,10.);
#471=VECTOR('',#1682,10.);
#472=VECTOR('',#1687,10.);
#473=VECTOR('',#1688,10.);
#474=VECTOR('',#1689,10.);
#475=VECTOR('',#1690,10.);
#476=VECTOR('',#1693,10.);
#477=VECTOR('',#1694,10.);
#478=VECTOR('',#1695,10.);
#479=VECTOR('',#1696,10.);
#480=VECTOR('',#1697,10.);
#481=VECTOR('',#1698,10.);
#482=VECTOR('',#1699,10.);
#483=VECTOR('',#1700,10.);
#484=VECTOR('',#1701,10.);
#485=VECTOR('',#1702,10.);
#486=VECTOR('',#1703,10.);
#487=VECTOR('',#1704,10.);
#488=VECTOR('',#1707,10.);
#489=VECTOR('',#1708,10.);
#490=VECTOR('',#1711,10.);
#491=VECTOR('',#1714,10.);
#492=VECTOR('',#1719,10.);
#493=VECTOR('',#1722,10.);
#494=VECTOR('',#1723,10.);
#495=VECTOR('',#1726,10.);
#496=VECTOR('',#1729,10.);
#497=VECTOR('',#1730,10.);
#498=VECTOR('',#1731,10.);
#499=VECTOR('',#1732,10.);
#500=VECTOR('',#1735,10.);
#501=VECTOR('',#1736,10.);
#502=VECTOR('',#1737,10.);
#503=VECTOR('',#1738,10.);
#504=VECTOR('',#1741,10.);
#505=VECTOR('',#1746,10.);
#506=VECTOR('',#1747,10.);
#507=VECTOR('',#1750,10.);
#508=VECTOR('',#1751,10.);
#509=VECTOR('',#1754,10.);
#510=VECTOR('',#1757,10.);
#511=VECTOR('',#1758,10.);
#512=VECTOR('',#1761,10.);
#513=VECTOR('',#1762,10.);
#514=VECTOR('',#1763,10.);
#515=VECTOR('',#1764,10.);
#516=VECTOR('',#1767,10.);
#517=VECTOR('',#1770,10.);
#518=VECTOR('',#1771,10.);
#519=VECTOR('',#1774,10.);
#520=VECTOR('',#1775,10.);
#521=VERTEX_POINT('',#1786);
#522=VERTEX_POINT('',#1787);
#523=VERTEX_POINT('',#1789);
#524=VERTEX_POINT('',#1791);
#525=VERTEX_POINT('',#1795);
#526=VERTEX_POINT('',#1796);
#527=VERTEX_POINT('',#1798);
#528=VERTEX_POINT('',#1800);
#529=VERTEX_POINT('',#1804);
#530=VERTEX_POINT('',#1805);
#531=VERTEX_POINT('',#1810);
#532=VERTEX_POINT('',#1812);
#533=VERTEX_POINT('',#1819);
#534=VERTEX_POINT('',#1820);
#535=VERTEX_POINT('',#1835);
#536=VERTEX_POINT('',#1837);
#537=VERTEX_POINT('',#1841);
#538=VERTEX_POINT('',#1842);
#539=VERTEX_POINT('',#1844);
#540=VERTEX_POINT('',#1846);
#541=VERTEX_POINT('',#1859);
#542=VERTEX_POINT('',#1860);
#543=VERTEX_POINT('',#1862);
#544=VERTEX_POINT('',#1873);
#545=VERTEX_POINT('',#1877);
#546=VERTEX_POINT('',#1878);
#547=VERTEX_POINT('',#1880);
#548=VERTEX_POINT('',#1882);
#549=VERTEX_POINT('',#1900);
#550=VERTEX_POINT('',#1901);
#551=VERTEX_POINT('',#1906);
#552=VERTEX_POINT('',#1908);
#553=VERTEX_POINT('',#1912);
#554=VERTEX_POINT('',#1913);
#555=VERTEX_POINT('',#1915);
#556=VERTEX_POINT('',#1917);
#557=VERTEX_POINT('',#1921);
#558=VERTEX_POINT('',#1922);
#559=VERTEX_POINT('',#1924);
#560=VERTEX_POINT('',#1926);
#561=VERTEX_POINT('',#1930);
#562=VERTEX_POINT('',#1931);
#563=VERTEX_POINT('',#1933);
#564=VERTEX_POINT('',#1935);
#565=VERTEX_POINT('',#1939);
#566=VERTEX_POINT('',#1940);
#567=VERTEX_POINT('',#1942);
#568=VERTEX_POINT('',#1944);
#569=VERTEX_POINT('',#1948);
#570=VERTEX_POINT('',#1950);
#571=VERTEX_POINT('',#1954);
#572=VERTEX_POINT('',#1956);
#573=VERTEX_POINT('',#1960);
#574=VERTEX_POINT('',#1962);
#575=VERTEX_POINT('',#1966);
#576=VERTEX_POINT('',#1968);
#577=VERTEX_POINT('',#1972);
#578=VERTEX_POINT('',#1974);
#579=VERTEX_POINT('',#1978);
#580=VERTEX_POINT('',#1980);
#581=VERTEX_POINT('',#1984);
#582=VERTEX_POINT('',#1986);
#583=VERTEX_POINT('',#1990);
#584=VERTEX_POINT('',#1992);
#585=VERTEX_POINT('',#1996);
#586=VERTEX_POINT('',#1997);
#587=VERTEX_POINT('',#1999);
#588=VERTEX_POINT('',#2001);
#589=VERTEX_POINT('',#2005);
#590=VERTEX_POINT('',#2006);
#591=VERTEX_POINT('',#2008);
#592=VERTEX_POINT('',#2010);
#593=VERTEX_POINT('',#2014);
#594=VERTEX_POINT('',#2015);
#595=VERTEX_POINT('',#2017);
#596=VERTEX_POINT('',#2019);
#597=VERTEX_POINT('',#2023);
#598=VERTEX_POINT('',#2024);
#599=VERTEX_POINT('',#2026);
#600=VERTEX_POINT('',#2028);
#601=VERTEX_POINT('',#2044);
#602=VERTEX_POINT('',#2045);
#603=VERTEX_POINT('',#2050);
#604=VERTEX_POINT('',#2054);
#605=VERTEX_POINT('',#2066);
#606=VERTEX_POINT('',#2067);
#607=VERTEX_POINT('',#2069);
#608=VERTEX_POINT('',#2071);
#609=VERTEX_POINT('',#2075);
#610=VERTEX_POINT('',#2077);
#611=VERTEX_POINT('',#2081);
#612=VERTEX_POINT('',#2083);
#613=VERTEX_POINT('',#2090);
#614=VERTEX_POINT('',#2091);
#615=VERTEX_POINT('',#2093);
#616=VERTEX_POINT('',#2095);
#617=VERTEX_POINT('',#2099);
#618=VERTEX_POINT('',#2100);
#619=VERTEX_POINT('',#2108);
#620=VERTEX_POINT('',#2109);
#621=VERTEX_POINT('',#2111);
#622=VERTEX_POINT('',#2113);
#623=VERTEX_POINT('',#2125);
#624=VERTEX_POINT('',#2126);
#625=VERTEX_POINT('',#2128);
#626=VERTEX_POINT('',#2130);
#627=VERTEX_POINT('',#2149);
#628=VERTEX_POINT('',#2150);
#629=VERTEX_POINT('',#2153);
#630=VERTEX_POINT('',#2158);
#631=VERTEX_POINT('',#2166);
#632=VERTEX_POINT('',#2170);
#633=VERTEX_POINT('',#2176);
#634=VERTEX_POINT('',#2180);
#635=VERTEX_POINT('',#2183);
#636=VERTEX_POINT('',#2189);
#637=EDGE_CURVE('',#521,#522,#241,.T.);
#638=EDGE_CURVE('',#523,#521,#242,.T.);
#639=EDGE_CURVE('',#524,#523,#243,.T.);
#640=EDGE_CURVE('',#522,#524,#244,.T.);
#641=EDGE_CURVE('',#525,#526,#245,.T.);
#642=EDGE_CURVE('',#527,#525,#246,.T.);
#643=EDGE_CURVE('',#528,#527,#247,.T.);
#644=EDGE_CURVE('',#526,#528,#248,.T.);
#645=EDGE_CURVE('',#529,#530,#249,.T.);
#646=EDGE_CURVE('',#525,#529,#250,.T.);
#647=EDGE_CURVE('',#530,#526,#251,.T.);
#648=EDGE_CURVE('',#531,#530,#252,.T.);
#649=EDGE_CURVE('',#532,#531,#253,.T.);
#650=EDGE_CURVE('',#529,#532,#254,.T.);
#651=EDGE_CURVE('',#528,#531,#255,.T.);
#652=EDGE_CURVE('',#532,#527,#256,.T.);
#653=EDGE_CURVE('',#533,#534,#78,.T.);
#654=EDGE_CURVE('',#535,#533,#257,.T.);
#655=EDGE_CURVE('',#536,#535,#42,.T.);
#656=EDGE_CURVE('',#534,#536,#258,.T.);
#657=EDGE_CURVE('',#537,#538,#259,.T.);
#658=EDGE_CURVE('',#539,#537,#43,.T.);
#659=EDGE_CURVE('',#540,#539,#260,.T.);
#660=EDGE_CURVE('',#538,#540,#79,.T.);
#661=EDGE_CURVE('',#541,#542,#261,.T.);
#662=EDGE_CURVE('',#543,#541,#80,.T.);
#663=EDGE_CURVE('',#544,#543,#262,.T.);
#664=EDGE_CURVE('',#542,#544,#44,.T.);
#665=EDGE_CURVE('',#545,#546,#263,.T.);
#666=EDGE_CURVE('',#547,#545,#45,.T.);
#667=EDGE_CURVE('',#548,#547,#264,.T.);
#668=EDGE_CURVE('',#546,#548,#81,.T.);
#669=EDGE_CURVE('',#549,#550,#265,.T.);
#670=EDGE_CURVE('',#521,#549,#46,.T.);
#671=EDGE_CURVE('',#550,#522,#47,.T.);
#672=EDGE_CURVE('',#551,#523,#48,.T.);
#673=EDGE_CURVE('',#552,#551,#266,.T.);
#674=EDGE_CURVE('',#524,#552,#49,.T.);
#675=EDGE_CURVE('',#553,#554,#267,.T.);
#676=EDGE_CURVE('',#555,#553,#50,.T.);
#677=EDGE_CURVE('',#556,#555,#268,.T.);
#678=EDGE_CURVE('',#554,#556,#51,.T.);
#679=EDGE_CURVE('',#557,#558,#52,.T.);
#680=EDGE_CURVE('',#559,#557,#269,.T.);
#681=EDGE_CURVE('',#560,#559,#53,.T.);
#682=EDGE_CURVE('',#558,#560,#270,.T.);
#683=EDGE_CURVE('',#561,#562,#271,.T.);
#684=EDGE_CURVE('',#563,#561,#54,.T.);
#685=EDGE_CURVE('',#564,#563,#272,.T.);
#686=EDGE_CURVE('',#562,#564,#55,.T.);
#687=EDGE_CURVE('',#565,#566,#56,.T.);
#688=EDGE_CURVE('',#567,#565,#273,.T.);
#689=EDGE_CURVE('',#568,#567,#57,.T.);
#690=EDGE_CURVE('',#566,#568,#274,.T.);
#691=EDGE_CURVE('',#569,#541,#275,.T.);
#692=EDGE_CURVE('',#570,#569,#58,.T.);
#693=EDGE_CURVE('',#543,#570,#276,.T.);
#694=EDGE_CURVE('',#571,#548,#277,.T.);
#695=EDGE_CURVE('',#572,#571,#59,.T.);
#696=EDGE_CURVE('',#546,#572,#278,.T.);
#697=EDGE_CURVE('',#573,#534,#279,.T.);
#698=EDGE_CURVE('',#574,#573,#60,.T.);
#699=EDGE_CURVE('',#533,#574,#280,.T.);
#700=EDGE_CURVE('',#575,#540,#281,.T.);
#701=EDGE_CURVE('',#576,#575,#61,.T.);
#702=EDGE_CURVE('',#538,#576,#282,.T.);
#703=EDGE_CURVE('',#577,#577,#62,.T.);
#704=EDGE_CURVE('',#577,#578,#283,.T.);
#705=EDGE_CURVE('',#578,#578,#63,.T.);
#706=EDGE_CURVE('',#579,#579,#64,.T.);
#707=EDGE_CURVE('',#579,#580,#284,.T.);
#708=EDGE_CURVE('',#580,#580,#65,.T.);
#709=EDGE_CURVE('',#581,#581,#66,.T.);
#710=EDGE_CURVE('',#581,#582,#285,.T.);
#711=EDGE_CURVE('',#582,#582,#67,.T.);
#712=EDGE_CURVE('',#583,#583,#68,.T.);
#713=EDGE_CURVE('',#583,#584,#286,.T.);
#714=EDGE_CURVE('',#584,#584,#69,.T.);
#715=EDGE_CURVE('',#585,#586,#70,.T.);
#716=EDGE_CURVE('',#587,#585,#287,.T.);
#717=EDGE_CURVE('',#588,#587,#71,.T.);
#718=EDGE_CURVE('',#586,#588,#288,.T.);
#719=EDGE_CURVE('',#589,#590,#72,.T.);
#720=EDGE_CURVE('',#591,#589,#289,.T.);
#721=EDGE_CURVE('',#592,#591,#73,.T.);
#722=EDGE_CURVE('',#590,#592,#290,.T.);
#723=EDGE_CURVE('',#593,#594,#291,.T.);
#724=EDGE_CURVE('',#595,#593,#74,.T.);
#725=EDGE_CURVE('',#596,#595,#292,.T.);
#726=EDGE_CURVE('',#594,#596,#75,.T.);
#727=EDGE_CURVE('',#597,#598,#293,.T.);
#728=EDGE_CURVE('',#599,#597,#76,.T.);
#729=EDGE_CURVE('',#600,#599,#294,.T.);
#730=EDGE_CURVE('',#598,#600,#77,.T.);
#731=EDGE_CURVE('',#534,#538,#295,.T.);
#732=EDGE_CURVE('',#537,#536,#296,.T.);
#733=EDGE_CURVE('',#541,#533,#297,.T.);
#734=EDGE_CURVE('',#535,#542,#298,.T.);
#735=EDGE_CURVE('',#545,#539,#299,.T.);
#736=EDGE_CURVE('',#540,#546,#300,.T.);
#737=EDGE_CURVE('',#544,#547,#301,.T.);
#738=EDGE_CURVE('',#548,#543,#302,.T.);
#739=EDGE_CURVE('',#601,#602,#303,.T.);
#740=EDGE_CURVE('',#531,#601,#304,.T.);
#741=EDGE_CURVE('',#602,#530,#305,.T.);
#742=EDGE_CURVE('',#603,#601,#306,.T.);
#743=EDGE_CURVE('',#528,#603,#307,.T.);
#744=EDGE_CURVE('',#604,#526,#308,.T.);
#745=EDGE_CURVE('',#602,#604,#309,.T.);
#746=EDGE_CURVE('',#604,#603,#310,.T.);
#747=EDGE_CURVE('',#550,#552,#311,.T.);
#748=EDGE_CURVE('',#605,#606,#312,.T.);
#749=EDGE_CURVE('',#607,#605,#313,.T.);
#750=EDGE_CURVE('',#608,#607,#314,.T.);
#751=EDGE_CURVE('',#606,#608,#315,.T.);
#752=EDGE_CURVE('',#606,#609,#316,.T.);
#753=EDGE_CURVE('',#610,#608,#317,.T.);
#754=EDGE_CURVE('',#609,#610,#318,.T.);
#755=EDGE_CURVE('',#611,#610,#319,.T.);
#756=EDGE_CURVE('',#612,#611,#320,.T.);
#757=EDGE_CURVE('',#609,#612,#321,.T.);
#758=EDGE_CURVE('',#607,#611,#322,.T.);
#759=EDGE_CURVE('',#612,#605,#323,.T.);
#760=EDGE_CURVE('',#613,#614,#324,.T.);
#761=EDGE_CURVE('',#615,#613,#325,.T.);
#762=EDGE_CURVE('',#616,#615,#326,.T.);
#763=EDGE_CURVE('',#614,#616,#327,.T.);
#764=EDGE_CURVE('',#617,#618,#328,.T.);
#765=EDGE_CURVE('',#615,#617,#329,.T.);
#766=EDGE_CURVE('',#618,#613,#330,.T.);
#767=EDGE_CURVE('',#569,#574,#331,.T.);
#768=EDGE_CURVE('',#619,#620,#332,.T.);
#769=EDGE_CURVE('',#621,#619,#333,.T.);
#770=EDGE_CURVE('',#622,#621,#334,.T.);
#771=EDGE_CURVE('',#620,#622,#335,.T.);
#772=EDGE_CURVE('',#598,#565,#336,.T.);
#773=EDGE_CURVE('',#564,#600,#337,.T.);
#774=EDGE_CURVE('',#594,#563,#338,.T.);
#775=EDGE_CURVE('',#558,#596,#339,.T.);
#776=EDGE_CURVE('',#589,#560,#340,.T.);
#777=EDGE_CURVE('',#553,#590,#341,.T.);
#778=EDGE_CURVE('',#585,#554,#342,.T.);
#779=EDGE_CURVE('',#567,#586,#343,.T.);
#780=EDGE_CURVE('',#623,#624,#344,.T.);
#781=EDGE_CURVE('',#625,#623,#345,.T.);
#782=EDGE_CURVE('',#626,#625,#346,.T.);
#783=EDGE_CURVE('',#624,#626,#347,.T.);
#784=EDGE_CURVE('',#626,#619,#348,.T.);
#785=EDGE_CURVE('',#621,#625,#349,.T.);
#786=EDGE_CURVE('',#624,#620,#350,.T.);
#787=EDGE_CURVE('',#623,#622,#351,.T.);
#788=EDGE_CURVE('',#575,#572,#352,.T.);
#789=EDGE_CURVE('',#551,#570,#353,.T.);
#790=EDGE_CURVE('',#571,#549,#354,.T.);
#791=EDGE_CURVE('',#573,#576,#355,.T.);
#792=EDGE_CURVE('',#627,#628,#356,.T.);
#793=EDGE_CURVE('',#599,#627,#357,.T.);
#794=EDGE_CURVE('',#629,#597,#358,.T.);
#795=EDGE_CURVE('',#628,#629,#359,.T.);
#796=EDGE_CURVE('',#566,#629,#360,.T.);
#797=EDGE_CURVE('',#630,#568,#361,.T.);
#798=EDGE_CURVE('',#618,#630,#362,.T.);
#799=EDGE_CURVE('',#628,#614,#363,.T.);
#800=EDGE_CURVE('',#630,#588,#364,.T.);
#801=EDGE_CURVE('',#631,#556,#365,.T.);
#802=EDGE_CURVE('',#587,#631,#366,.T.);
#803=EDGE_CURVE('',#632,#555,#367,.T.);
#804=EDGE_CURVE('',#631,#632,#368,.T.);
#805=EDGE_CURVE('',#632,#592,#369,.T.);
#806=EDGE_CURVE('',#633,#559,#370,.T.);
#807=EDGE_CURVE('',#591,#633,#371,.T.);
#808=EDGE_CURVE('',#616,#634,#372,.T.);
#809=EDGE_CURVE('',#633,#617,#373,.T.);
#810=EDGE_CURVE('',#635,#557,#374,.T.);
#811=EDGE_CURVE('',#634,#635,#375,.T.);
#812=EDGE_CURVE('',#635,#595,#376,.T.);
#813=EDGE_CURVE('',#636,#561,#377,.T.);
#814=EDGE_CURVE('',#593,#636,#378,.T.);
#815=EDGE_CURVE('',#636,#634,#379,.T.);
#816=EDGE_CURVE('',#627,#562,#380,.T.);
#817=ORIENTED_EDGE('',*,*,#637,.F.);
#818=ORIENTED_EDGE('',*,*,#638,.F.);
#819=ORIENTED_EDGE('',*,*,#639,.F.);
#820=ORIENTED_EDGE('',*,*,#640,.F.);
#821=ORIENTED_EDGE('',*,*,#641,.F.);
#822=ORIENTED_EDGE('',*,*,#642,.F.);
#823=ORIENTED_EDGE('',*,*,#643,.F.);
#824=ORIENTED_EDGE('',*,*,#644,.F.);
#825=ORIENTED_EDGE('',*,*,#645,.F.);
#826=ORIENTED_EDGE('',*,*,#646,.F.);
#827=ORIENTED_EDGE('',*,*,#641,.T.);
#828=ORIENTED_EDGE('',*,*,#647,.F.);
#829=ORIENTED_EDGE('',*,*,#648,.F.);
#830=ORIENTED_EDGE('',*,*,#649,.F.);
#831=ORIENTED_EDGE('',*,*,#650,.F.);
#832=ORIENTED_EDGE('',*,*,#645,.T.);
#833=ORIENTED_EDGE('',*,*,#651,.F.);
#834=ORIENTED_EDGE('',*,*,#643,.T.);
#835=ORIENTED_EDGE('',*,*,#652,.F.);
#836=ORIENTED_EDGE('',*,*,#649,.T.);
#837=ORIENTED_EDGE('',*,*,#653,.F.);
#838=ORIENTED_EDGE('',*,*,#654,.F.);
#839=ORIENTED_EDGE('',*,*,#655,.F.);
#840=ORIENTED_EDGE('',*,*,#656,.F.);
#841=ORIENTED_EDGE('',*,*,#657,.F.);
#842=ORIENTED_EDGE('',*,*,#658,.F.);
#843=ORIENTED_EDGE('',*,*,#659,.F.);
#844=ORIENTED_EDGE('',*,*,#660,.F.);
#845=ORIENTED_EDGE('',*,*,#661,.F.);
#846=ORIENTED_EDGE('',*,*,#662,.F.);
#847=ORIENTED_EDGE('',*,*,#663,.F.);
#848=ORIENTED_EDGE('',*,*,#664,.F.);
#849=ORIENTED_EDGE('',*,*,#665,.F.);
#850=ORIENTED_EDGE('',*,*,#666,.F.);
#851=ORIENTED_EDGE('',*,*,#667,.F.);
#852=ORIENTED_EDGE('',*,*,#668,.F.);
#853=ORIENTED_EDGE('',*,*,#669,.F.);
#854=ORIENTED_EDGE('',*,*,#670,.F.);
#855=ORIENTED_EDGE('',*,*,#637,.T.);
#856=ORIENTED_EDGE('',*,*,#671,.F.);
#857=ORIENTED_EDGE('',*,*,#639,.T.);
#858=ORIENTED_EDGE('',*,*,#672,.F.);
#859=ORIENTED_EDGE('',*,*,#673,.F.);
#860=ORIENTED_EDGE('',*,*,#674,.F.);
#861=ORIENTED_EDGE('',*,*,#675,.F.);
#862=ORIENTED_EDGE('',*,*,#676,.F.);
#863=ORIENTED_EDGE('',*,*,#677,.F.);
#864=ORIENTED_EDGE('',*,*,#678,.F.);
#865=ORIENTED_EDGE('',*,*,#679,.F.);
#866=ORIENTED_EDGE('',*,*,#680,.F.);
#867=ORIENTED_EDGE('',*,*,#681,.F.);
#868=ORIENTED_EDGE('',*,*,#682,.F.);
#869=ORIENTED_EDGE('',*,*,#683,.F.);
#870=ORIENTED_EDGE('',*,*,#684,.F.);
#871=ORIENTED_EDGE('',*,*,#685,.F.);
#872=ORIENTED_EDGE('',*,*,#686,.F.);
#873=ORIENTED_EDGE('',*,*,#687,.F.);
#874=ORIENTED_EDGE('',*,*,#688,.F.);
#875=ORIENTED_EDGE('',*,*,#689,.F.);
#876=ORIENTED_EDGE('',*,*,#690,.F.);
#877=ORIENTED_EDGE('',*,*,#691,.F.);
#878=ORIENTED_EDGE('',*,*,#692,.F.);
#879=ORIENTED_EDGE('',*,*,#693,.F.);
#880=ORIENTED_EDGE('',*,*,#662,.T.);
#881=ORIENTED_EDGE('',*,*,#668,.T.);
#882=ORIENTED_EDGE('',*,*,#694,.F.);
#883=ORIENTED_EDGE('',*,*,#695,.F.);
#884=ORIENTED_EDGE('',*,*,#696,.F.);
#885=ORIENTED_EDGE('',*,*,#697,.F.);
#886=ORIENTED_EDGE('',*,*,#698,.F.);
#887=ORIENTED_EDGE('',*,*,#699,.F.);
#888=ORIENTED_EDGE('',*,*,#653,.T.);
#889=ORIENTED_EDGE('',*,*,#660,.T.);
#890=ORIENTED_EDGE('',*,*,#700,.F.);
#891=ORIENTED_EDGE('',*,*,#701,.F.);
#892=ORIENTED_EDGE('',*,*,#702,.F.);
#893=ORIENTED_EDGE('',*,*,#703,.F.);
#894=ORIENTED_EDGE('',*,*,#704,.T.);
#895=ORIENTED_EDGE('',*,*,#705,.F.);
#896=ORIENTED_EDGE('',*,*,#704,.F.);
#897=ORIENTED_EDGE('',*,*,#706,.F.);
#898=ORIENTED_EDGE('',*,*,#707,.T.);
#899=ORIENTED_EDGE('',*,*,#708,.F.);
#900=ORIENTED_EDGE('',*,*,#707,.F.);
#901=ORIENTED_EDGE('',*,*,#709,.F.);
#902=ORIENTED_EDGE('',*,*,#710,.T.);
#903=ORIENTED_EDGE('',*,*,#711,.F.);
#904=ORIENTED_EDGE('',*,*,#710,.F.);
#905=ORIENTED_EDGE('',*,*,#712,.F.);
#906=ORIENTED_EDGE('',*,*,#713,.T.);
#907=ORIENTED_EDGE('',*,*,#714,.F.);
#908=ORIENTED_EDGE('',*,*,#713,.F.);
#909=ORIENTED_EDGE('',*,*,#715,.F.);
#910=ORIENTED_EDGE('',*,*,#716,.F.);
#911=ORIENTED_EDGE('',*,*,#717,.F.);
#912=ORIENTED_EDGE('',*,*,#718,.F.);
#913=ORIENTED_EDGE('',*,*,#719,.F.);
#914=ORIENTED_EDGE('',*,*,#720,.F.);
#915=ORIENTED_EDGE('',*,*,#721,.F.);
#916=ORIENTED_EDGE('',*,*,#722,.F.);
#917=ORIENTED_EDGE('',*,*,#723,.F.);
#918=ORIENTED_EDGE('',*,*,#724,.F.);
#919=ORIENTED_EDGE('',*,*,#725,.F.);
#920=ORIENTED_EDGE('',*,*,#726,.F.);
#921=ORIENTED_EDGE('',*,*,#727,.F.);
#922=ORIENTED_EDGE('',*,*,#728,.F.);
#923=ORIENTED_EDGE('',*,*,#729,.F.);
#924=ORIENTED_EDGE('',*,*,#730,.F.);
#925=ORIENTED_EDGE('',*,*,#731,.F.);
#926=ORIENTED_EDGE('',*,*,#656,.T.);
#927=ORIENTED_EDGE('',*,*,#732,.F.);
#928=ORIENTED_EDGE('',*,*,#657,.T.);
#929=ORIENTED_EDGE('',*,*,#654,.T.);
#930=ORIENTED_EDGE('',*,*,#733,.F.);
#931=ORIENTED_EDGE('',*,*,#661,.T.);
#932=ORIENTED_EDGE('',*,*,#734,.F.);
#933=ORIENTED_EDGE('',*,*,#659,.T.);
#934=ORIENTED_EDGE('',*,*,#735,.F.);
#935=ORIENTED_EDGE('',*,*,#665,.T.);
#936=ORIENTED_EDGE('',*,*,#736,.F.);
#937=ORIENTED_EDGE('',*,*,#737,.F.);
#938=ORIENTED_EDGE('',*,*,#663,.T.);
#939=ORIENTED_EDGE('',*,*,#738,.F.);
#940=ORIENTED_EDGE('',*,*,#667,.T.);
#941=ORIENTED_EDGE('',*,*,#739,.F.);
#942=ORIENTED_EDGE('',*,*,#740,.F.);
#943=ORIENTED_EDGE('',*,*,#648,.T.);
#944=ORIENTED_EDGE('',*,*,#741,.F.);
#945=ORIENTED_EDGE('',*,*,#742,.F.);
#946=ORIENTED_EDGE('',*,*,#743,.F.);
#947=ORIENTED_EDGE('',*,*,#651,.T.);
#948=ORIENTED_EDGE('',*,*,#740,.T.);
#949=ORIENTED_EDGE('',*,*,#741,.T.);
#950=ORIENTED_EDGE('',*,*,#647,.T.);
#951=ORIENTED_EDGE('',*,*,#744,.F.);
#952=ORIENTED_EDGE('',*,*,#745,.F.);
#953=ORIENTED_EDGE('',*,*,#644,.T.);
#954=ORIENTED_EDGE('',*,*,#743,.T.);
#955=ORIENTED_EDGE('',*,*,#746,.F.);
#956=ORIENTED_EDGE('',*,*,#744,.T.);
#957=ORIENTED_EDGE('',*,*,#671,.T.);
#958=ORIENTED_EDGE('',*,*,#640,.T.);
#959=ORIENTED_EDGE('',*,*,#674,.T.);
#960=ORIENTED_EDGE('',*,*,#747,.F.);
#961=ORIENTED_EDGE('',*,*,#703,.T.);
#962=ORIENTED_EDGE('',*,*,#706,.T.);
#963=ORIENTED_EDGE('',*,*,#709,.T.);
#964=ORIENTED_EDGE('',*,*,#712,.T.);
#965=ORIENTED_EDGE('',*,*,#748,.F.);
#966=ORIENTED_EDGE('',*,*,#749,.F.);
#967=ORIENTED_EDGE('',*,*,#750,.F.);
#968=ORIENTED_EDGE('',*,*,#751,.F.);
#969=ORIENTED_EDGE('',*,*,#752,.F.);
#970=ORIENTED_EDGE('',*,*,#751,.T.);
#971=ORIENTED_EDGE('',*,*,#753,.F.);
#972=ORIENTED_EDGE('',*,*,#754,.F.);
#973=ORIENTED_EDGE('',*,*,#754,.T.);
#974=ORIENTED_EDGE('',*,*,#755,.F.);
#975=ORIENTED_EDGE('',*,*,#756,.F.);
#976=ORIENTED_EDGE('',*,*,#757,.F.);
#977=ORIENTED_EDGE('',*,*,#756,.T.);
#978=ORIENTED_EDGE('',*,*,#758,.F.);
#979=ORIENTED_EDGE('',*,*,#749,.T.);
#980=ORIENTED_EDGE('',*,*,#759,.F.);
#981=ORIENTED_EDGE('',*,*,#757,.T.);
#982=ORIENTED_EDGE('',*,*,#759,.T.);
#983=ORIENTED_EDGE('',*,*,#748,.T.);
#984=ORIENTED_EDGE('',*,*,#752,.T.);
#985=ORIENTED_EDGE('',*,*,#760,.F.);
#986=ORIENTED_EDGE('',*,*,#761,.F.);
#987=ORIENTED_EDGE('',*,*,#762,.F.);
#988=ORIENTED_EDGE('',*,*,#763,.F.);
#989=ORIENTED_EDGE('',*,*,#764,.F.);
#990=ORIENTED_EDGE('',*,*,#765,.F.);
#991=ORIENTED_EDGE('',*,*,#761,.T.);
#992=ORIENTED_EDGE('',*,*,#766,.F.);
#993=ORIENTED_EDGE('',*,*,#699,.T.);
#994=ORIENTED_EDGE('',*,*,#767,.F.);
#995=ORIENTED_EDGE('',*,*,#691,.T.);
#996=ORIENTED_EDGE('',*,*,#733,.T.);
#997=ORIENTED_EDGE('',*,*,#732,.T.);
#998=ORIENTED_EDGE('',*,*,#655,.T.);
#999=ORIENTED_EDGE('',*,*,#734,.T.);
#1000=ORIENTED_EDGE('',*,*,#664,.T.);
#1001=ORIENTED_EDGE('',*,*,#737,.T.);
#1002=ORIENTED_EDGE('',*,*,#666,.T.);
#1003=ORIENTED_EDGE('',*,*,#735,.T.);
#1004=ORIENTED_EDGE('',*,*,#658,.T.);
#1005=ORIENTED_EDGE('',*,*,#745,.T.);
#1006=ORIENTED_EDGE('',*,*,#746,.T.);
#1007=ORIENTED_EDGE('',*,*,#742,.T.);
#1008=ORIENTED_EDGE('',*,*,#739,.T.);
#1009=ORIENTED_EDGE('',*,*,#768,.F.);
#1010=ORIENTED_EDGE('',*,*,#769,.F.);
#1011=ORIENTED_EDGE('',*,*,#770,.F.);
#1012=ORIENTED_EDGE('',*,*,#771,.F.);
#1013=ORIENTED_EDGE('',*,*,#650,.T.);
#1014=ORIENTED_EDGE('',*,*,#652,.T.);
#1015=ORIENTED_EDGE('',*,*,#642,.T.);
#1016=ORIENTED_EDGE('',*,*,#646,.T.);
#1017=ORIENTED_EDGE('',*,*,#772,.F.);
#1018=ORIENTED_EDGE('',*,*,#730,.T.);
#1019=ORIENTED_EDGE('',*,*,#773,.F.);
#1020=ORIENTED_EDGE('',*,*,#685,.T.);
#1021=ORIENTED_EDGE('',*,*,#774,.F.);
#1022=ORIENTED_EDGE('',*,*,#726,.T.);
#1023=ORIENTED_EDGE('',*,*,#775,.F.);
#1024=ORIENTED_EDGE('',*,*,#682,.T.);
#1025=ORIENTED_EDGE('',*,*,#776,.F.);
#1026=ORIENTED_EDGE('',*,*,#719,.T.);
#1027=ORIENTED_EDGE('',*,*,#777,.F.);
#1028=ORIENTED_EDGE('',*,*,#675,.T.);
#1029=ORIENTED_EDGE('',*,*,#778,.F.);
#1030=ORIENTED_EDGE('',*,*,#715,.T.);
#1031=ORIENTED_EDGE('',*,*,#779,.F.);
#1032=ORIENTED_EDGE('',*,*,#688,.T.);
#1033=ORIENTED_EDGE('',*,*,#780,.F.);
#1034=ORIENTED_EDGE('',*,*,#781,.F.);
#1035=ORIENTED_EDGE('',*,*,#782,.F.);
#1036=ORIENTED_EDGE('',*,*,#783,.F.);
#1037=ORIENTED_EDGE('',*,*,#784,.F.);
#1038=ORIENTED_EDGE('',*,*,#782,.T.);
#1039=ORIENTED_EDGE('',*,*,#785,.F.);
#1040=ORIENTED_EDGE('',*,*,#769,.T.);
#1041=ORIENTED_EDGE('',*,*,#786,.F.);
#1042=ORIENTED_EDGE('',*,*,#783,.T.);
#1043=ORIENTED_EDGE('',*,*,#784,.T.);
#1044=ORIENTED_EDGE('',*,*,#768,.T.);
#1045=ORIENTED_EDGE('',*,*,#771,.T.);
#1046=ORIENTED_EDGE('',*,*,#787,.F.);
#1047=ORIENTED_EDGE('',*,*,#780,.T.);
#1048=ORIENTED_EDGE('',*,*,#786,.T.);
#1049=ORIENTED_EDGE('',*,*,#770,.T.);
#1050=ORIENTED_EDGE('',*,*,#785,.T.);
#1051=ORIENTED_EDGE('',*,*,#781,.T.);
#1052=ORIENTED_EDGE('',*,*,#787,.T.);
#1053=ORIENTED_EDGE('',*,*,#736,.T.);
#1054=ORIENTED_EDGE('',*,*,#696,.T.);
#1055=ORIENTED_EDGE('',*,*,#788,.F.);
#1056=ORIENTED_EDGE('',*,*,#700,.T.);
#1057=ORIENTED_EDGE('',*,*,#738,.T.);
#1058=ORIENTED_EDGE('',*,*,#693,.T.);
#1059=ORIENTED_EDGE('',*,*,#789,.F.);
#1060=ORIENTED_EDGE('',*,*,#672,.T.);
#1061=ORIENTED_EDGE('',*,*,#638,.T.);
#1062=ORIENTED_EDGE('',*,*,#670,.T.);
#1063=ORIENTED_EDGE('',*,*,#790,.F.);
#1064=ORIENTED_EDGE('',*,*,#694,.T.);
#1065=ORIENTED_EDGE('',*,*,#702,.T.);
#1066=ORIENTED_EDGE('',*,*,#791,.F.);
#1067=ORIENTED_EDGE('',*,*,#697,.T.);
#1068=ORIENTED_EDGE('',*,*,#731,.T.);
#1069=ORIENTED_EDGE('',*,*,#792,.F.);
#1070=ORIENTED_EDGE('',*,*,#793,.F.);
#1071=ORIENTED_EDGE('',*,*,#728,.T.);
#1072=ORIENTED_EDGE('',*,*,#794,.F.);
#1073=ORIENTED_EDGE('',*,*,#795,.F.);
#1074=ORIENTED_EDGE('',*,*,#714,.T.);
#1075=ORIENTED_EDGE('',*,*,#795,.T.);
#1076=ORIENTED_EDGE('',*,*,#796,.F.);
#1077=ORIENTED_EDGE('',*,*,#690,.T.);
#1078=ORIENTED_EDGE('',*,*,#797,.F.);
#1079=ORIENTED_EDGE('',*,*,#798,.F.);
#1080=ORIENTED_EDGE('',*,*,#766,.T.);
#1081=ORIENTED_EDGE('',*,*,#760,.T.);
#1082=ORIENTED_EDGE('',*,*,#799,.F.);
#1083=ORIENTED_EDGE('',*,*,#689,.T.);
#1084=ORIENTED_EDGE('',*,*,#779,.T.);
#1085=ORIENTED_EDGE('',*,*,#718,.T.);
#1086=ORIENTED_EDGE('',*,*,#800,.F.);
#1087=ORIENTED_EDGE('',*,*,#797,.T.);
#1088=ORIENTED_EDGE('',*,*,#796,.T.);
#1089=ORIENTED_EDGE('',*,*,#794,.T.);
#1090=ORIENTED_EDGE('',*,*,#727,.T.);
#1091=ORIENTED_EDGE('',*,*,#772,.T.);
#1092=ORIENTED_EDGE('',*,*,#687,.T.);
#1093=ORIENTED_EDGE('',*,*,#778,.T.);
#1094=ORIENTED_EDGE('',*,*,#678,.T.);
#1095=ORIENTED_EDGE('',*,*,#801,.F.);
#1096=ORIENTED_EDGE('',*,*,#802,.F.);
#1097=ORIENTED_EDGE('',*,*,#716,.T.);
#1098=ORIENTED_EDGE('',*,*,#677,.T.);
#1099=ORIENTED_EDGE('',*,*,#803,.F.);
#1100=ORIENTED_EDGE('',*,*,#804,.F.);
#1101=ORIENTED_EDGE('',*,*,#801,.T.);
#1102=ORIENTED_EDGE('',*,*,#722,.T.);
#1103=ORIENTED_EDGE('',*,*,#805,.F.);
#1104=ORIENTED_EDGE('',*,*,#803,.T.);
#1105=ORIENTED_EDGE('',*,*,#676,.T.);
#1106=ORIENTED_EDGE('',*,*,#777,.T.);
#1107=ORIENTED_EDGE('',*,*,#776,.T.);
#1108=ORIENTED_EDGE('',*,*,#681,.T.);
#1109=ORIENTED_EDGE('',*,*,#806,.F.);
#1110=ORIENTED_EDGE('',*,*,#807,.F.);
#1111=ORIENTED_EDGE('',*,*,#720,.T.);
#1112=ORIENTED_EDGE('',*,*,#808,.F.);
#1113=ORIENTED_EDGE('',*,*,#762,.T.);
#1114=ORIENTED_EDGE('',*,*,#765,.T.);
#1115=ORIENTED_EDGE('',*,*,#809,.F.);
#1116=ORIENTED_EDGE('',*,*,#806,.T.);
#1117=ORIENTED_EDGE('',*,*,#680,.T.);
#1118=ORIENTED_EDGE('',*,*,#810,.F.);
#1119=ORIENTED_EDGE('',*,*,#811,.F.);
#1120=ORIENTED_EDGE('',*,*,#725,.T.);
#1121=ORIENTED_EDGE('',*,*,#812,.F.);
#1122=ORIENTED_EDGE('',*,*,#810,.T.);
#1123=ORIENTED_EDGE('',*,*,#679,.T.);
#1124=ORIENTED_EDGE('',*,*,#775,.T.);
#1125=ORIENTED_EDGE('',*,*,#813,.F.);
#1126=ORIENTED_EDGE('',*,*,#814,.F.);
#1127=ORIENTED_EDGE('',*,*,#723,.T.);
#1128=ORIENTED_EDGE('',*,*,#774,.T.);
#1129=ORIENTED_EDGE('',*,*,#684,.T.);
#1130=ORIENTED_EDGE('',*,*,#799,.T.);
#1131=ORIENTED_EDGE('',*,*,#763,.T.);
#1132=ORIENTED_EDGE('',*,*,#808,.T.);
#1133=ORIENTED_EDGE('',*,*,#815,.F.);
#1134=ORIENTED_EDGE('',*,*,#813,.T.);
#1135=ORIENTED_EDGE('',*,*,#683,.T.);
#1136=ORIENTED_EDGE('',*,*,#816,.F.);
#1137=ORIENTED_EDGE('',*,*,#792,.T.);
#1138=ORIENTED_EDGE('',*,*,#686,.T.);
#1139=ORIENTED_EDGE('',*,*,#773,.T.);
#1140=ORIENTED_EDGE('',*,*,#729,.T.);
#1141=ORIENTED_EDGE('',*,*,#793,.T.);
#1142=ORIENTED_EDGE('',*,*,#816,.T.);
#1143=ORIENTED_EDGE('',*,*,#815,.T.);
#1144=ORIENTED_EDGE('',*,*,#811,.T.);
#1145=ORIENTED_EDGE('',*,*,#812,.T.);
#1146=ORIENTED_EDGE('',*,*,#724,.T.);
#1147=ORIENTED_EDGE('',*,*,#814,.T.);
#1148=ORIENTED_EDGE('',*,*,#711,.T.);
#1149=ORIENTED_EDGE('',*,*,#800,.T.);
#1150=ORIENTED_EDGE('',*,*,#717,.T.);
#1151=ORIENTED_EDGE('',*,*,#802,.T.);
#1152=ORIENTED_EDGE('',*,*,#804,.T.);
#1153=ORIENTED_EDGE('',*,*,#805,.T.);
#1154=ORIENTED_EDGE('',*,*,#721,.T.);
#1155=ORIENTED_EDGE('',*,*,#807,.T.);
#1156=ORIENTED_EDGE('',*,*,#809,.T.);
#1157=ORIENTED_EDGE('',*,*,#764,.T.);
#1158=ORIENTED_EDGE('',*,*,#798,.T.);
#1159=ORIENTED_EDGE('',*,*,#705,.T.);
#1160=ORIENTED_EDGE('',*,*,#708,.T.);
#1161=ORIENTED_EDGE('',*,*,#701,.T.);
#1162=ORIENTED_EDGE('',*,*,#788,.T.);
#1163=ORIENTED_EDGE('',*,*,#695,.T.);
#1164=ORIENTED_EDGE('',*,*,#790,.T.);
#1165=ORIENTED_EDGE('',*,*,#669,.T.);
#1166=ORIENTED_EDGE('',*,*,#747,.T.);
#1167=ORIENTED_EDGE('',*,*,#673,.T.);
#1168=ORIENTED_EDGE('',*,*,#789,.T.);
#1169=ORIENTED_EDGE('',*,*,#692,.T.);
#1170=ORIENTED_EDGE('',*,*,#767,.T.);
#1171=ORIENTED_EDGE('',*,*,#698,.T.);
#1172=ORIENTED_EDGE('',*,*,#791,.T.);
#1173=ORIENTED_EDGE('',*,*,#753,.T.);
#1174=ORIENTED_EDGE('',*,*,#750,.T.);
#1175=ORIENTED_EDGE('',*,*,#758,.T.);
#1176=ORIENTED_EDGE('',*,*,#755,.T.);
#1177=PLANE('',#1315);
#1178=PLANE('',#1316);
#1179=PLANE('',#1317);
#1180=PLANE('',#1318);
#1181=PLANE('',#1319);
#1182=PLANE('',#1378);
#1183=PLANE('',#1379);
#1184=PLANE('',#1380);
#1185=PLANE('',#1381);
#1186=PLANE('',#1382);
#1187=PLANE('',#1383);
#1188=PLANE('',#1384);
#1189=PLANE('',#1385);
#1190=PLANE('',#1386);
#1191=PLANE('',#1387);
#1192=PLANE('',#1388);
#1193=PLANE('',#1389);
#1194=PLANE('',#1390);
#1195=PLANE('',#1391);
#1196=PLANE('',#1392);
#1197=PLANE('',#1393);
#1198=PLANE('',#1394);
#1199=PLANE('',#1395);
#1200=PLANE('',#1396);
#1201=PLANE('',#1397);
#1202=PLANE('',#1398);
#1203=PLANE('',#1399);
#1204=PLANE('',#1400);
#1205=PLANE('',#1401);
#1206=PLANE('',#1402);
#1207=PLANE('',#1403);
#1208=PLANE('',#1404);
#1209=PLANE('',#1405);
#1210=PLANE('',#1406);
#1211=PLANE('',#1407);
#1212=PLANE('',#1408);
#1213=PLANE('',#1409);
#1214=PLANE('',#1410);
#1215=PLANE('',#1411);
#1216=PLANE('',#1412);
#1217=PLANE('',#1413);
#1218=PLANE('',#1414);
#1219=PLANE('',#1415);
#1220=PLANE('',#1416);
#1221=PLANE('',#1417);
#1222=PLANE('',#1418);
#1223=PLANE('',#1419);
#1224=PLANE('',#1420);
#1225=PLANE('',#1421);
#1226=PLANE('',#1422);
#1227=PLANE('',#1423);
#1228=ADVANCED_FACE('',(#86),#1177,.T.);
#1229=ADVANCED_FACE('',(#87),#1178,.F.);
#1230=ADVANCED_FACE('',(#88),#1179,.T.);
#1231=ADVANCED_FACE('',(#89),#1180,.T.);
#1232=ADVANCED_FACE('',(#90),#1181,.F.);
#1233=ADVANCED_FACE('',(#91),#82,.T.);
#1234=ADVANCED_FACE('',(#92),#83,.T.);
#1235=ADVANCED_FACE('',(#93),#84,.T.);
#1236=ADVANCED_FACE('',(#94),#85,.T.);
#1237=ADVANCED_FACE('',(#95),#24,.F.);
#1238=ADVANCED_FACE('',(#96),#25,.F.);
#1239=ADVANCED_FACE('',(#97),#26,.F.);
#1240=ADVANCED_FACE('',(#98),#27,.F.);
#1241=ADVANCED_FACE('',(#99),#28,.F.);
#1242=ADVANCED_FACE('',(#100),#29,.F.);
#1243=ADVANCED_FACE('',(#101),#30,.T.);
#1244=ADVANCED_FACE('',(#102),#31,.T.);
#1245=ADVANCED_FACE('',(#103),#32,.T.);
#1246=ADVANCED_FACE('',(#104),#33,.T.);
#1247=ADVANCED_FACE('',(#105),#34,.F.);
#1248=ADVANCED_FACE('',(#106),#35,.F.);
#1249=ADVANCED_FACE('',(#107),#36,.F.);
#1250=ADVANCED_FACE('',(#108),#37,.F.);
#1251=ADVANCED_FACE('',(#109),#38,.T.);
#1252=ADVANCED_FACE('',(#110),#39,.T.);
#1253=ADVANCED_FACE('',(#111),#40,.T.);
#1254=ADVANCED_FACE('',(#112),#41,.T.);
#1255=ADVANCED_FACE('',(#113),#1182,.T.);
#1256=ADVANCED_FACE('',(#114),#1183,.F.);
#1257=ADVANCED_FACE('',(#115),#1184,.F.);
#1258=ADVANCED_FACE('',(#116),#1185,.T.);
#1259=ADVANCED_FACE('',(#117),#1186,.T.);
#1260=ADVANCED_FACE('',(#118),#1187,.F.);
#1261=ADVANCED_FACE('',(#119),#1188,.F.);
#1262=ADVANCED_FACE('',(#120),#1189,.F.);
#1263=ADVANCED_FACE('',(#121),#1190,.T.);
#1264=ADVANCED_FACE('',(#122),#1191,.T.);
#1265=ADVANCED_FACE('',(#123),#1192,.T.);
#1266=ADVANCED_FACE('',(#124),#1193,.T.);
#1267=ADVANCED_FACE('',(#125),#1194,.T.);
#1268=ADVANCED_FACE('',(#126),#1195,.F.);
#1269=ADVANCED_FACE('',(#127),#1196,.T.);
#1270=ADVANCED_FACE('',(#128),#1197,.T.);
#1271=ADVANCED_FACE('',(#129),#1198,.F.);
#1272=ADVANCED_FACE('',(#130,#15),#1199,.T.);
#1273=ADVANCED_FACE('',(#131),#1200,.F.);
#1274=ADVANCED_FACE('',(#132),#1201,.T.);
#1275=ADVANCED_FACE('',(#133,#16),#1202,.F.);
#1276=ADVANCED_FACE('',(#134,#17),#1203,.T.);
#1277=ADVANCED_FACE('',(#135,#18),#1204,.T.);
#1278=ADVANCED_FACE('',(#136),#1205,.F.);
#1279=ADVANCED_FACE('',(#137),#1206,.T.);
#1280=ADVANCED_FACE('',(#138),#1207,.T.);
#1281=ADVANCED_FACE('',(#139),#1208,.F.);
#1282=ADVANCED_FACE('',(#140),#1209,.F.);
#1283=ADVANCED_FACE('',(#141),#1210,.T.);
#1284=ADVANCED_FACE('',(#142),#1211,.F.);
#1285=ADVANCED_FACE('',(#143,#19),#1212,.T.);
#1286=ADVANCED_FACE('',(#144),#1213,.T.);
#1287=ADVANCED_FACE('',(#145),#1214,.T.);
#1288=ADVANCED_FACE('',(#146),#1215,.F.);
#1289=ADVANCED_FACE('',(#147),#1216,.T.);
#1290=ADVANCED_FACE('',(#148),#1217,.F.);
#1291=ADVANCED_FACE('',(#149),#1218,.F.);
#1292=ADVANCED_FACE('',(#150),#1219,.F.);
#1293=ADVANCED_FACE('',(#151),#1220,.F.);
#1294=ADVANCED_FACE('',(#152),#1221,.T.);
#1295=ADVANCED_FACE('',(#153),#1222,.F.);
#1296=ADVANCED_FACE('',(#154),#1223,.T.);
#1297=ADVANCED_FACE('',(#155),#1224,.T.);
#1298=ADVANCED_FACE('',(#156,#20),#1225,.T.);
#1299=ADVANCED_FACE('',(#157,#21,#22),#1226,.T.);
#1300=ADVANCED_FACE('',(#158,#23),#1227,.T.);
#1301=CLOSED_SHELL('',(#1228,#1229,#1230,#1231,#1232,#1233,#1234,#1235,
#1236,#1237,#1238,#1239,#1240,#1241,#1242,#1243,#1244,#1245,#1246,#1247,
#1248,#1249,#1250,#1251,#1252,#1253,#1254,#1255,#1256,#1257,#1258,#1259,
#1260,#1261,#1262,#1263,#1264,#1265,#1266,#1267,#1268,#1269,#1270,#1271,
#1272,#1273,#1274,#1275,#1276,#1277,#1278,#1279,#1280,#1281,#1282,#1283,
#1284,#1285,#1286,#1287,#1288,#1289,#1290,#1291,#1292,#1293,#1294,#1295,
#1296,#1297,#1298,#1299,#1300));
#1302=DERIVED_UNIT_ELEMENT(#1304,1.);
#1303=DERIVED_UNIT_ELEMENT(#2204,-3.);
#1304=(
MASS_UNIT()
NAMED_UNIT(*)
SI_UNIT(.KILO.,.GRAM.)
);
#1305=DERIVED_UNIT((#1302,#1303));
#1306=MEASURE_REPRESENTATION_ITEM('density measure',
POSITIVE_RATIO_MEASURE(7850.),#1305);
#1307=PROPERTY_DEFINITION_REPRESENTATION(#1312,#1309);
#1308=PROPERTY_DEFINITION_REPRESENTATION(#1313,#1310);
#1309=REPRESENTATION('material name',(#1311),#2201);
#1310=REPRESENTATION('density',(#1306),#2201);
#1311=DESCRIPTIVE_REPRESENTATION_ITEM('Steel','Steel');
#1312=PROPERTY_DEFINITION('material property','material name',#2211);
#1313=PROPERTY_DEFINITION('material property','density of part',#2211);
#1314=AXIS2_PLACEMENT_3D('',#1784,#1424,#1425);
#1315=AXIS2_PLACEMENT_3D('',#1785,#1426,#1427);
#1316=AXIS2_PLACEMENT_3D('',#1794,#1432,#1433);
#1317=AXIS2_PLACEMENT_3D('',#1803,#1438,#1439);
#1318=AXIS2_PLACEMENT_3D('',#1809,#1443,#1444);
#1319=AXIS2_PLACEMENT_3D('',#1815,#1448,#1449);
#1320=AXIS2_PLACEMENT_3D('',#1818,#1452,#1453);
#1321=AXIS2_PLACEMENT_3D('',#1838,#1455,#1456);
#1322=AXIS2_PLACEMENT_3D('',#1840,#1458,#1459);
#1323=AXIS2_PLACEMENT_3D('',#1845,#1461,#1462);
#1324=AXIS2_PLACEMENT_3D('',#1858,#1464,#1465);
#1325=AXIS2_PLACEMENT_3D('',#1875,#1468,#1469);
#1326=AXIS2_PLACEMENT_3D('',#1876,#1470,#1471);
#1327=AXIS2_PLACEMENT_3D('',#1881,#1473,#1474);
#1328=AXIS2_PLACEMENT_3D('',#1899,#1476,#1477);
#1329=AXIS2_PLACEMENT_3D('',#1903,#1479,#1480);
#1330=AXIS2_PLACEMENT_3D('',#1904,#1481,#1482);
#1331=AXIS2_PLACEMENT_3D('',#1905,#1483,#1484);
#1332=AXIS2_PLACEMENT_3D('',#1907,#1485,#1486);
#1333=AXIS2_PLACEMENT_3D('',#1910,#1488,#1489);
#1334=AXIS2_PLACEMENT_3D('',#1911,#1490,#1491);
#1335=AXIS2_PLACEMENT_3D('',#1916,#1493,#1494);
#1336=AXIS2_PLACEMENT_3D('',#1919,#1496,#1497);
#1337=AXIS2_PLACEMENT_3D('',#1920,#1498,#1499);
#1338=AXIS2_PLACEMENT_3D('',#1923,#1500,#1501);
#1339=AXIS2_PLACEMENT_3D('',#1927,#1503,#1504);
#1340=AXIS2_PLACEMENT_3D('',#1929,#1506,#1507);
#1341=AXIS2_PLACEMENT_3D('',#1934,#1509,#1510);
#1342=AXIS2_PLACEMENT_3D('',#1937,#1512,#1513);
#1343=AXIS2_PLACEMENT_3D('',#1938,#1514,#1515);
#1344=AXIS2_PLACEMENT_3D('',#1941,#1516,#1517);
#1345=AXIS2_PLACEMENT_3D('',#1945,#1519,#1520);
#1346=AXIS2_PLACEMENT_3D('',#1947,#1522,#1523);
#1347=AXIS2_PLACEMENT_3D('',#1951,#1525,#1526);
#1348=AXIS2_PLACEMENT_3D('',#1953,#1528,#1529);
#1349=AXIS2_PLACEMENT_3D('',#1957,#1531,#1532);
#1350=AXIS2_PLACEMENT_3D('',#1959,#1534,#1535);
#1351=AXIS2_PLACEMENT_3D('',#1963,#1537,#1538);
#1352=AXIS2_PLACEMENT_3D('',#1965,#1540,#1541);
#1353=AXIS2_PLACEMENT_3D('',#1969,#1543,#1544);
#1354=AXIS2_PLACEMENT_3D('',#1971,#1546,#1547);
#1355=AXIS2_PLACEMENT_3D('',#1973,#1548,#1549);
#1356=AXIS2_PLACEMENT_3D('',#1976,#1551,#1552);
#1357=AXIS2_PLACEMENT_3D('',#1977,#1553,#1554);
#1358=AXIS2_PLACEMENT_3D('',#1979,#1555,#1556);
#1359=AXIS2_PLACEMENT_3D('',#1982,#1558,#1559);
#1360=AXIS2_PLACEMENT_3D('',#1983,#1560,#1561);
#1361=AXIS2_PLACEMENT_3D('',#1985,#1562,#1563);
#1362=AXIS2_PLACEMENT_3D('',#1988,#1565,#1566);
#1363=AXIS2_PLACEMENT_3D('',#1989,#1567,#1568);
#1364=AXIS2_PLACEMENT_3D('',#1991,#1569,#1570);
#1365=AXIS2_PLACEMENT_3D('',#1994,#1572,#1573);
#1366=AXIS2_PLACEMENT_3D('',#1995,#1574,#1575);
#1367=AXIS2_PLACEMENT_3D('',#1998,#1576,#1577);
#1368=AXIS2_PLACEMENT_3D('',#2002,#1579,#1580);
#1369=AXIS2_PLACEMENT_3D('',#2004,#1582,#1583);
#1370=AXIS2_PLACEMENT_3D('',#2007,#1584,#1585);
#1371=AXIS2_PLACEMENT_3D('',#2011,#1587,#1588);
#1372=AXIS2_PLACEMENT_3D('',#2013,#1590,#1591);
#1373=AXIS2_PLACEMENT_3D('',#2018,#1593,#1594);
#1374=AXIS2_PLACEMENT_3D('',#2021,#1596,#1597);
#1375=AXIS2_PLACEMENT_3D('',#2022,#1598,#1599);
#1376=AXIS2_PLACEMENT_3D('',#2027,#1601,#1602);
#1377=AXIS2_PLACEMENT_3D('',#2030,#1604,#1605);
#1378=AXIS2_PLACEMENT_3D('',#2031,#1606,#1607);
#1379=AXIS2_PLACEMENT_3D('',#2034,#1610,#1611);
#1380=AXIS2_PLACEMENT_3D('',#2037,#1614,#1615);
#1381=AXIS2_PLACEMENT_3D('',#2040,#1618,#1619);
#1382=AXIS2_PLACEMENT_3D('',#2043,#1622,#1623);
#1383=AXIS2_PLACEMENT_3D('',#2049,#1627,#1628);
#1384=AXIS2_PLACEMENT_3D('',#2053,#1631,#1632);
#1385=AXIS2_PLACEMENT_3D('',#2057,#1635,#1636);
#1386=AXIS2_PLACEMENT_3D('',#2059,#1638,#1639);
#1387=AXIS2_PLACEMENT_3D('',#2061,#1641,#1642);
#1388=AXIS2_PLACEMENT_3D('',#2062,#1643,#1644);
#1389=AXIS2_PLACEMENT_3D('',#2063,#1645,#1646);
#1390=AXIS2_PLACEMENT_3D('',#2064,#1647,#1648);
#1391=AXIS2_PLACEMENT_3D('',#2065,#1649,#1650);
#1392=AXIS2_PLACEMENT_3D('',#2074,#1655,#1656);
#1393=AXIS2_PLACEMENT_3D('',#2080,#1660,#1661);
#1394=AXIS2_PLACEMENT_3D('',#2086,#1665,#1666);
#1395=AXIS2_PLACEMENT_3D('',#2089,#1669,#1670);
#1396=AXIS2_PLACEMENT_3D('',#2098,#1675,#1676);
#1397=AXIS2_PLACEMENT_3D('',#2104,#1680,#1681);
#1398=AXIS2_PLACEMENT_3D('',#2106,#1683,#1684);
#1399=AXIS2_PLACEMENT_3D('',#2107,#1685,#1686);
#1400=AXIS2_PLACEMENT_3D('',#2116,#1691,#1692);
#1401=AXIS2_PLACEMENT_3D('',#2133,#1705,#1706);
#1402=AXIS2_PLACEMENT_3D('',#2136,#1709,#1710);
#1403=AXIS2_PLACEMENT_3D('',#2138,#1712,#1713);
#1404=AXIS2_PLACEMENT_3D('',#2140,#1715,#1716);
#1405=AXIS2_PLACEMENT_3D('',#2141,#1717,#1718);
#1406=AXIS2_PLACEMENT_3D('',#2143,#1720,#1721);
#1407=AXIS2_PLACEMENT_3D('',#2146,#1724,#1725);
#1408=AXIS2_PLACEMENT_3D('',#2148,#1727,#1728);
#1409=AXIS2_PLACEMENT_3D('',#2156,#1733,#1734);
#1410=AXIS2_PLACEMENT_3D('',#2162,#1739,#1740);
#1411=AXIS2_PLACEMENT_3D('',#2164,#1742,#1743);
#1412=AXIS2_PLACEMENT_3D('',#2165,#1744,#1745);
#1413=AXIS2_PLACEMENT_3D('',#2169,#1748,#1749);
#1414=AXIS2_PLACEMENT_3D('',#2173,#1752,#1753);
#1415=AXIS2_PLACEMENT_3D('',#2175,#1755,#1756);
#1416=AXIS2_PLACEMENT_3D('',#2179,#1759,#1760);
#1417=AXIS2_PLACEMENT_3D('',#2186,#1765,#1766);
#1418=AXIS2_PLACEMENT_3D('',#2188,#1768,#1769);
#1419=AXIS2_PLACEMENT_3D('',#2192,#1772,#1773);
#1420=AXIS2_PLACEMENT_3D('',#2195,#1776,#1777);
#1421=AXIS2_PLACEMENT_3D('',#2196,#1778,#1779);
#1422=AXIS2_PLACEMENT_3D('',#2197,#1780,#1781);
#1423=AXIS2_PLACEMENT_3D('',#2198,#1782,#1783);
#1424=DIRECTION('axis',(0.,0.,1.));
#1425=DIRECTION('refdir',(1.,0.,0.));
#1426=DIRECTION('center_axis',(0.,0.,1.));
#1427=DIRECTION('ref_axis',(1.,0.,0.));
#1428=DIRECTION('',(-1.,0.,0.));
#1429=DIRECTION('',(0.,-1.,0.));
#1430=DIRECTION('',(1.,0.,0.));
#1431=DIRECTION('',(0.,1.,0.));
#1432=DIRECTION('center_axis',(1.,0.,0.));
#1433=DIRECTION('ref_axis',(0.,0.,-1.));
#1434=DIRECTION('',(0.,0.,-1.));
#1435=DIRECTION('',(0.,-1.,0.));
#1436=DIRECTION('',(0.,0.,1.));
#1437=DIRECTION('',(0.,1.,-6.15041870905048E-17));
#1438=DIRECTION('center_axis',(0.,1.,0.));
#1439=DIRECTION('ref_axis',(0.,0.,1.));
#1440=DIRECTION('',(0.,0.,-1.));
#1441=DIRECTION('',(-1.,0.,0.));
#1442=DIRECTION('',(1.,0.,7.59323056341954E-25));
#1443=DIRECTION('center_axis',(1.,0.,0.));
#1444=DIRECTION('ref_axis',(0.,0.,-1.));
#1445=DIRECTION('',(0.,-1.,1.35536942106115E-16));
#1446=DIRECTION('',(0.,0.,-1.));
#1447=DIRECTION('',(0.,1.,0.));
#1448=DIRECTION('center_axis',(0.,1.,0.));
#1449=DIRECTION('ref_axis',(0.,0.,1.));
#1450=DIRECTION('',(-1.,0.,7.79738264596441E-25));
#1451=DIRECTION('',(1.,0.,0.));
#1452=DIRECTION('center_axis',(8.54465762621576E-5,-8.38516046320449E-5,
0.999999992833896));
#1453=DIRECTION('ref_axis',(-0.707106607162165,0.707106945077387,0.000119711891483427));
#1454=DIRECTION('',(0.,0.707108124613493,0.707105437757049));
#1455=DIRECTION('center_axis',(9.05934126335045E-23,-1.23168402796736E-16,
-1.));
#1456=DIRECTION('ref_axis',(-0.71373636871638,0.70041444586156,-1.9677478945509E-16));
#1457=DIRECTION('',(0.70710643874316,0.,-0.707107123629769));
#1458=DIRECTION('center_axis',(9.15920098238462E-5,9.07403048111287E-5,
0.99999999168855));
#1459=DIRECTION('ref_axis',(-0.707108493604748,-0.707105057010263,0.000128928417570955));
#1460=DIRECTION('',(-0.70710643874316,0.,0.707107123629769));
#1461=DIRECTION('center_axis',(9.05934126335045E-23,-1.23168402796736E-16,
-1.));
#1462=DIRECTION('ref_axis',(0.710402226668754,0.703795905319202,-1.18585914295581E-16));
#1463=DIRECTION('',(0.,0.707108124613497,-0.707105437757045));
#1464=DIRECTION('center_axis',(-8.54223568374733E-5,-8.50165250221895E-5,
0.999999992737606));
#1465=DIRECTION('ref_axis',(0.99999999635151,0.,8.54223571461815E-5));
#1466=DIRECTION('',(0.,-0.707108124613493,-0.707105437757049));
#1467=DIRECTION('',(0.707108124613495,0.,0.707105437757047));
#1468=DIRECTION('center_axis',(9.05934126335045E-23,-1.23168402796736E-16,
-1.));
#1469=DIRECTION('ref_axis',(0.708788258679847,0.705421295650756,-5.86078149619767E-17));
#1470=DIRECTION('center_axis',(-8.65050072071728E-5,8.68184403061121E-5,
0.999999992489721));
#1471=DIRECTION('ref_axis',(0.999999996258442,0.,8.6505007533186E-5));
#1472=DIRECTION('',(0.,-0.707108124613497,0.707105437757045));
#1473=DIRECTION('center_axis',(9.05934126335045E-23,-1.23168402796736E-16,
-1.));
#1474=DIRECTION('ref_axis',(-0.705825905080809,0.708385341263395,-1.19114726470772E-16));
#1475=DIRECTION('',(-0.707108124613495,0.,-0.707105437757047));
#1476=DIRECTION('center_axis',(1.,0.,0.));
#1477=DIRECTION('ref_axis',(0.,0.,-1.));
#1478=DIRECTION('',(-1.,0.,0.));
#1479=DIRECTION('center_axis',(-1.,0.,0.));
#1480=DIRECTION('ref_axis',(0.,0.,-1.));
#1481=DIRECTION('center_axis',(1.,0.,0.));
#1482=DIRECTION('ref_axis',(0.,0.,-1.));
#1483=DIRECTION('center_axis',(-1.,0.,0.));
#1484=DIRECTION('ref_axis',(0.,0.,-1.));
#1485=DIRECTION('center_axis',(-1.,0.,0.));
#1486=DIRECTION('ref_axis',(0.,0.,-1.));
#1487=DIRECTION('',(1.,0.,0.));
#1488=DIRECTION('center_axis',(1.,0.,0.));
#1489=DIRECTION('ref_axis',(0.,0.,-1.));
#1490=DIRECTION('center_axis',(1.,0.,0.));
#1491=DIRECTION('ref_axis',(0.,1.,0.));
#1492=DIRECTION('',(-1.,0.,0.));
#1493=DIRECTION('center_axis',(-1.,0.,0.));
#1494=DIRECTION('ref_axis',(0.,1.,0.));
#1495=DIRECTION('',(1.,0.,0.));
#1496=DIRECTION('center_axis',(1.,0.,0.));
#1497=DIRECTION('ref_axis',(0.,1.,0.));
#1498=DIRECTION('center_axis',(0.,-1.,0.));
#1499=DIRECTION('ref_axis',(1.,0.,0.));
#1500=DIRECTION('center_axis',(0.,1.,0.));
#1501=DIRECTION('ref_axis',(1.,0.,0.));
#1502=DIRECTION('',(0.,-1.,0.));
#1503=DIRECTION('center_axis',(0.,-1.,0.));
#1504=DIRECTION('ref_axis',(1.,0.,0.));
#1505=DIRECTION('',(0.,1.,0.));
#1506=DIRECTION('center_axis',(-1.,0.,0.));
#1507=DIRECTION('ref_axis',(0.,-1.,0.));
#1508=DIRECTION('',(-1.,0.,0.));
#1509=DIRECTION('center_axis',(-1.,0.,0.));
#1510=DIRECTION('ref_axis',(0.,-1.,0.));
#1511=DIRECTION('',(1.,0.,0.));
#1512=DIRECTION('center_axis',(1.,0.,0.));
#1513=DIRECTION('ref_axis',(0.,-1.,0.));
#1514=DIRECTION('center_axis',(0.,1.,0.));
#1515=DIRECTION('ref_axis',(-1.,0.,0.));
#1516=DIRECTION('center_axis',(0.,1.,0.));
#1517=DIRECTION('ref_axis',(-1.,0.,0.));
#1518=DIRECTION('',(0.,-1.,0.));
#1519=DIRECTION('center_axis',(0.,-1.,0.));
#1520=DIRECTION('ref_axis',(-1.,0.,0.));
#1521=DIRECTION('',(0.,1.,0.));
#1522=DIRECTION('center_axis',(0.,0.,-1.));
#1523=DIRECTION('ref_axis',(1.,0.,0.));
#1524=DIRECTION('',(0.,0.,-1.));
#1525=DIRECTION('center_axis',(0.,0.,1.));
#1526=DIRECTION('ref_axis',(1.,0.,0.));
#1527=DIRECTION('',(0.,0.,1.));
#1528=DIRECTION('center_axis',(0.,0.,1.));
#1529=DIRECTION('ref_axis',(1.,0.,0.));
#1530=DIRECTION('',(0.,0.,-1.));
#1531=DIRECTION('center_axis',(0.,0.,1.));
#1532=DIRECTION('ref_axis',(1.,0.,0.));
#1533=DIRECTION('',(0.,0.,1.));
#1534=DIRECTION('center_axis',(0.,0.,1.));
#1535=DIRECTION('ref_axis',(-1.,0.,0.));
#1536=DIRECTION('',(0.,0.,-1.));
#1537=DIRECTION('center_axis',(0.,0.,1.));
#1538=DIRECTION('ref_axis',(-1.,0.,0.));
#1539=DIRECTION('',(0.,0.,1.));
#1540=DIRECTION('center_axis',(0.,0.,-1.));
#1541=DIRECTION('ref_axis',(-1.,0.,0.));
#1542=DIRECTION('',(0.,0.,-1.));
#1543=DIRECTION('center_axis',(0.,0.,1.));
#1544=DIRECTION('ref_axis',(-1.,0.,0.));
#1545=DIRECTION('',(0.,0.,1.));
#1546=DIRECTION('center_axis',(-1.04860728331448E-16,-2.93004714966948E-28,
1.));
#1547=DIRECTION('ref_axis',(-1.,0.,-1.04860728331448E-16));
#1548=DIRECTION('center_axis',(0.,0.,1.));
#1549=DIRECTION('ref_axis',(-1.,0.,-1.04860728331448E-16));
#1550=DIRECTION('',(-1.04860728331448E-16,-2.93004714966948E-28,1.));
#1551=DIRECTION('center_axis',(0.,0.,-1.));
#1552=DIRECTION('ref_axis',(-1.,0.,-1.04860728331448E-16));
#1553=DIRECTION('center_axis',(-6.18234099527E-16,-2.73583833872059E-29,
1.));
#1554=DIRECTION('ref_axis',(-1.,0.,-6.18234099527E-16));
#1555=DIRECTION('center_axis',(0.,0.,1.));
#1556=DIRECTION('ref_axis',(-1.,0.,-6.18234099527E-16));
#1557=DIRECTION('',(-6.18234099527E-16,-2.73583833872059E-29,1.));
#1558=DIRECTION('center_axis',(0.,0.,-1.));
#1559=DIRECTION('ref_axis',(-1.,0.,-6.18234099527E-16));
#1560=DIRECTION('center_axis',(-2.0751106962031E-16,-1.30205877129754E-16,
1.));
#1561=DIRECTION('ref_axis',(-1.,0.,-2.0751106962031E-16));
#1562=DIRECTION('center_axis',(0.,0.,1.));
#1563=DIRECTION('ref_axis',(-1.,0.,-2.0751106962031E-16));
#1564=DIRECTION('',(-2.0751106962031E-16,-1.30205877129754E-16,1.));
#1565=DIRECTION('center_axis',(0.,0.,-1.));
#1566=DIRECTION('ref_axis',(-1.,0.,-2.0751106962031E-16));
#1567=DIRECTION('center_axis',(-8.14311233076885E-17,-2.71525536863141E-17,
1.));
#1568=DIRECTION('ref_axis',(-1.,0.,-8.14311233076885E-17));
#1569=DIRECTION('center_axis',(0.,0.,1.));
#1570=DIRECTION('ref_axis',(-1.,0.,-8.14311233076885E-17));
#1571=DIRECTION('',(-8.14311233076885E-17,-2.71525536863141E-17,1.));
#1572=DIRECTION('center_axis',(0.,0.,-1.));
#1573=DIRECTION('ref_axis',(-1.,0.,-8.14311233076885E-17));
#1574=DIRECTION('center_axis',(0.,0.,-1.));
#1575=DIRECTION('ref_axis',(1.,0.,0.));
#1576=DIRECTION('center_axis',(0.,0.,-1.));
#1577=DIRECTION('ref_axis',(1.,0.,0.));
#1578=DIRECTION('',(0.,0.,-1.));
#1579=DIRECTION('center_axis',(0.,0.,1.));
#1580=DIRECTION('ref_axis',(1.,0.,0.));
#1581=DIRECTION('',(0.,0.,1.));
#1582=DIRECTION('center_axis',(0.,0.,-1.));
#1583=DIRECTION('ref_axis',(0.,-1.,0.));
#1584=DIRECTION('center_axis',(0.,0.,-1.));
#1585=DIRECTION('ref_axis',(0.,-1.,0.));
#1586=DIRECTION('',(0.,0.,-1.));
#1587=DIRECTION('center_axis',(0.,0.,1.));
#1588=DIRECTION('ref_axis',(0.,-1.,0.));
#1589=DIRECTION('',(0.,0.,1.));
#1590=DIRECTION('center_axis',(0.,0.,-1.));
#1591=DIRECTION('ref_axis',(-1.,0.,0.));
#1592=DIRECTION('',(0.,0.,-1.));
#1593=DIRECTION('center_axis',(0.,0.,1.));
#1594=DIRECTION('ref_axis',(-1.,0.,0.));
#1595=DIRECTION('',(0.,0.,1.));
#1596=DIRECTION('center_axis',(0.,0.,-1.));
#1597=DIRECTION('ref_axis',(-1.,0.,0.));
#1598=DIRECTION('center_axis',(0.,0.,-1.));
#1599=DIRECTION('ref_axis',(1.,0.,0.));
#1600=DIRECTION('',(0.,0.,-1.));
#1601=DIRECTION('center_axis',(0.,0.,1.));
#1602=DIRECTION('ref_axis',(1.,0.,0.));
#1603=DIRECTION('',(0.,0.,1.));
#1604=DIRECTION('center_axis',(0.,0.,-1.));
#1605=DIRECTION('ref_axis',(1.,0.,0.));
#1606=DIRECTION('center_axis',(-0.707107123629769,0.,-0.70710643874316));
#1607=DIRECTION('ref_axis',(-0.70710643874316,0.,0.707107123629769));
#1608=DIRECTION('',(0.,-1.,0.));
#1609=DIRECTION('',(1.23168283498843E-16,1.,-1.23168402796736E-16));
#1610=DIRECTION('center_axis',(0.,-0.707105437757049,0.707108124613493));
#1611=DIRECTION('ref_axis',(1.,0.,0.));
#1612=DIRECTION('',(-1.,0.,0.));
#1613=DIRECTION('',(1.,9.05937568699953E-23,9.05934126335045E-23));
#1614=DIRECTION('center_axis',(0.,0.707105437757045,0.707108124613497));
#1615=DIRECTION('ref_axis',(1.,0.,0.));
#1616=DIRECTION('',(-1.,9.05937568699964E-23,-9.05934126335045E-23));
#1617=DIRECTION('',(1.,0.,0.));
#1618=DIRECTION('center_axis',(0.707105437757048,0.,-0.707108124613495));
#1619=DIRECTION('ref_axis',(-0.707108124613495,0.,-0.707105437757047));
#1620=DIRECTION('',(1.23168870811546E-16,-1.,1.23168402796736E-16));
#1621=DIRECTION('',(0.,1.,0.));
#1622=DIRECTION('center_axis',(0.707108809506511,-9.58388159514481E-17,
-0.707104752860766));
#1623=DIRECTION('ref_axis',(-0.707104752860766,0.,-0.707108809506511));
#1624=DIRECTION('',(-1.23684683517242E-17,-1.,1.23168402796736E-16));
#1625=DIRECTION('',(-0.577351000454383,0.577345494374666,-0.577354312705461));
#1626=DIRECTION('',(0.57734732976028,0.577352835804991,0.577350641990299));
#1627=DIRECTION('center_axis',(5.51354003761315E-25,0.707112181272055,0.7071013810598));
#1628=DIRECTION('ref_axis',(1.,0.,-7.79738264596441E-25));
#1629=DIRECTION('',(-1.,9.13717552929195E-23,-9.05934126335045E-23));
#1630=DIRECTION('',(0.577347329721721,0.577347329721716,-0.577356148080544));
#1631=DIRECTION('center_axis',(-5.36923502345749E-25,-0.707105437757045,
0.707108124613498));
#1632=DIRECTION('ref_axis',(1.,0.,7.59323056341954E-25));
#1633=DIRECTION('',(-0.577343659027618,0.577354671152041,0.577352477330375));
#1634=DIRECTION('',(1.,8.98344309283818E-23,9.05934126335045E-23));
#1635=DIRECTION('center_axis',(0.707112181272052,4.34896956326565E-17,0.707101381059803));
#1636=DIRECTION('ref_axis',(0.707101381059803,0.,-0.707112181272052));
#1637=DIRECTION('',(6.16632738661168E-17,1.,-1.23168402796736E-16));
#1638=DIRECTION('center_axis',(1.,0.,0.));
#1639=DIRECTION('ref_axis',(0.,0.,-1.));
#1640=DIRECTION('',(0.,1.,0.));
#1641=DIRECTION('center_axis',(0.,0.,1.));
#1642=DIRECTION('ref_axis',(1.,0.,0.));
#1643=DIRECTION('center_axis',(0.,0.,1.));
#1644=DIRECTION('ref_axis',(1.,0.,0.));
#1645=DIRECTION('center_axis',(0.,0.,1.));
#1646=DIRECTION('ref_axis',(1.,0.,0.));
#1647=DIRECTION('center_axis',(0.,0.,1.));
#1648=DIRECTION('ref_axis',(1.,0.,0.));
#1649=DIRECTION('center_axis',(0.,1.,0.));
#1650=DIRECTION('ref_axis',(0.,0.,1.));
#1651=DIRECTION('',(-1.,0.,0.));
#1652=DIRECTION('',(0.,0.,-1.));
#1653=DIRECTION('',(1.,0.,0.));
#1654=DIRECTION('',(0.,0.,1.));
#1655=DIRECTION('center_axis',(1.,0.,0.));
#1656=DIRECTION('ref_axis',(0.,0.,-1.));
#1657=DIRECTION('',(0.,-1.,0.));
#1658=DIRECTION('',(0.,1.,0.));
#1659=DIRECTION('',(0.,0.,1.));
#1660=DIRECTION('center_axis',(0.,1.,0.));
#1661=DIRECTION('ref_axis',(0.,0.,1.));
#1662=DIRECTION('',(-1.,0.,0.));
#1663=DIRECTION('',(0.,0.,1.));
#1664=DIRECTION('',(1.,0.,0.));
#1665=DIRECTION('center_axis',(1.,0.,0.));
#1666=DIRECTION('ref_axis',(0.,0.,-1.));
#1667=DIRECTION('',(0.,-1.,0.));
#1668=DIRECTION('',(0.,1.,0.));
#1669=DIRECTION('center_axis',(0.,0.,1.));
#1670=DIRECTION('ref_axis',(1.,0.,0.));
#1671=DIRECTION('',(0.,-1.,0.));
#1672=DIRECTION('',(-1.,0.,0.));
#1673=DIRECTION('',(0.,1.,0.));
#1674=DIRECTION('',(1.,0.,0.));
#1675=DIRECTION('center_axis',(0.,1.,0.));
#1676=DIRECTION('ref_axis',(0.,0.,1.));
#1677=DIRECTION('',(-1.,0.,0.));
#1678=DIRECTION('',(0.,0.,-1.));
#1679=DIRECTION('',(0.,0.,1.));
#1680=DIRECTION('center_axis',(0.,1.,0.));
#1681=DIRECTION('ref_axis',(0.,0.,1.));
#1682=DIRECTION('',(-1.,0.,0.));
#1683=DIRECTION('center_axis',(-9.05934126335045E-23,1.23168402796736E-16,
1.));
#1684=DIRECTION('ref_axis',(1.,0.,9.05934126335045E-23));
#1685=DIRECTION('center_axis',(0.,0.,1.));
#1686=DIRECTION('ref_axis',(1.,0.,0.));
#1687=DIRECTION('',(-1.,0.,0.));
#1688=DIRECTION('',(0.,-1.,0.));
#1689=DIRECTION('',(1.,0.,0.));
#1690=DIRECTION('',(0.,1.,0.));
#1691=DIRECTION('center_axis',(0.,0.,1.));
#1692=DIRECTION('ref_axis',(1.,0.,0.));
#1693=DIRECTION('',(-1.,0.,0.));
#1694=DIRECTION('',(0.,1.,0.));
#1695=DIRECTION('',(0.,-1.,0.));
#1696=DIRECTION('',(-1.,0.,0.));
#1697=DIRECTION('',(1.,0.,0.));
#1698=DIRECTION('',(0.,-1.,0.));
#1699=DIRECTION('',(0.,1.,0.));
#1700=DIRECTION('',(1.,0.,0.));
#1701=DIRECTION('',(0.,-1.,0.));
#1702=DIRECTION('',(-1.,0.,0.));
#1703=DIRECTION('',(0.,1.,0.));
#1704=DIRECTION('',(1.,0.,0.));
#1705=DIRECTION('center_axis',(1.,0.,0.));
#1706=DIRECTION('ref_axis',(0.,0.,-1.));
#1707=DIRECTION('',(0.,0.,-1.));
#1708=DIRECTION('',(0.,0.,1.));
#1709=DIRECTION('center_axis',(0.,1.,0.));
#1710=DIRECTION('ref_axis',(0.,0.,1.));
#1711=DIRECTION('',(0.,0.,-1.));
#1712=DIRECTION('center_axis',(1.,0.,0.));
#1713=DIRECTION('ref_axis',(0.,0.,-1.));
#1714=DIRECTION('',(0.,0.,-1.));
#1715=DIRECTION('center_axis',(0.,1.,0.));
#1716=DIRECTION('ref_axis',(0.,0.,1.));
#1717=DIRECTION('center_axis',(0.,1.,0.));
#1718=DIRECTION('ref_axis',(0.,0.,1.));
#1719=DIRECTION('',(1.,0.,0.));
#1720=DIRECTION('center_axis',(1.,0.,0.));
#1721=DIRECTION('ref_axis',(0.,0.,-1.));
#1722=DIRECTION('',(0.,1.,0.));
#1723=DIRECTION('',(0.,1.,0.));
#1724=DIRECTION('center_axis',(1.,0.,0.));
#1725=DIRECTION('ref_axis',(0.,0.,-1.));
#1726=DIRECTION('',(0.,-1.,0.));
#1727=DIRECTION('center_axis',(0.,0.,1.));
#1728=DIRECTION('ref_axis',(1.,0.,0.));
#1729=DIRECTION('',(-1.,0.,0.));
#1730=DIRECTION('',(0.,-1.,0.));
#1731=DIRECTION('',(1.,0.,0.));
#1732=DIRECTION('',(0.,1.,0.));
#1733=DIRECTION('center_axis',(1.,0.,0.));
#1734=DIRECTION('ref_axis',(0.,0.,-1.));
#1735=DIRECTION('',(0.,0.,1.));
#1736=DIRECTION('',(0.,0.,-1.));
#1737=DIRECTION('',(0.,-1.,0.));
#1738=DIRECTION('',(0.,0.,1.));
#1739=DIRECTION('center_axis',(0.,-1.,0.));
#1740=DIRECTION('ref_axis',(0.,0.,-1.));
#1741=DIRECTION('',(1.,0.,0.));
#1742=DIRECTION('center_axis',(0.,-1.,0.));
#1743=DIRECTION('ref_axis',(0.,0.,-1.));
#1744=DIRECTION('center_axis',(1.,0.,0.));
#1745=DIRECTION('ref_axis',(0.,0.,-1.));
#1746=DIRECTION('',(0.,0.,-1.));
#1747=DIRECTION('',(0.,1.,0.));
#1748=DIRECTION('center_axis',(0.,1.,0.));
#1749=DIRECTION('ref_axis',(0.,0.,1.));
#1750=DIRECTION('',(0.,0.,-1.));
#1751=DIRECTION('',(1.,0.,0.));
#1752=DIRECTION('center_axis',(1.,0.,0.));
#1753=DIRECTION('ref_axis',(0.,0.,-1.));
#1754=DIRECTION('',(0.,-1.,0.));
#1755=DIRECTION('center_axis',(0.,1.,0.));
#1756=DIRECTION('ref_axis',(0.,0.,1.));
#1757=DIRECTION('',(0.,0.,-1.));
#1758=DIRECTION('',(1.,0.,0.));
#1759=DIRECTION('center_axis',(1.,0.,0.));
#1760=DIRECTION('ref_axis',(0.,0.,-1.));
#1761=DIRECTION('',(0.,0.,-1.));
#1762=DIRECTION('',(0.,1.,0.));
#1763=DIRECTION('',(0.,0.,-1.));
#1764=DIRECTION('',(0.,1.,0.));
#1765=DIRECTION('center_axis',(0.,1.,0.));
#1766=DIRECTION('ref_axis',(0.,0.,1.));
#1767=DIRECTION('',(-1.,0.,0.));
#1768=DIRECTION('center_axis',(1.,0.,0.));
#1769=DIRECTION('ref_axis',(0.,0.,-1.));
#1770=DIRECTION('',(0.,0.,-1.));
#1771=DIRECTION('',(0.,-1.,0.));
#1772=DIRECTION('center_axis',(0.,1.,0.));
#1773=DIRECTION('ref_axis',(0.,0.,1.));
#1774=DIRECTION('',(1.,0.,0.));
#1775=DIRECTION('',(0.,0.,-1.));
#1776=DIRECTION('center_axis',(1.,0.,0.));
#1777=DIRECTION('ref_axis',(0.,0.,-1.));
#1778=DIRECTION('center_axis',(0.,0.,1.));
#1779=DIRECTION('ref_axis',(1.,0.,0.));
#1780=DIRECTION('center_axis',(0.,0.,1.));
#1781=DIRECTION('ref_axis',(1.,0.,0.));
#1782=DIRECTION('center_axis',(0.,0.,1.));
#1783=DIRECTION('ref_axis',(1.,0.,0.));
#1784=CARTESIAN_POINT('',(0.,0.,0.));
#1785=CARTESIAN_POINT('Origin',(198.450002670288,173.000001907349,5.60000002384186));
#1786=CARTESIAN_POINT('',(198.700008392334,168.500003814697,5.60000002384186));
#1787=CARTESIAN_POINT('',(198.199996948242,168.500003814697,5.60000002384186));
#1788=CARTESIAN_POINT('',(198.700008392334,168.500003814697,5.60000002384186));
#1789=CARTESIAN_POINT('',(198.700008392334,177.5,5.60000002384186));
#1790=CARTESIAN_POINT('',(198.700008392334,173.131253480911,5.60000002384186));
#1791=CARTESIAN_POINT('',(198.199996948242,177.5,5.60000002384186));
#1792=CARTESIAN_POINT('',(198.199996948242,177.5,5.60000002384186));
#1793=CARTESIAN_POINT('',(198.199996948242,173.000003496806,5.60000002384186));
#1794=CARTESIAN_POINT('Origin',(182.700004577637,175.375003814697,0.549999959766865));
#1795=CARTESIAN_POINT('',(182.700004577637,141.800003051758,0.599999912083149));
#1796=CARTESIAN_POINT('',(182.700004577637,141.800003051758,0.500000007450581));
#1797=CARTESIAN_POINT('',(182.700004577637,141.800003051758,0.549999959766865));
#1798=CARTESIAN_POINT('',(182.700004577637,208.950004577637,0.599999912083149));
#1799=CARTESIAN_POINT('',(182.700004577637,174.812504053116,0.599999912083149));
#1800=CARTESIAN_POINT('',(182.700004577637,208.950004577637,0.50000000745058));
#1801=CARTESIAN_POINT('',(182.700004577637,208.950004577637,0.549999959766865));
#1802=CARTESIAN_POINT('',(182.700004577637,175.375002622604,0.500000007450579));
#1803=CARTESIAN_POINT('Origin',(127.75000333786,141.800003051758,0.549999959766865));
#1804=CARTESIAN_POINT('',(72.8000020980835,141.800003051758,0.599999912083149));
#1805=CARTESIAN_POINT('',(72.8000020980835,141.800003051758,0.500000007450581));
#1806=CARTESIAN_POINT('',(72.8000020980835,141.800003051758,0.549999959766865));
#1807=CARTESIAN_POINT('',(127.812504172325,141.800003051758,0.599999912083149));
#1808=CARTESIAN_POINT('',(127.750002741814,141.800003051758,0.500000007450579));
#1809=CARTESIAN_POINT('Origin',(72.8000020980835,175.375003814697,0.549999959766865));
#1810=CARTESIAN_POINT('',(72.8000020980835,208.950004577637,0.50000000745058));
#1811=CARTESIAN_POINT('',(72.8000020980835,175.375002622604,0.500000007450579));
#1812=CARTESIAN_POINT('',(72.8000020980835,208.950004577637,0.599999912083149));
#1813=CARTESIAN_POINT('',(72.8000020980835,208.950004577637,0.549999959766865));
#1814=CARTESIAN_POINT('',(72.8000020980835,174.812504053116,0.599999912083149));
#1815=CARTESIAN_POINT('Origin',(127.75000333786,208.950004577637,0.549999959766865));
#1816=CARTESIAN_POINT('',(127.750002741814,208.950004577637,0.500000007450579));
#1817=CARTESIAN_POINT('',(127.812504172325,208.950004577637,0.599999912083149));
#1818=CARTESIAN_POINT('Origin',(59.2999057400154,220.45009918547,0.996290324925856));
#1819=CARTESIAN_POINT('',(59.3000078176345,222.450007366122,0.999992830374166));
#1820=CARTESIAN_POINT('',(57.3000062928708,220.450000763172,0.999990677177321));
#1821=CARTESIAN_POINT('Ctrl Pts',(59.3000078173017,222.450008392328,0.999982565401709));
#1822=CARTESIAN_POINT('Ctrl Pts',(59.2999738963974,222.450008392247,0.999982566493444));
#1823=CARTESIAN_POINT('Ctrl Pts',(59.2999399757985,222.450008391303,0.999982567585097));
#1824=CARTESIAN_POINT('Ctrl Pts',(59.0487974642547,222.449995013872,0.999990650090059));
#1825=CARTESIAN_POINT('Ctrl Pts',(58.7809528400969,222.399799949534,0.999997523619352));
#1826=CARTESIAN_POINT('Ctrl Pts',(58.2882288511659,222.195690758134,1.00000627848985));
#1827=CARTESIAN_POINT('Ctrl Pts',(58.0633494863932,222.041776631071,1.00000815985611));
#1828=CARTESIAN_POINT('Ctrl Pts',(57.7082297789734,221.686654811829,1.00000723117381));
#1829=CARTESIAN_POINT('Ctrl Pts',(57.5543172376318,221.46177510743,1.00000435923138));
#1830=CARTESIAN_POINT('Ctrl Pts',(57.3502109890419,220.969051150631,0.999993782225719));
#1831=CARTESIAN_POINT('Ctrl Pts',(57.300017281792,220.701206898231,0.999986077143087));
#1832=CARTESIAN_POINT('Ctrl Pts',(57.3000049599089,220.45006618192,0.999977338098724));
#1833=CARTESIAN_POINT('Ctrl Pts',(57.3000049591065,220.45003347292,0.999977336960508));
#1834=CARTESIAN_POINT('Ctrl Pts',(57.3000049591064,220.450000763636,0.999977335822259));
#1835=CARTESIAN_POINT('',(59.3000030505201,221.449995007469,-5.64665064855579E-15));
#1836=CARTESIAN_POINT('',(59.3000030517578,221.950006484985,0.500000007450578));
#1837=CARTESIAN_POINT('',(58.3000123583744,220.450000764032,-6.09965803202957E-15));
#1838=CARTESIAN_POINT('Origin',(59.2999060650829,220.45009886647,-5.41236074202009E-15));
#1839=CARTESIAN_POINT('',(57.8000044822693,220.450000762939,0.500000007450581));
#1840=CARTESIAN_POINT('Origin',(59.2998995754571,130.799899590546,0.995411510557374));
#1841=CARTESIAN_POINT('',(58.3000129820125,130.800008772502,6.12657048759122E-15));
#1842=CARTESIAN_POINT('',(57.3000063744927,130.800008773546,0.999990105740416));
#1843=CARTESIAN_POINT('',(57.8000044822693,130.800008773804,0.500000007450581));
#1844=CARTESIAN_POINT('',(59.3000030505675,129.800013621344,5.67398168805023E-15));
#1845=CARTESIAN_POINT('Origin',(59.2999000050941,130.799900016188,5.55111524019724E-15));
#1846=CARTESIAN_POINT('',(59.3000078175714,128.800002434982,0.999990979577168));
#1847=CARTESIAN_POINT('',(59.3000030517578,129.300003051758,0.500000007450583));
#1848=CARTESIAN_POINT('Ctrl Pts',(57.3000049591064,130.800008773031,0.999975947939849));
#1849=CARTESIAN_POINT('Ctrl Pts',(57.3000049592034,130.548883350135,0.999985079014236));
#1850=CARTESIAN_POINT('Ctrl Pts',(57.3501924291286,130.281019250715,0.999993046895236));
#1851=CARTESIAN_POINT('Ctrl Pts',(57.5543005204569,129.78825872836,1.00000375866269));
#1852=CARTESIAN_POINT('Ctrl Pts',(57.708221141765,129.563362306198,1.00000650257395));
#1853=CARTESIAN_POINT('Ctrl Pts',(58.0633661209111,129.208217327057,1.00000687944465));
#1854=CARTESIAN_POINT('Ctrl Pts',(58.2882625430679,129.054296705754,1.00000453752404));
#1855=CARTESIAN_POINT('Ctrl Pts',(58.7810230654157,128.850188614431,0.999994565197835));
#1856=CARTESIAN_POINT('Ctrl Pts',(59.048887165606,128.800001144409,0.999986934764705));
#1857=CARTESIAN_POINT('Ctrl Pts',(59.300012588501,128.800001144409,0.999978070089443));
#1858=CARTESIAN_POINT('Origin',(196.700104470068,220.450103801341,0.99548270959607));
#1859=CARTESIAN_POINT('',(196.700000762939,222.450004282123,0.999995904705578));
#1860=CARTESIAN_POINT('',(196.700000764271,221.44999491552,-5.66045585342928E-15));
#1861=CARTESIAN_POINT('',(196.700000762939,221.950006484985,0.500000007450578));
#1862=CARTESIAN_POINT('',(198.70000737343,220.450000763111,0.999992881531058));
#1863=CARTESIAN_POINT('Ctrl Pts',(198.700008392334,220.450000763455,0.999982689649166));
#1864=CARTESIAN_POINT('Ctrl Pts',(198.700008392269,220.701126186361,0.999991150837481));
#1865=CARTESIAN_POINT('Ctrl Pts',(198.649820922308,220.96899028604,0.999998481193457));
#1866=CARTESIAN_POINT('Ctrl Pts',(198.44571283098,221.461750808389,1.00000819163949));
#1867=CARTESIAN_POINT('Ctrl Pts',(198.291792209676,221.686647230542,1.00001057175188));
#1868=CARTESIAN_POINT('Ctrl Pts',(197.936647230543,222.041792209675,1.00001054604037));
#1869=CARTESIAN_POINT('Ctrl Pts',(197.71175080839,222.19571283098,1.00000813850266));
#1870=CARTESIAN_POINT('Ctrl Pts',(197.21899028604,222.399820922308,0.999998377597911));
#1871=CARTESIAN_POINT('Ctrl Pts',(196.951126185846,222.450008392334,0.999991024208151));
#1872=CARTESIAN_POINT('Ctrl Pts',(196.700000762939,222.450008392334,0.999982544827723));
#1873=CARTESIAN_POINT('',(197.699995137851,220.450000764232,-4.65577511219676E-15));
#1874=CARTESIAN_POINT('',(198.200006484985,220.450000762939,0.500000007450581));
#1875=CARTESIAN_POINT('Origin',(196.700104076292,220.450103409435,-5.55111518046707E-15));
#1876=CARTESIAN_POINT('Origin',(196.700105058071,130.799900579804,0.996042104490684));
#1877=CARTESIAN_POINT('',(196.700000764079,129.800013183415,5.67401804176373E-15));
#1878=CARTESIAN_POINT('',(196.700000763151,128.800002365526,0.999991465833713));
#1879=CARTESIAN_POINT('',(196.700000762939,129.300003051758,0.500000007450583));
#1880=CARTESIAN_POINT('',(197.699995053973,130.800008772434,4.55369141972063E-15));
#1881=CARTESIAN_POINT('Origin',(196.700104707547,130.799900931598,5.55109106117562E-15));
#1882=CARTESIAN_POINT('',(198.700004276681,130.800008773804,0.999995899264067));
#1883=CARTESIAN_POINT('',(198.200006484985,130.800008773804,0.500000007450581));
#1884=CARTESIAN_POINT('Ctrl Pts',(196.700000763572,128.800001144409,0.999979251258465));
#1885=CARTESIAN_POINT('Ctrl Pts',(196.700035415196,128.800001144409,0.999979252455062));
#1886=CARTESIAN_POINT('Ctrl Pts',(196.700070066501,128.80000114531,0.99997925365161));
#1887=CARTESIAN_POINT('Ctrl Pts',(196.951212282687,128.800014198948,0.99998792571547));
#1888=CARTESIAN_POINT('Ctrl Pts',(197.21905594725,128.850208511147,0.999995523496814));
#1889=CARTESIAN_POINT('Ctrl Pts',(197.711778634971,129.054315534348,1.00000582343917));
#1890=CARTESIAN_POINT('Ctrl Pts',(197.936657658129,129.20822824535,1.00000852562296));
#1891=CARTESIAN_POINT('Ctrl Pts',(198.291778064886,129.563347670719,1.00000910639157));
#1892=CARTESIAN_POINT('Ctrl Pts',(198.445691512342,129.788226535005,1.00000702368482));
#1893=CARTESIAN_POINT('Ctrl Pts',(198.64979990308,130.280949235401,0.999997863269995));
#1894=CARTESIAN_POINT('Ctrl Pts',(198.699994846363,130.54879307151,0.999990785536317));
#1895=CARTESIAN_POINT('Ctrl Pts',(198.700008389425,130.799900906886,0.999982525247346));
#1896=CARTESIAN_POINT('Ctrl Pts',(198.700008391364,130.799936862013,0.999982524064588));
#1897=CARTESIAN_POINT('Ctrl Pts',(198.700008392334,130.799972817483,0.999982522881797));
#1898=CARTESIAN_POINT('Ctrl Pts',(198.700008392334,130.800008773296,0.99998252169895));
#1899=CARTESIAN_POINT('Origin',(198.700008392334,168.500003814697,7.09999508490803));
#1900=CARTESIAN_POINT('',(198.700008392334,167.003345489502,6.99999988079071));
#1901=CARTESIAN_POINT('',(198.199996948242,167.003345489502,6.99999988079071));
#1902=CARTESIAN_POINT('',(198.700008392334,167.003345489502,6.99999988079071));
#1903=CARTESIAN_POINT('Origin',(198.700008392334,168.500003814697,7.09999508490803));
#1904=CARTESIAN_POINT('Origin',(198.199996948242,168.500003814697,7.09999508490803));
#1905=CARTESIAN_POINT('Origin',(198.199996948242,177.5,7.09999508490803));
#1906=CARTESIAN_POINT('',(198.700008392334,178.996658325195,6.99999988079071));
#1907=CARTESIAN_POINT('Origin',(198.700008392334,177.5,7.09999508490803));
#1908=CARTESIAN_POINT('',(198.199996948242,178.996658325195,6.99999988079071));
#1909=CARTESIAN_POINT('',(198.199996948242,178.996658325195,6.99999988079071));
#1910=CARTESIAN_POINT('Origin',(198.199996948242,177.5,7.09999508490803));
#1911=CARTESIAN_POINT('Origin',(189.17501449585,214.450000822544,2.59999990463257));
#1912=CARTESIAN_POINT('',(189.17501449585,214.450000822544,1.59999996423721));
#1913=CARTESIAN_POINT('',(66.8250036239624,214.450000822544,1.59999996423721));
#1914=CARTESIAN_POINT('',(189.17501449585,214.450000822544,1.59999996423721));
#1915=CARTESIAN_POINT('',(189.17501449585,215.450000762939,2.59999990463257));
#1916=CARTESIAN_POINT('Origin',(189.17501449585,214.450000822544,2.59999990463257));
#1917=CARTESIAN_POINT('',(66.8250036239624,215.450000762939,2.59999990463257));
#1918=CARTESIAN_POINT('',(189.17501449585,215.450000762939,2.59999990463257));
#1919=CARTESIAN_POINT('Origin',(66.8250036239624,214.450000822544,2.59999990463257));
#1920=CARTESIAN_POINT('Origin',(195.700000822544,138.450002670288,2.59999990463257));
#1921=CARTESIAN_POINT('',(196.700000762939,138.450002670288,2.59999990463257));
#1922=CARTESIAN_POINT('',(195.700000822544,138.450002670288,1.59999996423721));
#1923=CARTESIAN_POINT('Origin',(195.700000822544,138.450002670288,2.59999990463257));
#1924=CARTESIAN_POINT('',(196.700000762939,207.800006866455,2.59999990463257));
#1925=CARTESIAN_POINT('',(196.700000762939,138.450002670288,2.59999990463257));
#1926=CARTESIAN_POINT('',(195.700000822544,207.800006866455,1.59999996423721));
#1927=CARTESIAN_POINT('Origin',(195.700000822544,207.800006866455,2.59999990463257));
#1928=CARTESIAN_POINT('',(195.700000822544,138.450002670288,1.59999996423721));
#1929=CARTESIAN_POINT('Origin',(66.8250036239624,131.800008714199,2.59999990463257));
#1930=CARTESIAN_POINT('',(189.17501449585,130.800008773804,2.59999990463257));
#1931=CARTESIAN_POINT('',(66.8250036239624,130.800008773804,2.59999990463257));
#1932=CARTESIAN_POINT('',(66.8250036239624,130.800008773804,2.59999990463257));
#1933=CARTESIAN_POINT('',(189.17501449585,131.800008714199,1.59999996423721));
#1934=CARTESIAN_POINT('Origin',(189.17501449585,131.800008714199,2.59999990463257));
#1935=CARTESIAN_POINT('',(66.8250036239624,131.800008714199,1.59999996423721));
#1936=CARTESIAN_POINT('',(66.8250036239624,131.800008714199,1.59999996423721));
#1937=CARTESIAN_POINT('Origin',(66.8250036239624,131.800008714199,2.59999990463257));
#1938=CARTESIAN_POINT('Origin',(60.3000029921532,207.800006866455,2.59999990463257));
#1939=CARTESIAN_POINT('',(60.3000029921532,138.450002670288,1.59999996423721));
#1940=CARTESIAN_POINT('',(59.3000030517578,138.450002670288,2.59999990463257));
#1941=CARTESIAN_POINT('Origin',(60.3000029921532,138.450002670288,2.59999990463257));
#1942=CARTESIAN_POINT('',(60.3000029921532,207.800006866455,1.59999996423721));
#1943=CARTESIAN_POINT('',(60.3000029921532,207.800006866455,1.59999996423721));
#1944=CARTESIAN_POINT('',(59.3000030517578,207.800006866455,2.59999990463257));
#1945=CARTESIAN_POINT('Origin',(60.3000029921532,207.800006866455,2.59999990463257));
#1946=CARTESIAN_POINT('',(59.3000030517578,207.800006866455,2.59999990463257));
#1947=CARTESIAN_POINT('Origin',(196.700000762939,220.450000762939,1.00000001490116));
#1948=CARTESIAN_POINT('',(196.700000762939,222.450008392334,6.99999988079071));
#1949=CARTESIAN_POINT('',(196.700000762939,222.450008392334,1.00000001490116));
#1950=CARTESIAN_POINT('',(198.700008392334,220.450000762939,6.99999988079071));
#1951=CARTESIAN_POINT('Origin',(196.700000762939,220.450000762939,6.99999988079071));
#1952=CARTESIAN_POINT('',(198.700008392334,220.450000762939,1.00000001490116));
#1953=CARTESIAN_POINT('Origin',(196.700000762939,130.800008773804,6.99999988079071));
#1954=CARTESIAN_POINT('',(198.700008392334,130.800008773804,6.99999988079071));
#1955=CARTESIAN_POINT('',(198.700008392334,130.800008773804,6.99999988079071));
#1956=CARTESIAN_POINT('',(196.700000762939,128.800001144409,6.99999988079071));
#1957=CARTESIAN_POINT('Origin',(196.700000762939,130.800008773804,6.99999988079071));
#1958=CARTESIAN_POINT('',(196.700000762939,128.800001144409,6.99999988079071));
#1959=CARTESIAN_POINT('Origin',(59.300012588501,220.450000762939,6.99999988079071));
#1960=CARTESIAN_POINT('',(57.3000049591064,220.450000762939,6.99999988079071));
#1961=CARTESIAN_POINT('',(57.3000049591064,220.450000762939,6.99999988079071));
#1962=CARTESIAN_POINT('',(59.300012588501,222.450008392334,6.99999988079071));
#1963=CARTESIAN_POINT('Origin',(59.300012588501,220.450000762939,6.99999988079071));
#1964=CARTESIAN_POINT('',(59.300012588501,222.450008392334,6.99999988079071));
#1965=CARTESIAN_POINT('Origin',(59.300012588501,130.800008773804,1.00000001490116));
#1966=CARTESIAN_POINT('',(59.300012588501,128.800001144409,6.99999988079071));
#1967=CARTESIAN_POINT('',(59.300012588501,128.800001144409,1.00000001490116));
#1968=CARTESIAN_POINT('',(57.3000049591064,130.800008773804,6.99999988079071));
#1969=CARTESIAN_POINT('Origin',(59.300012588501,130.800008773804,6.99999988079071));
#1970=CARTESIAN_POINT('',(57.3000049591064,130.800008773804,1.00000001490116));
#1971=CARTESIAN_POINT('Origin',(63.0000013572877,211.625003814697,1.00000001490116));
#1972=CARTESIAN_POINT('',(64.4000012006063,211.625003814697,1.00000001490116));
#1973=CARTESIAN_POINT('Origin',(63.0000013572877,211.625003814697,1.00000001490116));
#1974=CARTESIAN_POINT('',(64.4000012006063,211.625003814697,5.60000002384185));
#1975=CARTESIAN_POINT('',(64.4000012006063,211.625003814697,1.00000001490116));
#1976=CARTESIAN_POINT('Origin',(63.0000013572877,211.625003814697,5.60000002384185));
#1977=CARTESIAN_POINT('Origin',(193.000006297609,211.625003814697,1.00000001490116));
#1978=CARTESIAN_POINT('',(194.40000640588,211.625003814697,1.00000001490116));
#1979=CARTESIAN_POINT('Origin',(193.000006297609,211.625003814697,1.00000001490116));
#1980=CARTESIAN_POINT('',(194.40000640588,211.625003814697,5.6000000238419));
#1981=CARTESIAN_POINT('',(194.40000640588,211.625003814697,1.00000001490116));
#1982=CARTESIAN_POINT('Origin',(193.000006297609,211.625003814697,5.6000000238419));
#1983=CARTESIAN_POINT('Origin',(193.000006297614,134.625001877407,1.00000001490116));
#1984=CARTESIAN_POINT('',(194.400007369912,134.625001877407,1.00000001490116));
#1985=CARTESIAN_POINT('Origin',(193.000006297614,134.625001877407,1.00000001490116));
#1986=CARTESIAN_POINT('',(194.400007369912,134.625001877407,5.60000002384186));
#1987=CARTESIAN_POINT('',(194.400007369912,134.625001877407,1.00000001490116));
#1988=CARTESIAN_POINT('Origin',(193.000006297614,134.625001877407,5.60000002384186));
#1989=CARTESIAN_POINT('Origin',(63.000001357287,134.625001877409,1.00000001490116));
#1990=CARTESIAN_POINT('',(64.4000021646317,134.625001877409,1.00000001490116));
#1991=CARTESIAN_POINT('Origin',(63.000001357287,134.625001877409,1.00000001490116));
#1992=CARTESIAN_POINT('',(64.4000021646317,134.625001877409,5.60000002384186));
#1993=CARTESIAN_POINT('',(64.4000021646317,134.625001877409,1.00000001490116));
#1994=CARTESIAN_POINT('Origin',(63.000001357287,134.625001877409,5.60000002384186));
#1995=CARTESIAN_POINT('Origin',(63.0000066757202,211.625003814697,1.59999996423721));
#1996=CARTESIAN_POINT('',(66.8250036239624,211.625003814697,1.59999996423721));
#1997=CARTESIAN_POINT('',(63.0000066757202,207.800006866455,1.59999996423721));
#1998=CARTESIAN_POINT('Origin',(63.0000066757202,211.625003814697,1.59999996423721));
#1999=CARTESIAN_POINT('',(66.8250036239624,211.625003814697,5.60000002384186));
#2000=CARTESIAN_POINT('',(66.8250036239624,211.625003814697,1.59999996423721));
#2001=CARTESIAN_POINT('',(63.0000066757202,207.800006866455,5.60000002384186));
#2002=CARTESIAN_POINT('Origin',(63.0000066757202,211.625003814697,5.60000002384186));
#2003=CARTESIAN_POINT('',(63.0000066757202,207.800006866455,1.59999996423721));
#2004=CARTESIAN_POINT('Origin',(193.000011444092,211.625003814697,1.59999996423721));
#2005=CARTESIAN_POINT('',(193.000011444092,207.800006866455,1.59999996423721));
#2006=CARTESIAN_POINT('',(189.17501449585,211.625003814697,1.59999996423721));
#2007=CARTESIAN_POINT('Origin',(193.000011444092,211.625003814697,1.59999996423721));
#2008=CARTESIAN_POINT('',(193.000011444092,207.800006866455,5.60000002384186));
#2009=CARTESIAN_POINT('',(193.000011444092,207.800006866455,1.59999996423721));
#2010=CARTESIAN_POINT('',(189.17501449585,211.625003814697,5.60000002384186));
#2011=CARTESIAN_POINT('Origin',(193.000011444092,211.625003814697,5.60000002384186));
#2012=CARTESIAN_POINT('',(189.17501449585,211.625003814697,1.59999996423721));
#2013=CARTESIAN_POINT('Origin',(193.000011444092,134.625005722046,1.59999996423721));
#2014=CARTESIAN_POINT('',(189.17501449585,134.625005722046,5.60000002384186));
#2015=CARTESIAN_POINT('',(189.17501449585,134.625005722046,1.59999996423721));
#2016=CARTESIAN_POINT('',(189.17501449585,134.625005722046,1.59999996423721));
#2017=CARTESIAN_POINT('',(193.000011444092,138.450002670288,5.60000002384186));
#2018=CARTESIAN_POINT('Origin',(193.000011444092,134.625005722046,5.60000002384186));
#2019=CARTESIAN_POINT('',(193.000011444092,138.450002670288,1.59999996423721));
#2020=CARTESIAN_POINT('',(193.000011444092,138.450002670288,1.59999996423721));
#2021=CARTESIAN_POINT('Origin',(193.000011444092,134.625005722046,1.59999996423721));
#2022=CARTESIAN_POINT('Origin',(63.0000066757202,134.625005722046,1.59999996423721));
#2023=CARTESIAN_POINT('',(63.0000066757202,138.450002670288,5.60000002384186));
#2024=CARTESIAN_POINT('',(63.0000066757202,138.450002670288,1.59999996423721));
#2025=CARTESIAN_POINT('',(63.0000066757202,138.450002670288,1.59999996423721));
#2026=CARTESIAN_POINT('',(66.8250036239624,134.625005722046,5.60000002384186));
#2027=CARTESIAN_POINT('Origin',(63.0000066757202,134.625005722046,5.60000002384186));
#2028=CARTESIAN_POINT('',(66.8250036239624,134.625005722046,1.59999996423721));
#2029=CARTESIAN_POINT('',(66.8250036239624,134.625005722046,1.59999996423721));
#2030=CARTESIAN_POINT('Origin',(63.0000066757202,134.625005722046,1.59999996423721));
#2031=CARTESIAN_POINT('Origin',(57.8000044822693,175.625004768372,0.500000007450581));
#2032=CARTESIAN_POINT('',(57.3000049591064,175.625004768372,1.00000001490116));
#2033=CARTESIAN_POINT('',(58.3000040054321,175.617651097915,-3.13386596892216E-21));
#2034=CARTESIAN_POINT('Origin',(128.000001907349,221.950006484985,0.500000007450578));
#2035=CARTESIAN_POINT('',(128.000001907349,222.450008392334,1.00000001490116));
#2036=CARTESIAN_POINT('',(127.99264998997,221.450004577637,-5.63715603961906E-15));
#2037=CARTESIAN_POINT('Origin',(128.000001907349,129.300003051758,0.500000007450583));
#2038=CARTESIAN_POINT('',(127.99264998997,129.800004959106,5.63534455992934E-15));
#2039=CARTESIAN_POINT('',(128.000001907349,128.800001144409,1.00000001490116));
#2040=CARTESIAN_POINT('Origin',(198.200006484985,175.625004768372,0.500000007450581));
#2041=CARTESIAN_POINT('',(197.700004577637,175.617651097915,3.13519814643766E-21));
#2042=CARTESIAN_POINT('',(198.700008392334,174.443754911423,1.00000001490116));
#2043=CARTESIAN_POINT('Origin',(72.550003528595,175.375001430511,0.25000000372529));
#2044=CARTESIAN_POINT('',(72.3000049591064,209.449996948242,-4.16371265644775E-15));
#2045=CARTESIAN_POINT('',(72.3000049591064,141.300001144409,4.22737867728315E-15));
#2046=CARTESIAN_POINT('',(72.3000049591064,175.492649428985,1.73447010752879E-17));
#2047=CARTESIAN_POINT('',(87.3874870090426,194.362658784571,15.0875686065172));
#2048=CARTESIAN_POINT('',(87.3874058678227,156.387545938616,15.0874874648318));
#2049=CARTESIAN_POINT('Origin',(127.750002145767,209.200000762939,0.250000003725288));
#2050=CARTESIAN_POINT('',(183.199996948242,209.449996948242,-4.16370260963902E-15));
#2051=CARTESIAN_POINT('',(127.867650109179,209.449996948242,-4.16370762238515E-15));
#2052=CARTESIAN_POINT('',(168.112652188842,194.362652188843,15.0875752023462));
#2053=CARTESIAN_POINT('Origin',(127.750002145767,141.550002098083,0.250000003725292));
#2054=CARTESIAN_POINT('',(183.199996948242,141.300001144409,4.22738872409188E-15));
#2055=CARTESIAN_POINT('',(168.112733329888,156.387552533871,15.087494060061));
#2056=CARTESIAN_POINT('',(127.867650109179,141.300001144409,4.22738371134575E-15));
#2057=CARTESIAN_POINT('Origin',(182.950000762939,175.375001430511,0.25000000372529));
#2058=CARTESIAN_POINT('',(183.199996948242,175.492649428985,1.73497471277714E-17));
#2059=CARTESIAN_POINT('Origin',(198.199996948242,173.000005086263,6.11638180083699));
#2060=CARTESIAN_POINT('',(198.199996948242,174.257816871007,6.99999988079071));
#2061=CARTESIAN_POINT('Origin',(63.0000011359944,211.625003814697,1.00000001490116));
#2062=CARTESIAN_POINT('Origin',(193.000006956213,211.625003814697,1.00000001490116));
#2063=CARTESIAN_POINT('Origin',(193.000006956213,134.625001795152,1.00000001490116));
#2064=CARTESIAN_POINT('Origin',(63.0000011359944,134.625001795152,1.00000001490116));
#2065=CARTESIAN_POINT('Origin',(128.000001907349,221.350002288818,6.50000005960464));
#2066=CARTESIAN_POINT('',(197.600002288818,221.350002288818,6.00000023841858));
#2067=CARTESIAN_POINT('',(58.4000015258789,221.350002288818,6.00000023841858));
#2068=CARTESIAN_POINT('',(128.000001907349,221.350002288818,6.00000023841858));
#2069=CARTESIAN_POINT('',(197.600002288818,221.350002288818,6.99999988079071));
#2070=CARTESIAN_POINT('',(197.600002288818,221.350002288818,6.50000005960464));
#2071=CARTESIAN_POINT('',(58.4000015258789,221.350002288818,6.99999988079071));
#2072=CARTESIAN_POINT('',(129.467711746693,221.350002288818,6.99999988079071));
#2073=CARTESIAN_POINT('',(58.4000015258789,221.350002288818,6.50000005960464));
#2074=CARTESIAN_POINT('Origin',(58.4000015258789,175.625,6.50000005960464));
#2075=CARTESIAN_POINT('',(58.4000015258789,129.899997711182,6.00000023841858));
#2076=CARTESIAN_POINT('',(58.4000015258789,175.625001192093,6.00000023841858));
#2077=CARTESIAN_POINT('',(58.4000015258789,129.899997711182,6.99999988079071));
#2078=CARTESIAN_POINT('',(58.4000015258789,175.570314327876,6.99999988079071));
#2079=CARTESIAN_POINT('',(58.4000015258789,129.899997711182,6.50000005960464));
#2080=CARTESIAN_POINT('Origin',(128.000001907349,129.899997711182,6.50000005960464));
#2081=CARTESIAN_POINT('',(197.600002288818,129.899997711182,6.99999988079071));
#2082=CARTESIAN_POINT('',(129.467711746693,129.899997711182,6.99999988079071));
#2083=CARTESIAN_POINT('',(197.600002288818,129.899997711182,6.00000023841858));
#2084=CARTESIAN_POINT('',(197.600002288818,129.899997711182,6.50000005960464));
#2085=CARTESIAN_POINT('',(128.000001907349,129.899997711182,6.00000023841858));
#2086=CARTESIAN_POINT('Origin',(197.600002288818,175.625,6.50000005960464));
#2087=CARTESIAN_POINT('',(197.600002288818,175.570314327876,6.99999988079071));
#2088=CARTESIAN_POINT('',(197.600002288818,175.625001192093,6.00000023841858));
#2089=CARTESIAN_POINT('Origin',(128.000001907349,175.625002384186,6.00000023841858));
#2090=CARTESIAN_POINT('',(59.3000030517578,220.450000762939,6.00000023841858));
#2091=CARTESIAN_POINT('',(59.3000030517578,130.800008773804,6.00000023841858));
#2092=CARTESIAN_POINT('',(59.3000030517578,175.000003576279,6.00000023841858));
#2093=CARTESIAN_POINT('',(196.700000762939,220.450000762939,6.00000023841858));
#2094=CARTESIAN_POINT('',(128.000001907349,220.450000762939,6.00000023841858));
#2095=CARTESIAN_POINT('',(196.700000762939,130.800008773804,6.00000023841858));
#2096=CARTESIAN_POINT('',(196.700000762939,175.000003576279,6.00000023841858));
#2097=CARTESIAN_POINT('',(128.000003695488,130.800008773804,6.00000023841858));
#2098=CARTESIAN_POINT('Origin',(128.000001907349,220.450000762939,5.80000013113022));
#2099=CARTESIAN_POINT('',(196.700000762939,220.450000762939,5.60000002384186));
#2100=CARTESIAN_POINT('',(59.3000030517578,220.450000762939,5.60000002384186));
#2101=CARTESIAN_POINT('',(128.000002910595,220.450000762939,5.60000002384186));
#2102=CARTESIAN_POINT('',(196.700000762939,220.450000762939,5.37500008940697));
#2103=CARTESIAN_POINT('',(59.3000030517578,220.450000762939,5.37500008940697));
#2104=CARTESIAN_POINT('Origin',(128.000001907349,222.450008392334,3.99999994784594));
#2105=CARTESIAN_POINT('',(129.467711746693,222.450008392334,6.99999988079071));
#2106=CARTESIAN_POINT('Origin',(127.985298072591,175.610297427458,0.));
#2107=CARTESIAN_POINT('Origin',(127.87500500679,174.250004291534,0.599999912083149));
#2108=CARTESIAN_POINT('',(188.700008392334,134.800004959106,0.599999912083149));
#2109=CARTESIAN_POINT('',(67.3000049591064,134.800004959106,0.599999912083149));
#2110=CARTESIAN_POINT('',(127.937505841255,134.800004959106,0.599999912083149));
#2111=CARTESIAN_POINT('',(188.700008392334,211.450004577637,0.599999912083149));
#2112=CARTESIAN_POINT('',(188.700008392334,173.687504529953,0.599999912083149));
#2113=CARTESIAN_POINT('',(67.3000049591064,211.450004577637,0.599999912083149));
#2114=CARTESIAN_POINT('',(127.937505841255,211.450004577637,0.599999912083149));
#2115=CARTESIAN_POINT('',(67.3000049591064,173.687504529953,0.599999912083149));
#2116=CARTESIAN_POINT('Origin',(128.00000371355,173.125003034418,1.59999996423721));
#2117=CARTESIAN_POINT('',(94.0015665100712,138.450002670288,1.59999996423721));
#2118=CARTESIAN_POINT('',(66.8250036239624,152.320646498192,1.59999996423721));
#2119=CARTESIAN_POINT('',(189.17501449585,152.320646498192,1.59999996423721));
#2120=CARTESIAN_POINT('',(161.998441244046,138.450002670288,1.59999996423721));
#2121=CARTESIAN_POINT('',(161.998441244046,207.800006866455,1.59999996423721));
#2122=CARTESIAN_POINT('',(189.17501449585,193.929360049763,1.59999996423721));
#2123=CARTESIAN_POINT('',(66.8250036239624,193.929360049763,1.59999996423721));
#2124=CARTESIAN_POINT('',(94.0015665100712,207.800006866455,1.59999996423721));
#2125=CARTESIAN_POINT('',(67.3000049591064,211.450004577637,1.59999996423721));
#2126=CARTESIAN_POINT('',(67.3000049591064,134.800004959106,1.59999996423721));
#2127=CARTESIAN_POINT('',(67.3000049591064,173.125003901395,1.59999996423721));
#2128=CARTESIAN_POINT('',(188.700008392334,211.450004577637,1.59999996423721));
#2129=CARTESIAN_POINT('',(128.000005194635,211.450004577637,1.59999996423721));
#2130=CARTESIAN_POINT('',(188.700008392334,134.800004959106,1.59999996423721));
#2131=CARTESIAN_POINT('',(188.700008392334,173.125003901395,1.59999996423721));
#2132=CARTESIAN_POINT('',(128.000005194635,134.800004959106,1.59999996423721));
#2133=CARTESIAN_POINT('Origin',(188.700008392334,173.125004768372,1.09999993816018));
#2134=CARTESIAN_POINT('',(188.700008392334,134.800004959106,1.09999993816018));
#2135=CARTESIAN_POINT('',(188.700008392334,211.450004577637,1.09999993816018));
#2136=CARTESIAN_POINT('Origin',(128.00000667572,134.800004959106,1.09999993816018));
#2137=CARTESIAN_POINT('',(67.3000049591064,134.800004959106,1.09999993816018));
#2138=CARTESIAN_POINT('Origin',(67.3000049591064,173.125004768372,1.09999993816018));
#2139=CARTESIAN_POINT('',(67.3000049591064,211.450004577637,1.09999993816018));
#2140=CARTESIAN_POINT('Origin',(128.00000667572,211.450004577637,1.09999993816018));
#2141=CARTESIAN_POINT('Origin',(128.000001907349,128.800001144409,3.99999994784594));
#2142=CARTESIAN_POINT('',(129.467711746693,128.800001144409,6.99999988079071));
#2143=CARTESIAN_POINT('Origin',(198.700008392334,173.262505054474,5.90474361553788));
#2144=CARTESIAN_POINT('',(198.700008392334,174.389066855113,6.99999988079071));
#2145=CARTESIAN_POINT('',(198.700008392334,174.389066855113,6.99999988079071));
#2146=CARTESIAN_POINT('Origin',(57.3000049591064,175.625004768372,3.99999994784594));
#2147=CARTESIAN_POINT('',(57.3000049591064,175.570316712062,6.99999988079071));
#2148=CARTESIAN_POINT('Origin',(63.6825490233922,135.305073804194,5.60000002384186));
#2149=CARTESIAN_POINT('',(66.8250036239624,130.800008773804,5.60000002384186));
#2150=CARTESIAN_POINT('',(59.3000030517578,130.800008773804,5.60000002384186));
#2151=CARTESIAN_POINT('',(95.8412772535097,130.800008773804,5.60000002384186));
#2152=CARTESIAN_POINT('',(66.8250036239624,133.41068188308,5.60000002384186));
#2153=CARTESIAN_POINT('',(59.3000030517578,138.450002670288,5.60000002384186));
#2154=CARTESIAN_POINT('',(61.8428391649923,138.450002670288,5.60000002384186));
#2155=CARTESIAN_POINT('',(59.3000030517578,154.840039286283,5.60000002384186));
#2156=CARTESIAN_POINT('Origin',(59.3000030517578,174.375004768372,4.95000004768372));
#2157=CARTESIAN_POINT('',(59.3000030517578,138.450002670288,3.64235343117463));
#2158=CARTESIAN_POINT('',(59.3000030517578,207.800006866455,5.60000002384186));
#2159=CARTESIAN_POINT('',(59.3000030517578,207.800006866455,3.64235343117463));
#2160=CARTESIAN_POINT('',(59.3000030517578,192.684720884455,5.60000002384186));
#2161=CARTESIAN_POINT('',(59.3000030517578,130.800008773804,4.95000004768372));
#2162=CARTESIAN_POINT('Origin',(60.0031293065924,207.800006866455,2.33470681466554));
#2163=CARTESIAN_POINT('',(94.001566610217,207.800006866455,5.60000002384186));
#2164=CARTESIAN_POINT('Origin',(60.0031293065924,138.450002670288,2.33470681466554));
#2165=CARTESIAN_POINT('Origin',(66.8250036239624,214.733717065108,2.33470681466554));
#2166=CARTESIAN_POINT('',(66.8250036239624,215.450000762939,5.60000002384186));
#2167=CARTESIAN_POINT('',(66.8250036239624,215.450000762939,3.21735338945138));
#2168=CARTESIAN_POINT('',(66.8250036239624,212.864077032824,5.60000002384186));
#2169=CARTESIAN_POINT('Origin',(128.000009059906,215.450000762939,4.09999996423721));
#2170=CARTESIAN_POINT('',(189.17501449585,215.450000762939,5.60000002384186));
#2171=CARTESIAN_POINT('',(189.17501449585,215.450000762939,3.21735338945138));
#2172=CARTESIAN_POINT('',(128.000006486874,215.450000762939,5.60000002384186));
#2173=CARTESIAN_POINT('Origin',(189.17501449585,214.733717065108,2.33470681466554));
#2174=CARTESIAN_POINT('',(189.17501449585,212.864077032824,5.60000002384186));
#2175=CARTESIAN_POINT('Origin',(195.996878774543,207.800006866455,2.33470681466554));
#2176=CARTESIAN_POINT('',(196.700000762939,207.800006866455,5.60000002384186));
#2177=CARTESIAN_POINT('',(196.700000762939,207.800006866455,3.64235343117463));
#2178=CARTESIAN_POINT('',(161.998441344192,207.800006866455,5.60000002384186));
#2179=CARTESIAN_POINT('Origin',(196.700000762939,174.375004768372,4.95000004768372));
#2180=CARTESIAN_POINT('',(196.700000762939,130.800008773804,5.60000002384186));
#2181=CARTESIAN_POINT('',(196.700000762939,130.800008773804,4.95000004768372));
#2182=CARTESIAN_POINT('',(196.700000762939,192.684720884455,5.60000002384186));
#2183=CARTESIAN_POINT('',(196.700000762939,138.450002670288,5.60000002384186));
#2184=CARTESIAN_POINT('',(196.700000762939,138.450002670288,3.64235343117463));
#2185=CARTESIAN_POINT('',(196.700000762939,154.840039286283,5.60000002384186));
#2186=CARTESIAN_POINT('Origin',(195.996878774543,138.450002670288,2.33470681466554));
#2187=CARTESIAN_POINT('',(194.157168789417,138.450002670288,5.60000002384186));
#2188=CARTESIAN_POINT('Origin',(189.17501449585,131.516289961965,2.33470681466554));
#2189=CARTESIAN_POINT('',(189.17501449585,130.800008773804,5.60000002384186));
#2190=CARTESIAN_POINT('',(189.17501449585,130.800008773804,3.64235343117463));
#2191=CARTESIAN_POINT('',(189.17501449585,133.41068188308,5.60000002384186));
#2192=CARTESIAN_POINT('Origin',(128.000005483627,130.800008773804,4.95000004768372));
#2193=CARTESIAN_POINT('',(160.158732143959,130.800008773804,5.60000002384186));
#2194=CARTESIAN_POINT('',(66.8250036239624,130.800008773804,3.64235343117463));
#2195=CARTESIAN_POINT('Origin',(66.8250036239624,131.516289961965,2.33470681466554));
#2196=CARTESIAN_POINT('Origin',(192.317458804291,135.305073804194,5.60000002384186));
#2197=CARTESIAN_POINT('Origin',(128.000003913842,210.994437000539,5.60000002384186));
#2198=CARTESIAN_POINT('Origin',(130.935421586037,175.515628655752,6.99999988079071));
#2199=UNCERTAINTY_MEASURE_WITH_UNIT(LENGTH_MEASURE(0.01),#2203,
'DISTANCE_ACCURACY_VALUE',
'Maximum model space distance between geometric entities at asserted c
onnectivities');
#2200=UNCERTAINTY_MEASURE_WITH_UNIT(LENGTH_MEASURE(0.01),#2203,
'DISTANCE_ACCURACY_VALUE',
'Maximum model space distance between geometric entities at asserted c
onnectivities');
#2201=(
GEOMETRIC_REPRESENTATION_CONTEXT(3)
GLOBAL_UNCERTAINTY_ASSIGNED_CONTEXT((#2199))
GLOBAL_UNIT_ASSIGNED_CONTEXT((#2203,#2205,#2206))
REPRESENTATION_CONTEXT('','3D')
);
#2202=(
GEOMETRIC_REPRESENTATION_CONTEXT(3)
GLOBAL_UNCERTAINTY_ASSIGNED_CONTEXT((#2200))
GLOBAL_UNIT_ASSIGNED_CONTEXT((#2203,#2205,#2206))
REPRESENTATION_CONTEXT('','3D')
);
#2203=(
LENGTH_UNIT()
NAMED_UNIT(*)
SI_UNIT(.MILLI.,.METRE.)
);
#2204=(
LENGTH_UNIT()
NAMED_UNIT(*)
SI_UNIT($,.METRE.)
);
#2205=(
NAMED_UNIT(*)
PLANE_ANGLE_UNIT()
SI_UNIT($,.RADIAN.)
);
#2206=(
NAMED_UNIT(*)
SI_UNIT($,.STERADIAN.)
SOLID_ANGLE_UNIT()
);
#2207=SHAPE_DEFINITION_REPRESENTATION(#2208,#2209);
#2208=PRODUCT_DEFINITION_SHAPE('',$,#2211);
#2209=SHAPE_REPRESENTATION('',(#1314),#2201);
#2210=PRODUCT_DEFINITION_CONTEXT('part definition',#2215,'design');
#2211=PRODUCT_DEFINITION('2026-09-26-23-33-28-757','Screen Lid',#2212,#2210);
#2212=PRODUCT_DEFINITION_FORMATION('',$,#2217);
#2213=PRODUCT_RELATED_PRODUCT_CATEGORY('Screen Lid','Screen Lid',(#2217));
#2214=APPLICATION_PROTOCOL_DEFINITION('international standard',
'automotive_design',2009,#2215);
#2215=APPLICATION_CONTEXT(
'Core Data for Automotive Mechanical Design Process');
#2216=PRODUCT_CONTEXT('part definition',#2215,'mechanical');
#2217=PRODUCT('2026-09-26-23-33-28-757','Screen Lid',$,(#2216));
#2218=PRESENTATION_STYLE_ASSIGNMENT((#2219));
#2219=SURFACE_STYLE_USAGE(.BOTH.,#2220);
#2220=SURFACE_SIDE_STYLE('',(#2221));
#2221=SURFACE_STYLE_FILL_AREA(#2222);
#2222=FILL_AREA_STYLE('Steel - Satin',(#2223));
#2223=FILL_AREA_STYLE_COLOUR('Steel - Satin',#2224);
#2224=COLOUR_RGB('Steel - Satin',0.627450980392157,0.627450980392157,0.627450980392157);
ENDSEC;
END-ISO-10303-21;
